document,page_number,char_count,word_count,image_count,nul_count,control_char_count,replacement_char_count,is_sparse,caption_count,has_clustered_captions,has_clustered_dates,reading_order_inversion,is_suspicious,table_count,reasons_str
Artificial-Intelligence-Index-Report-2024-Stanford-University.pdf,1,43,5,0,0,0,0,True,0,False,False,False,True,0,"Sparse text (43 chars, cover/blank page)"
Artificial-Intelligence-Index-Report-2024-Stanford-University.pdf,2,1708,259,0,0,0,0,False,0,False,False,False,False,0,NONE
Artificial-Intelligence-Index-Report-2024-Stanford-University.pdf,3,2871,415,0,0,0,0,False,0,False,False,False,False,0,NONE
Artificial-Intelligence-Index-Report-2024-Stanford-University.pdf,4,764,110,0,0,0,0,False,0,False,False,False,False,0,NONE
Artificial-Intelligence-Index-Report-2024-Stanford-University.pdf,5,2412,354,0,0,0,0,False,0,False,False,False,False,0,NONE
Artificial-Intelligence-Index-Report-2024-Stanford-University.pdf,6,1276,203,0,0,0,0,False,0,False,False,False,False,0,NONE
Artificial-Intelligence-Index-Report-2024-Stanford-University.pdf,7,1452,176,0,0,0,0,False,0,False,False,False,False,0,NONE
Artificial-Intelligence-Index-Report-2024-Stanford-University.pdf,8,1725,269,0,0,2,0,False,0,False,False,False,False,0,NONE
Artificial-Intelligence-Index-Report-2024-Stanford-University.pdf,9,99,12,19,0,0,0,False,0,False,False,False,False,0,NONE
Artificial-Intelligence-Index-Report-2024-Stanford-University.pdf,10,1849,248,0,0,0,0,False,0,False,False,False,False,0,NONE
Artificial-Intelligence-Index-Report-2024-Stanford-University.pdf,11,1315,169,0,0,0,0,False,0,False,False,False,False,0,NONE
Artificial-Intelligence-Index-Report-2024-Stanford-University.pdf,12,1658,228,0,0,0,0,False,0,False,False,False,False,0,NONE
Artificial-Intelligence-Index-Report-2024-Stanford-University.pdf,13,433,63,0,0,0,0,False,0,False,False,False,False,0,NONE
Artificial-Intelligence-Index-Report-2024-Stanford-University.pdf,14,2304,369,0,0,0,0,False,0,False,False,False,False,0,NONE
Artificial-Intelligence-Index-Report-2024-Stanford-University.pdf,15,2440,350,0,0,0,0,False,0,False,False,False,False,0,NONE
Artificial-Intelligence-Index-Report-2024-Stanford-University.pdf,16,780,108,0,0,0,0,False,0,False,False,False,False,0,NONE
Artificial-Intelligence-Index-Report-2024-Stanford-University.pdf,17,2284,325,0,0,0,0,False,0,False,False,False,False,0,NONE
Artificial-Intelligence-Index-Report-2024-Stanford-University.pdf,18,1317,194,0,0,0,0,False,0,False,False,False,False,0,NONE
Artificial-Intelligence-Index-Report-2024-Stanford-University.pdf,19,2436,383,0,0,0,0,False,0,False,False,False,False,0,NONE
Artificial-Intelligence-Index-Report-2024-Stanford-University.pdf,20,1392,216,0,0,0,0,False,0,False,False,False,False,0,NONE
Artificial-Intelligence-Index-Report-2024-Stanford-University.pdf,21,1495,214,0,0,0,0,False,0,False,False,False,False,0,NONE
Artificial-Intelligence-Index-Report-2024-Stanford-University.pdf,22,2276,346,0,0,0,0,False,0,False,False,False,False,0,NONE
Artificial-Intelligence-Index-Report-2024-Stanford-University.pdf,23,495,75,0,0,0,0,False,0,False,False,False,False,0,NONE
Artificial-Intelligence-Index-Report-2024-Stanford-University.pdf,24,1962,311,0,0,0,0,False,0,False,False,False,False,0,NONE
Artificial-Intelligence-Index-Report-2024-Stanford-University.pdf,25,1409,212,0,0,0,0,False,0,False,False,False,False,0,NONE
Artificial-Intelligence-Index-Report-2024-Stanford-University.pdf,26,2082,317,0,0,0,0,False,0,False,False,False,False,0,NONE
Artificial-Intelligence-Index-Report-2024-Stanford-University.pdf,27,79,10,0,0,0,0,False,0,False,False,False,False,0,NONE
Artificial-Intelligence-Index-Report-2024-Stanford-University.pdf,28,906,133,0,0,0,0,False,0,False,False,False,False,0,NONE
Artificial-Intelligence-Index-Report-2024-Stanford-University.pdf,29,396,57,0,0,0,0,False,0,False,False,False,False,0,NONE
Artificial-Intelligence-Index-Report-2024-Stanford-University.pdf,30,2325,372,0,0,0,0,False,0,False,False,False,False,0,NONE
Artificial-Intelligence-Index-Report-2024-Stanford-University.pdf,31,2544,263,0,0,0,0,False,3,False,False,False,False,1,NONE
Artificial-Intelligence-Index-Report-2024-Stanford-University.pdf,32,1228,190,0,0,0,0,False,5,True,False,False,True,0,Orphaned/clustered figure captions (2 in trailing lines)
Artificial-Intelligence-Index-Report-2024-Stanford-University.pdf,33,1118,163,0,0,0,0,False,3,True,True,False,True,0,Orphaned/clustered figure captions (2 in trailing lines); Orphaned dates/timeline badges (2 in trailing lines)
Artificial-Intelligence-Index-Report-2024-Stanford-University.pdf,34,1181,175,0,0,0,0,False,5,True,True,False,True,0,Orphaned/clustered figure captions (2 in trailing lines); Orphaned dates/timeline badges (2 in trailing lines)
Artificial-Intelligence-Index-Report-2024-Stanford-University.pdf,35,1050,98,0,0,0,0,False,2,True,False,False,True,1,Orphaned/clustered figure captions (2 in trailing lines)
Artificial-Intelligence-Index-Report-2024-Stanford-University.pdf,36,1793,135,0,0,0,0,False,3,True,False,False,True,1,Orphaned/clustered figure captions (2 in trailing lines)
Artificial-Intelligence-Index-Report-2024-Stanford-University.pdf,37,2117,167,0,0,0,0,False,3,True,False,False,True,1,Orphaned/clustered figure captions (2 in trailing lines)
Artificial-Intelligence-Index-Report-2024-Stanford-University.pdf,38,2052,231,0,0,0,0,False,3,True,False,False,True,1,Orphaned/clustered figure captions (2 in trailing lines)
Artificial-Intelligence-Index-Report-2024-Stanford-University.pdf,39,1218,194,0,0,0,0,False,3,True,True,False,True,0,Orphaned/clustered figure captions (2 in trailing lines); Orphaned dates/timeline badges (2 in trailing lines)
Artificial-Intelligence-Index-Report-2024-Stanford-University.pdf,40,1273,190,0,0,0,0,False,3,True,False,False,True,1,Orphaned/clustered figure captions (2 in trailing lines)
Artificial-Intelligence-Index-Report-2024-Stanford-University.pdf,41,1175,190,0,0,0,0,False,3,True,True,False,True,0,Orphaned/clustered figure captions (2 in trailing lines); Orphaned dates/timeline badges (2 in trailing lines)
Artificial-Intelligence-Index-Report-2024-Stanford-University.pdf,42,847,135,0,0,0,0,False,3,True,True,False,True,0,Orphaned/clustered figure captions (2 in trailing lines); Orphaned dates/timeline badges (2 in trailing lines)
Artificial-Intelligence-Index-Report-2024-Stanford-University.pdf,43,1580,194,0,0,0,0,False,6,True,False,False,True,1,Orphaned/clustered figure captions (2 in trailing lines)
Artificial-Intelligence-Index-Report-2024-Stanford-University.pdf,44,1349,132,0,0,0,0,False,2,True,False,False,True,1,Orphaned/clustered figure captions (2 in trailing lines)
Artificial-Intelligence-Index-Report-2024-Stanford-University.pdf,45,2598,380,0,0,0,0,False,0,False,False,False,False,0,NONE
Artificial-Intelligence-Index-Report-2024-Stanford-University.pdf,46,1410,204,0,0,0,0,False,3,True,True,False,True,0,Orphaned/clustered figure captions (2 in trailing lines); Orphaned dates/timeline badges (2 in trailing lines)
Artificial-Intelligence-Index-Report-2024-Stanford-University.pdf,47,2473,327,0,0,0,0,False,7,True,False,False,True,1,Orphaned/clustered figure captions (2 in trailing lines)
Artificial-Intelligence-Index-Report-2024-Stanford-University.pdf,48,364,53,0,0,0,0,False,2,True,False,False,True,0,Orphaned/clustered figure captions (2 in trailing lines)
Artificial-Intelligence-Index-Report-2024-Stanford-University.pdf,49,1981,232,0,0,0,0,False,3,True,False,False,True,1,Orphaned/clustered figure captions (2 in trailing lines)
Artificial-Intelligence-Index-Report-2024-Stanford-University.pdf,50,2386,299,0,0,0,0,False,3,False,False,False,False,1,NONE
Artificial-Intelligence-Index-Report-2024-Stanford-University.pdf,51,1511,164,8,0,0,0,False,3,True,False,False,True,1,Orphaned/clustered figure captions (2 in trailing lines)
Artificial-Intelligence-Index-Report-2024-Stanford-University.pdf,52,3056,434,0,0,0,0,False,3,False,False,False,False,1,NONE
Artificial-Intelligence-Index-Report-2024-Stanford-University.pdf,53,1565,231,1,0,0,0,False,4,True,False,False,True,0,Orphaned/clustered figure captions (2 in trailing lines)
Artificial-Intelligence-Index-Report-2024-Stanford-University.pdf,54,2270,298,0,0,0,0,False,4,False,False,False,False,1,NONE
Artificial-Intelligence-Index-Report-2024-Stanford-University.pdf,55,762,120,1,0,0,0,False,4,True,False,False,True,0,Orphaned/clustered figure captions (2 in trailing lines)
Artificial-Intelligence-Index-Report-2024-Stanford-University.pdf,56,2334,310,0,0,0,0,False,3,True,False,False,True,1,Orphaned/clustered figure captions (2 in trailing lines)
Artificial-Intelligence-Index-Report-2024-Stanford-University.pdf,57,723,114,0,0,0,0,False,3,True,True,False,True,0,Orphaned/clustered figure captions (2 in trailing lines); Orphaned dates/timeline badges (2 in trailing lines)
Artificial-Intelligence-Index-Report-2024-Stanford-University.pdf,58,852,122,0,0,0,0,False,3,True,True,False,True,0,Orphaned/clustered figure captions (2 in trailing lines); Orphaned dates/timeline badges (2 in trailing lines)
Artificial-Intelligence-Index-Report-2024-Stanford-University.pdf,59,1556,168,0,0,0,0,False,3,True,False,False,True,1,Orphaned/clustered figure captions (2 in trailing lines)
Artificial-Intelligence-Index-Report-2024-Stanford-University.pdf,60,1682,176,0,0,0,0,False,3,True,False,False,True,1,Orphaned/clustered figure captions (2 in trailing lines)
Artificial-Intelligence-Index-Report-2024-Stanford-University.pdf,61,2091,265,0,0,0,0,False,6,True,True,False,True,1,Orphaned/clustered figure captions (2 in trailing lines); Orphaned dates/timeline badges (2 in trailing lines)
Artificial-Intelligence-Index-Report-2024-Stanford-University.pdf,62,632,94,0,0,0,0,False,3,True,False,False,True,0,Orphaned/clustered figure captions (2 in trailing lines)
Artificial-Intelligence-Index-Report-2024-Stanford-University.pdf,63,2698,395,0,0,0,0,False,1,False,False,False,False,0,NONE
Artificial-Intelligence-Index-Report-2024-Stanford-University.pdf,64,6802,431,0,0,0,0,False,13,True,False,False,True,2,Orphaned/clustered figure captions (2 in trailing lines)
Artificial-Intelligence-Index-Report-2024-Stanford-University.pdf,65,1025,129,6,0,0,0,False,3,True,False,False,True,1,Orphaned/clustered figure captions (2 in trailing lines)
Artificial-Intelligence-Index-Report-2024-Stanford-University.pdf,66,1772,275,0,0,0,0,False,3,False,False,False,False,0,NONE
Artificial-Intelligence-Index-Report-2024-Stanford-University.pdf,67,929,140,0,0,0,0,False,4,True,True,False,True,0,Orphaned/clustered figure captions (2 in trailing lines); Orphaned dates/timeline badges (2 in trailing lines)
Artificial-Intelligence-Index-Report-2024-Stanford-University.pdf,68,517,81,0,0,0,0,False,2,True,True,False,True,0,Orphaned/clustered figure captions (2 in trailing lines); Orphaned dates/timeline badges (2 in trailing lines)
Artificial-Intelligence-Index-Report-2024-Stanford-University.pdf,69,2188,329,0,0,0,0,False,3,False,False,False,False,0,NONE
Artificial-Intelligence-Index-Report-2024-Stanford-University.pdf,70,1029,164,0,0,0,0,False,3,True,True,False,True,0,Orphaned/clustered figure captions (2 in trailing lines); Orphaned dates/timeline badges (2 in trailing lines)
Artificial-Intelligence-Index-Report-2024-Stanford-University.pdf,71,1397,219,0,0,0,0,False,3,True,True,False,True,0,Orphaned/clustered figure captions (2 in trailing lines); Orphaned dates/timeline badges (2 in trailing lines)
Artificial-Intelligence-Index-Report-2024-Stanford-University.pdf,72,897,141,0,0,0,0,False,3,True,True,False,True,0,Orphaned/clustered figure captions (2 in trailing lines); Orphaned dates/timeline badges (2 in trailing lines)
Artificial-Intelligence-Index-Report-2024-Stanford-University.pdf,73,75,9,0,0,0,0,True,0,False,False,False,True,0,"Sparse text (75 chars, cover/blank page)"
Artificial-Intelligence-Index-Report-2024-Stanford-University.pdf,74,1739,217,0,0,0,0,False,0,False,False,False,False,0,NONE
Artificial-Intelligence-Index-Report-2024-Stanford-University.pdf,75,1523,187,0,0,0,0,False,0,False,False,False,False,0,NONE
Artificial-Intelligence-Index-Report-2024-Stanford-University.pdf,76,833,116,0,0,0,0,False,0,False,False,False,False,0,NONE
Artificial-Intelligence-Index-Report-2024-Stanford-University.pdf,77,3148,450,0,0,0,0,False,0,False,False,False,False,0,NONE
Artificial-Intelligence-Index-Report-2024-Stanford-University.pdf,78,1593,162,4,0,0,0,False,5,False,True,False,True,1,Orphaned dates/timeline badges (3 in trailing lines)
Artificial-Intelligence-Index-Report-2024-Stanford-University.pdf,79,1692,157,6,0,0,0,False,8,False,True,False,True,1,Orphaned dates/timeline badges (3 in trailing lines)
Artificial-Intelligence-Index-Report-2024-Stanford-University.pdf,80,1548,128,5,0,0,0,False,7,False,True,False,True,1,Orphaned dates/timeline badges (3 in trailing lines)
Artificial-Intelligence-Index-Report-2024-Stanford-University.pdf,81,2685,378,0,0,0,0,False,4,False,False,False,False,1,NONE
Artificial-Intelligence-Index-Report-2024-Stanford-University.pdf,82,2581,308,0,0,0,0,False,4,False,False,False,False,1,NONE
Artificial-Intelligence-Index-Report-2024-Stanford-University.pdf,83,1101,143,0,0,0,0,False,3,False,False,False,False,1,NONE
Artificial-Intelligence-Index-Report-2024-Stanford-University.pdf,84,1411,149,0,0,0,0,False,3,True,False,False,True,1,Orphaned/clustered figure captions (2 in trailing lines)
Artificial-Intelligence-Index-Report-2024-Stanford-University.pdf,85,747,107,2,0,0,0,False,6,True,False,False,True,0,Orphaned/clustered figure captions (3 in trailing lines)
Artificial-Intelligence-Index-Report-2024-Stanford-University.pdf,86,3676,385,0,0,0,0,False,5,False,False,False,False,2,NONE
Artificial-Intelligence-Index-Report-2024-Stanford-University.pdf,87,1510,220,1,0,0,0,False,6,True,True,False,True,1,Orphaned/clustered figure captions (2 in trailing lines); Orphaned dates/timeline badges (2 in trailing lines)
Artificial-Intelligence-Index-Report-2024-Stanford-University.pdf,88,951,139,1,0,0,0,False,4,True,False,False,True,0,Orphaned/clustered figure captions (3 in trailing lines)
Artificial-Intelligence-Index-Report-2024-Stanford-University.pdf,89,520,67,0,0,0,0,False,2,True,False,False,True,0,Orphaned/clustered figure captions (2 in trailing lines)
Artificial-Intelligence-Index-Report-2024-Stanford-University.pdf,90,1467,199,1,0,0,0,False,4,False,False,False,False,0,NONE
Artificial-Intelligence-Index-Report-2024-Stanford-University.pdf,91,359,54,0,0,0,0,False,2,True,True,False,True,0,Orphaned/clustered figure captions (2 in trailing lines); Orphaned dates/timeline badges (2 in trailing lines)
Artificial-Intelligence-Index-Report-2024-Stanford-University.pdf,92,1550,211,1,0,0,0,False,4,False,False,False,False,0,NONE
Artificial-Intelligence-Index-Report-2024-Stanford-University.pdf,93,848,66,0,0,0,0,False,2,True,False,False,True,1,Orphaned/clustered figure captions (2 in trailing lines)
Artificial-Intelligence-Index-Report-2024-Stanford-University.pdf,94,1281,184,1,0,0,0,False,6,True,False,False,True,0,Orphaned/clustered figure captions (2 in trailing lines)
Artificial-Intelligence-Index-Report-2024-Stanford-University.pdf,95,2160,250,1,0,0,0,False,6,True,False,False,True,1,Orphaned/clustered figure captions (2 in trailing lines)
Artificial-Intelligence-Index-Report-2024-Stanford-University.pdf,96,1547,221,9,0,0,0,False,6,True,False,False,True,0,Orphaned/clustered figure captions (2 in trailing lines)
Artificial-Intelligence-Index-Report-2024-Stanford-University.pdf,97,3739,411,0,0,0,0,False,5,False,False,False,False,2,NONE
Artificial-Intelligence-Index-Report-2024-Stanford-University.pdf,98,1595,210,1,0,0,0,False,6,True,False,False,True,1,Orphaned/clustered figure captions (2 in trailing lines)
Artificial-Intelligence-Index-Report-2024-Stanford-University.pdf,99,2887,239,1,0,0,0,False,6,True,False,False,True,1,Orphaned/clustered figure captions (2 in trailing lines)
Artificial-Intelligence-Index-Report-2024-Stanford-University.pdf,100,1427,200,1,0,0,0,False,6,True,False,False,True,0,Orphaned/clustered figure captions (2 in trailing lines)
Artificial-Intelligence-Index-Report-2024-Stanford-University.pdf,101,1630,226,1,0,0,0,False,4,True,False,False,True,0,Orphaned/clustered figure captions (3 in trailing lines)
Artificial-Intelligence-Index-Report-2024-Stanford-University.pdf,102,9553,463,0,0,0,0,False,12,False,False,False,False,2,NONE
Artificial-Intelligence-Index-Report-2024-Stanford-University.pdf,103,762,98,1,0,0,0,False,4,True,False,False,True,0,Orphaned/clustered figure captions (3 in trailing lines)
Artificial-Intelligence-Index-Report-2024-Stanford-University.pdf,104,1245,107,0,0,0,0,False,2,True,False,False,True,2,Orphaned/clustered figure captions (2 in trailing lines)
Artificial-Intelligence-Index-Report-2024-Stanford-University.pdf,105,1505,213,1,0,0,0,False,4,False,False,False,False,0,NONE
Artificial-Intelligence-Index-Report-2024-Stanford-University.pdf,106,1349,116,0,0,0,0,False,2,True,False,False,True,1,Orphaned/clustered figure captions (2 in trailing lines)
Artificial-Intelligence-Index-Report-2024-Stanford-University.pdf,107,1760,183,1,0,0,0,False,6,True,False,False,True,1,Orphaned/clustered figure captions (2 in trailing lines)
Artificial-Intelligence-Index-Report-2024-Stanford-University.pdf,108,2541,202,1,0,0,0,False,6,True,False,False,True,2,Orphaned/clustered figure captions (2 in trailing lines)
Artificial-Intelligence-Index-Report-2024-Stanford-University.pdf,109,1274,142,1,0,0,0,False,7,True,False,False,True,1,Orphaned/clustered figure captions (2 in trailing lines)
Artificial-Intelligence-Index-Report-2024-Stanford-University.pdf,110,5440,474,1,0,0,0,False,18,True,False,False,True,1,Orphaned/clustered figure captions (2 in trailing lines)
Artificial-Intelligence-Index-Report-2024-Stanford-University.pdf,111,2281,230,1,0,0,0,False,6,True,True,False,True,1,Orphaned/clustered figure captions (2 in trailing lines); Orphaned dates/timeline badges (2 in trailing lines)
Artificial-Intelligence-Index-Report-2024-Stanford-University.pdf,112,2721,389,0,0,0,0,False,1,False,False,False,False,0,NONE
Artificial-Intelligence-Index-Report-2024-Stanford-University.pdf,113,236,33,1,0,0,0,False,2,True,False,False,True,0,Orphaned/clustered figure captions (3 in trailing lines)
Artificial-Intelligence-Index-Report-2024-Stanford-University.pdf,114,1957,123,0,0,0,0,False,4,True,False,False,True,2,Orphaned/clustered figure captions (2 in trailing lines)
Artificial-Intelligence-Index-Report-2024-Stanford-University.pdf,115,1735,207,1,0,0,0,False,5,True,False,False,True,1,Orphaned/clustered figure captions (2 in trailing lines)
Artificial-Intelligence-Index-Report-2024-Stanford-University.pdf,116,1945,247,1,0,0,0,False,6,True,False,False,True,1,Orphaned/clustered figure captions (2 in trailing lines)
Artificial-Intelligence-Index-Report-2024-Stanford-University.pdf,117,1037,142,1,0,0,0,False,4,True,False,False,True,0,Orphaned/clustered figure captions (3 in trailing lines)
Artificial-Intelligence-Index-Report-2024-Stanford-University.pdf,118,305,45,0,0,0,0,False,2,True,True,False,True,0,Orphaned/clustered figure captions (2 in trailing lines); Orphaned dates/timeline badges (2 in trailing lines)
Artificial-Intelligence-Index-Report-2024-Stanford-University.pdf,119,985,145,1,0,0,0,False,6,False,False,False,False,1,NONE
Artificial-Intelligence-Index-Report-2024-Stanford-University.pdf,120,1560,223,0,0,0,0,False,2,True,False,False,True,1,Orphaned/clustered figure captions (2 in trailing lines)
Artificial-Intelligence-Index-Report-2024-Stanford-University.pdf,121,1444,209,1,0,0,0,False,6,True,True,False,True,1,Orphaned/clustered figure captions (2 in trailing lines); Orphaned dates/timeline badges (2 in trailing lines)
Artificial-Intelligence-Index-Report-2024-Stanford-University.pdf,122,1846,269,1,0,0,0,False,4,False,False,False,False,0,NONE
Artificial-Intelligence-Index-Report-2024-Stanford-University.pdf,123,1586,84,0,0,0,0,False,2,True,True,False,True,1,Orphaned/clustered figure captions (2 in trailing lines); Orphaned dates/timeline badges (2 in trailing lines)
Artificial-Intelligence-Index-Report-2024-Stanford-University.pdf,124,1943,265,1,0,0,0,False,6,True,False,False,True,0,Orphaned/clustered figure captions (3 in trailing lines)
Artificial-Intelligence-Index-Report-2024-Stanford-University.pdf,125,24948,896,0,0,0,0,False,43,True,False,False,True,4,Orphaned/clustered figure captions (2 in trailing lines)
Artificial-Intelligence-Index-Report-2024-Stanford-University.pdf,126,19613,604,1,0,0,0,False,21,True,False,False,True,1,Orphaned/clustered figure captions (2 in trailing lines)
Artificial-Intelligence-Index-Report-2024-Stanford-University.pdf,127,711,100,0,0,0,0,False,0,False,False,False,False,0,NONE
Artificial-Intelligence-Index-Report-2024-Stanford-University.pdf,128,3039,276,0,0,0,0,False,3,True,False,False,True,6,Orphaned/clustered figure captions (2 in trailing lines)
Artificial-Intelligence-Index-Report-2024-Stanford-University.pdf,129,1526,212,0,0,0,0,False,1,False,False,False,False,0,NONE
Artificial-Intelligence-Index-Report-2024-Stanford-University.pdf,130,3244,203,0,0,0,0,False,2,True,False,False,True,4,Orphaned/clustered figure captions (2 in trailing lines)
Artificial-Intelligence-Index-Report-2024-Stanford-University.pdf,131,1582,212,1,0,0,0,False,4,True,False,False,True,0,Orphaned/clustered figure captions (3 in trailing lines)
Artificial-Intelligence-Index-Report-2024-Stanford-University.pdf,132,1480,80,0,0,0,0,False,2,True,True,False,True,1,Orphaned/clustered figure captions (2 in trailing lines); Orphaned dates/timeline badges (2 in trailing lines)
Artificial-Intelligence-Index-Report-2024-Stanford-University.pdf,133,2112,268,1,0,0,0,False,6,True,False,False,True,1,Orphaned/clustered figure captions (2 in trailing lines)
Artificial-Intelligence-Index-Report-2024-Stanford-University.pdf,134,3738,381,0,0,0,0,False,3,False,False,False,False,1,NONE
Artificial-Intelligence-Index-Report-2024-Stanford-University.pdf,135,2421,342,0,0,0,0,False,3,False,False,False,False,0,NONE
Artificial-Intelligence-Index-Report-2024-Stanford-University.pdf,136,1252,139,1,0,0,0,False,6,True,False,False,True,2,Orphaned/clustered figure captions (2 in trailing lines)
Artificial-Intelligence-Index-Report-2024-Stanford-University.pdf,137,3250,252,0,0,0,0,False,3,True,False,False,True,1,Orphaned/clustered figure captions (2 in trailing lines)
Artificial-Intelligence-Index-Report-2024-Stanford-University.pdf,138,2217,314,0,0,0,0,False,6,True,False,False,True,2,Orphaned/clustered figure captions (2 in trailing lines)
Artificial-Intelligence-Index-Report-2024-Stanford-University.pdf,139,2174,268,0,0,0,0,False,5,True,False,False,True,2,Orphaned/clustered figure captions (2 in trailing lines)
Artificial-Intelligence-Index-Report-2024-Stanford-University.pdf,140,1572,209,0,0,0,0,False,2,True,False,False,True,1,Orphaned/clustered figure captions (2 in trailing lines)
Artificial-Intelligence-Index-Report-2024-Stanford-University.pdf,141,1892,271,0,0,0,0,False,1,False,False,False,False,0,NONE
Artificial-Intelligence-Index-Report-2024-Stanford-University.pdf,142,348,47,1,0,0,0,False,2,True,False,False,True,0,Orphaned/clustered figure captions (3 in trailing lines)
Artificial-Intelligence-Index-Report-2024-Stanford-University.pdf,143,1439,211,0,0,0,0,False,1,False,False,False,False,0,NONE
Artificial-Intelligence-Index-Report-2024-Stanford-University.pdf,144,2172,230,0,0,0,0,False,2,False,False,False,False,8,NONE
Artificial-Intelligence-Index-Report-2024-Stanford-University.pdf,145,2017,212,0,0,0,0,False,3,True,False,False,True,1,Orphaned/clustered figure captions (2 in trailing lines)
Artificial-Intelligence-Index-Report-2024-Stanford-University.pdf,146,2706,356,0,0,0,0,False,2,True,False,False,True,1,Orphaned/clustered figure captions (2 in trailing lines)
Artificial-Intelligence-Index-Report-2024-Stanford-University.pdf,147,840,87,0,0,0,0,False,2,True,False,False,True,1,Orphaned/clustered figure captions (2 in trailing lines)
Artificial-Intelligence-Index-Report-2024-Stanford-University.pdf,148,1468,212,1,0,0,0,False,4,True,False,False,True,0,Orphaned/clustered figure captions (2 in trailing lines)
Artificial-Intelligence-Index-Report-2024-Stanford-University.pdf,149,1724,146,0,0,0,0,False,2,True,False,False,True,3,Orphaned/clustered figure captions (2 in trailing lines)
Artificial-Intelligence-Index-Report-2024-Stanford-University.pdf,150,2160,226,1,0,0,0,False,6,True,False,False,True,0,Orphaned/clustered figure captions (2 in trailing lines)
Artificial-Intelligence-Index-Report-2024-Stanford-University.pdf,151,2872,307,0,0,0,0,False,2,True,False,False,True,1,Orphaned/clustered figure captions (2 in trailing lines)
Artificial-Intelligence-Index-Report-2024-Stanford-University.pdf,152,1547,209,1,0,0,0,False,4,True,False,False,True,0,Orphaned/clustered figure captions (3 in trailing lines)
Artificial-Intelligence-Index-Report-2024-Stanford-University.pdf,153,752,91,0,0,0,0,False,2,True,False,False,True,0,Orphaned/clustered figure captions (2 in trailing lines)
Artificial-Intelligence-Index-Report-2024-Stanford-University.pdf,154,3148,415,0,0,0,0,False,3,True,False,False,True,1,Orphaned/clustered figure captions (2 in trailing lines)
Artificial-Intelligence-Index-Report-2024-Stanford-University.pdf,155,2130,270,0,0,0,0,False,6,True,False,False,True,2,Orphaned/clustered figure captions (2 in trailing lines)
Artificial-Intelligence-Index-Report-2024-Stanford-University.pdf,156,1938,277,0,0,0,0,False,3,True,False,False,True,0,Orphaned/clustered figure captions (2 in trailing lines)
Artificial-Intelligence-Index-Report-2024-Stanford-University.pdf,157,1501,194,0,0,0,0,False,4,True,False,False,True,1,Orphaned/clustered figure captions (2 in trailing lines)
Artificial-Intelligence-Index-Report-2024-Stanford-University.pdf,158,102,15,0,0,0,0,False,0,False,False,False,False,0,NONE
Artificial-Intelligence-Index-Report-2024-Stanford-University.pdf,159,1910,256,0,0,0,0,False,0,False,False,False,False,0,NONE
Artificial-Intelligence-Index-Report-2024-Stanford-University.pdf,160,1114,167,0,0,0,0,False,0,False,False,False,False,0,NONE
Artificial-Intelligence-Index-Report-2024-Stanford-University.pdf,161,2296,326,0,0,0,0,False,0,False,False,False,False,0,NONE
Artificial-Intelligence-Index-Report-2024-Stanford-University.pdf,162,1341,197,0,0,0,0,False,0,False,False,False,False,0,NONE
Artificial-Intelligence-Index-Report-2024-Stanford-University.pdf,163,4520,557,0,0,0,0,False,4,True,False,False,True,1,Orphaned/clustered figure captions (2 in trailing lines)
Artificial-Intelligence-Index-Report-2024-Stanford-University.pdf,164,2829,306,0,0,0,0,False,3,False,False,False,False,1,NONE
Artificial-Intelligence-Index-Report-2024-Stanford-University.pdf,165,2338,341,2,0,0,0,False,6,False,False,False,False,0,NONE
Artificial-Intelligence-Index-Report-2024-Stanford-University.pdf,166,4665,406,0,0,0,0,False,4,False,False,False,False,1,NONE
Artificial-Intelligence-Index-Report-2024-Stanford-University.pdf,167,1815,217,0,0,0,0,False,3,False,False,False,False,1,NONE
Artificial-Intelligence-Index-Report-2024-Stanford-University.pdf,168,2937,252,0,0,0,0,False,3,True,False,False,True,1,Orphaned/clustered figure captions (2 in trailing lines)
Artificial-Intelligence-Index-Report-2024-Stanford-University.pdf,169,1857,259,0,0,0,0,False,4,False,False,False,False,1,NONE
Artificial-Intelligence-Index-Report-2024-Stanford-University.pdf,170,1748,214,0,0,0,0,False,3,True,False,False,True,1,Orphaned/clustered figure captions (2 in trailing lines)
Artificial-Intelligence-Index-Report-2024-Stanford-University.pdf,171,1800,229,0,0,0,0,False,3,True,False,False,True,1,Orphaned/clustered figure captions (2 in trailing lines)
Artificial-Intelligence-Index-Report-2024-Stanford-University.pdf,172,2163,322,0,0,0,0,False,0,False,False,False,False,0,NONE
Artificial-Intelligence-Index-Report-2024-Stanford-University.pdf,173,2528,248,0,0,0,0,False,3,True,False,False,True,1,Orphaned/clustered figure captions (2 in trailing lines)
Artificial-Intelligence-Index-Report-2024-Stanford-University.pdf,174,4190,568,0,0,0,0,False,6,False,False,False,False,2,NONE
Artificial-Intelligence-Index-Report-2024-Stanford-University.pdf,175,2561,382,1,0,0,0,False,4,False,False,False,False,0,NONE
Artificial-Intelligence-Index-Report-2024-Stanford-University.pdf,176,1384,83,0,0,0,0,False,2,True,False,False,True,1,Orphaned/clustered figure captions (2 in trailing lines)
Artificial-Intelligence-Index-Report-2024-Stanford-University.pdf,177,3738,276,0,0,0,0,False,3,True,False,False,True,1,Orphaned/clustered figure captions (2 in trailing lines)
Artificial-Intelligence-Index-Report-2024-Stanford-University.pdf,178,1431,198,3,0,0,0,False,9,True,False,False,True,0,Orphaned/clustered figure captions (4 in trailing lines)
Artificial-Intelligence-Index-Report-2024-Stanford-University.pdf,179,2024,308,0,0,0,0,False,3,True,False,False,True,0,Orphaned/clustered figure captions (2 in trailing lines)
Artificial-Intelligence-Index-Report-2024-Stanford-University.pdf,180,1799,241,0,0,0,0,False,0,False,False,False,False,0,NONE
Artificial-Intelligence-Index-Report-2024-Stanford-University.pdf,181,2173,153,0,0,0,0,False,3,True,False,False,True,1,Orphaned/clustered figure captions (2 in trailing lines)
Artificial-Intelligence-Index-Report-2024-Stanford-University.pdf,182,3719,491,0,0,0,0,False,6,False,False,False,False,2,NONE
Artificial-Intelligence-Index-Report-2024-Stanford-University.pdf,183,2950,322,11,0,0,0,False,3,True,False,False,True,1,Orphaned/clustered figure captions (2 in trailing lines)
Artificial-Intelligence-Index-Report-2024-Stanford-University.pdf,184,1563,156,0,0,0,0,False,5,True,False,False,True,1,Orphaned/clustered figure captions (2 in trailing lines)
Artificial-Intelligence-Index-Report-2024-Stanford-University.pdf,185,1739,232,1,0,0,0,False,3,True,False,False,True,0,Orphaned/clustered figure captions (3 in trailing lines)
Artificial-Intelligence-Index-Report-2024-Stanford-University.pdf,186,2283,316,0,0,0,0,False,0,False,False,False,False,0,NONE
Artificial-Intelligence-Index-Report-2024-Stanford-University.pdf,187,1685,127,0,0,0,0,False,3,True,False,False,True,1,Orphaned/clustered figure captions (2 in trailing lines)
Artificial-Intelligence-Index-Report-2024-Stanford-University.pdf,188,3482,468,0,0,0,0,False,5,False,False,False,False,2,NONE
Artificial-Intelligence-Index-Report-2024-Stanford-University.pdf,189,3225,416,0,0,0,0,False,6,False,False,False,False,2,NONE
Artificial-Intelligence-Index-Report-2024-Stanford-University.pdf,190,1450,185,0,0,0,0,False,2,True,False,False,True,1,Orphaned/clustered figure captions (2 in trailing lines)
Artificial-Intelligence-Index-Report-2024-Stanford-University.pdf,191,2430,325,1,0,0,0,False,4,True,False,False,True,1,Orphaned/clustered figure captions (2 in trailing lines)
Artificial-Intelligence-Index-Report-2024-Stanford-University.pdf,192,881,86,0,0,0,0,False,2,True,False,False,True,1,Orphaned/clustered figure captions (2 in trailing lines)
Artificial-Intelligence-Index-Report-2024-Stanford-University.pdf,193,1691,229,1,0,0,0,False,4,True,False,False,True,0,Orphaned/clustered figure captions (3 in trailing lines)
Artificial-Intelligence-Index-Report-2024-Stanford-University.pdf,194,2048,97,0,0,0,0,False,2,True,False,False,True,1,Orphaned/clustered figure captions (2 in trailing lines)
Artificial-Intelligence-Index-Report-2024-Stanford-University.pdf,195,2099,292,1,0,0,0,False,3,False,False,False,False,0,NONE
Artificial-Intelligence-Index-Report-2024-Stanford-University.pdf,196,780,88,1,0,0,0,False,2,True,False,False,True,1,Orphaned/clustered figure captions (2 in trailing lines)
Artificial-Intelligence-Index-Report-2024-Stanford-University.pdf,197,2940,287,0,0,0,0,False,3,True,False,False,True,1,Orphaned/clustered figure captions (2 in trailing lines)
Artificial-Intelligence-Index-Report-2024-Stanford-University.pdf,198,3558,469,0,0,0,0,False,6,False,False,False,False,2,NONE
Artificial-Intelligence-Index-Report-2024-Stanford-University.pdf,199,2740,399,1,0,0,0,False,4,True,False,False,True,1,Orphaned/clustered figure captions (2 in trailing lines)
Artificial-Intelligence-Index-Report-2024-Stanford-University.pdf,200,2777,257,1,0,0,0,False,6,True,False,False,True,1,Orphaned/clustered figure captions (2 in trailing lines)
Artificial-Intelligence-Index-Report-2024-Stanford-University.pdf,201,1729,244,1,0,0,0,False,4,True,False,False,True,0,Orphaned/clustered figure captions (3 in trailing lines)
Artificial-Intelligence-Index-Report-2024-Stanford-University.pdf,202,350,48,0,0,0,0,False,2,True,False,False,True,0,Orphaned/clustered figure captions (2 in trailing lines)
Artificial-Intelligence-Index-Report-2024-Stanford-University.pdf,203,2777,418,0,0,0,0,False,6,True,False,False,True,1,Orphaned/clustered figure captions (2 in trailing lines)
Artificial-Intelligence-Index-Report-2024-Stanford-University.pdf,204,2195,195,0,0,0,0,False,2,True,False,False,True,1,Orphaned/clustered figure captions (2 in trailing lines)
Artificial-Intelligence-Index-Report-2024-Stanford-University.pdf,205,2096,289,0,0,0,0,False,3,False,False,False,False,0,NONE
Artificial-Intelligence-Index-Report-2024-Stanford-University.pdf,206,1389,196,1,0,0,0,False,3,False,False,False,False,0,NONE
Artificial-Intelligence-Index-Report-2024-Stanford-University.pdf,207,2232,321,0,0,0,0,False,3,True,False,False,True,0,Orphaned/clustered figure captions (2 in trailing lines)
Artificial-Intelligence-Index-Report-2024-Stanford-University.pdf,208,2133,180,0,0,0,0,False,3,True,False,False,True,1,Orphaned/clustered figure captions (2 in trailing lines)
Artificial-Intelligence-Index-Report-2024-Stanford-University.pdf,209,1696,171,0,0,0,0,False,2,True,False,False,True,1,Orphaned/clustered figure captions (2 in trailing lines)
Artificial-Intelligence-Index-Report-2024-Stanford-University.pdf,210,2169,323,0,0,0,0,False,3,True,False,False,True,2,Orphaned/clustered figure captions (2 in trailing lines)
Artificial-Intelligence-Index-Report-2024-Stanford-University.pdf,211,1969,292,0,0,0,0,False,3,True,False,False,True,0,Orphaned/clustered figure captions (2 in trailing lines)
Artificial-Intelligence-Index-Report-2024-Stanford-University.pdf,212,5326,467,1,0,0,0,False,8,False,False,False,False,3,NONE
Artificial-Intelligence-Index-Report-2024-Stanford-University.pdf,213,61,8,0,0,0,0,True,0,False,False,False,True,0,"Sparse text (61 chars, cover/blank page)"
Artificial-Intelligence-Index-Report-2024-Stanford-University.pdf,214,1335,196,0,0,0,0,False,0,False,False,False,False,0,NONE
Artificial-Intelligence-Index-Report-2024-Stanford-University.pdf,215,1377,189,0,0,0,0,False,0,False,False,False,False,0,NONE
Artificial-Intelligence-Index-Report-2024-Stanford-University.pdf,216,2458,386,0,0,0,0,False,0,False,False,False,False,0,NONE
Artificial-Intelligence-Index-Report-2024-Stanford-University.pdf,217,1433,221,0,0,0,0,False,0,False,False,False,False,0,NONE
Artificial-Intelligence-Index-Report-2024-Stanford-University.pdf,218,1706,249,4,0,0,0,False,8,True,False,False,True,0,Orphaned/clustered figure captions (3 in trailing lines)
Artificial-Intelligence-Index-Report-2024-Stanford-University.pdf,219,1339,188,4,0,0,0,False,8,True,False,False,True,0,Orphaned/clustered figure captions (3 in trailing lines)
Artificial-Intelligence-Index-Report-2024-Stanford-University.pdf,220,2106,305,4,0,0,0,False,8,True,False,False,True,0,Orphaned/clustered figure captions (2 in trailing lines)
Artificial-Intelligence-Index-Report-2024-Stanford-University.pdf,221,2062,294,4,0,0,0,False,8,True,False,False,True,0,Orphaned/clustered figure captions (3 in trailing lines)
Artificial-Intelligence-Index-Report-2024-Stanford-University.pdf,222,1136,167,2,0,0,0,False,4,False,False,False,False,0,NONE
Artificial-Intelligence-Index-Report-2024-Stanford-University.pdf,223,2326,365,0,0,0,0,False,3,True,False,False,True,0,Orphaned/clustered figure captions (2 in trailing lines)
Artificial-Intelligence-Index-Report-2024-Stanford-University.pdf,224,1224,190,0,0,0,0,False,3,True,False,False,True,0,Orphaned/clustered figure captions (2 in trailing lines)
Artificial-Intelligence-Index-Report-2024-Stanford-University.pdf,225,1764,228,0,0,0,0,False,4,False,False,False,False,1,NONE
Artificial-Intelligence-Index-Report-2024-Stanford-University.pdf,226,1081,138,0,0,0,0,False,3,True,False,False,True,1,Orphaned/clustered figure captions (2 in trailing lines)
Artificial-Intelligence-Index-Report-2024-Stanford-University.pdf,227,984,129,0,0,0,0,False,3,True,False,False,True,1,Orphaned/clustered figure captions (2 in trailing lines)
Artificial-Intelligence-Index-Report-2024-Stanford-University.pdf,228,3029,273,0,0,0,0,False,3,True,False,False,True,1,Orphaned/clustered figure captions (2 in trailing lines)
Artificial-Intelligence-Index-Report-2024-Stanford-University.pdf,229,2916,151,0,0,0,0,False,6,True,False,False,True,2,Orphaned/clustered figure captions (2 in trailing lines)
Artificial-Intelligence-Index-Report-2024-Stanford-University.pdf,230,2178,193,0,0,0,0,False,6,True,False,False,True,1,Orphaned/clustered figure captions (2 in trailing lines)
Artificial-Intelligence-Index-Report-2024-Stanford-University.pdf,231,726,115,0,0,0,0,False,3,True,False,False,True,0,Orphaned/clustered figure captions (2 in trailing lines)
Artificial-Intelligence-Index-Report-2024-Stanford-University.pdf,232,3096,450,0,0,0,0,False,5,False,False,False,False,1,NONE
Artificial-Intelligence-Index-Report-2024-Stanford-University.pdf,233,12891,178,0,0,0,0,False,2,False,False,False,False,7,NONE
Artificial-Intelligence-Index-Report-2024-Stanford-University.pdf,234,1999,288,0,0,0,0,False,2,True,False,False,True,1,Orphaned/clustered figure captions (2 in trailing lines)
Artificial-Intelligence-Index-Report-2024-Stanford-University.pdf,235,1793,205,0,0,0,0,False,3,True,False,False,True,1,Orphaned/clustered figure captions (2 in trailing lines)
Artificial-Intelligence-Index-Report-2024-Stanford-University.pdf,236,2969,359,0,0,0,0,False,6,True,False,False,True,2,Orphaned/clustered figure captions (2 in trailing lines)
Artificial-Intelligence-Index-Report-2024-Stanford-University.pdf,237,2137,329,0,0,0,0,False,2,True,False,False,True,0,Orphaned/clustered figure captions (2 in trailing lines)
Artificial-Intelligence-Index-Report-2024-Stanford-University.pdf,238,2391,322,0,0,0,0,False,4,False,False,False,False,1,NONE
Artificial-Intelligence-Index-Report-2024-Stanford-University.pdf,239,8172,351,0,0,0,0,False,3,False,False,False,False,17,NONE
Artificial-Intelligence-Index-Report-2024-Stanford-University.pdf,240,1206,174,0,0,0,0,False,1,False,False,False,False,0,NONE
Artificial-Intelligence-Index-Report-2024-Stanford-University.pdf,241,4014,219,0,0,0,0,False,2,True,False,False,True,1,Orphaned/clustered figure captions (2 in trailing lines)
Artificial-Intelligence-Index-Report-2024-Stanford-University.pdf,242,3416,275,0,0,0,0,False,3,True,False,False,True,1,Orphaned/clustered figure captions (2 in trailing lines)
Artificial-Intelligence-Index-Report-2024-Stanford-University.pdf,243,1748,151,0,0,0,0,False,3,True,False,False,True,1,Orphaned/clustered figure captions (2 in trailing lines)
Artificial-Intelligence-Index-Report-2024-Stanford-University.pdf,244,953,121,0,0,0,0,False,3,True,False,False,True,1,Orphaned/clustered figure captions (2 in trailing lines)
Artificial-Intelligence-Index-Report-2024-Stanford-University.pdf,245,2892,211,0,0,0,0,False,6,True,False,False,True,2,Orphaned/clustered figure captions (2 in trailing lines)
Artificial-Intelligence-Index-Report-2024-Stanford-University.pdf,246,1410,174,0,0,0,0,False,6,True,False,False,True,2,Orphaned/clustered figure captions (2 in trailing lines)
Artificial-Intelligence-Index-Report-2024-Stanford-University.pdf,247,1494,166,0,0,0,0,False,3,True,False,False,True,1,Orphaned/clustered figure captions (2 in trailing lines)
Artificial-Intelligence-Index-Report-2024-Stanford-University.pdf,248,1473,146,0,0,0,0,False,3,True,False,False,True,1,Orphaned/clustered figure captions (2 in trailing lines)
Artificial-Intelligence-Index-Report-2024-Stanford-University.pdf,249,904,143,0,0,0,0,False,3,True,True,False,True,0,Orphaned/clustered figure captions (2 in trailing lines); Orphaned dates/timeline badges (2 in trailing lines)
Artificial-Intelligence-Index-Report-2024-Stanford-University.pdf,250,817,121,0,0,0,0,False,3,True,True,False,True,0,Orphaned/clustered figure captions (2 in trailing lines); Orphaned dates/timeline badges (2 in trailing lines)
Artificial-Intelligence-Index-Report-2024-Stanford-University.pdf,251,1213,149,0,0,0,0,False,3,True,False,False,True,1,Orphaned/clustered figure captions (2 in trailing lines)
Artificial-Intelligence-Index-Report-2024-Stanford-University.pdf,252,1261,150,0,0,0,0,False,3,True,False,False,True,1,Orphaned/clustered figure captions (2 in trailing lines)
Artificial-Intelligence-Index-Report-2024-Stanford-University.pdf,253,958,148,0,0,0,0,False,3,True,True,False,True,0,Orphaned/clustered figure captions (2 in trailing lines); Orphaned dates/timeline badges (2 in trailing lines)
Artificial-Intelligence-Index-Report-2024-Stanford-University.pdf,254,2662,300,0,0,0,0,False,4,True,False,False,True,1,Orphaned/clustered figure captions (2 in trailing lines)
Artificial-Intelligence-Index-Report-2024-Stanford-University.pdf,255,71950,1208,0,0,0,0,False,1,False,False,False,False,13,NONE
Artificial-Intelligence-Index-Report-2024-Stanford-University.pdf,256,881,123,0,0,0,0,False,0,False,False,False,False,0,NONE
Artificial-Intelligence-Index-Report-2024-Stanford-University.pdf,257,3727,550,0,0,0,0,False,2,False,False,False,False,25,NONE
Artificial-Intelligence-Index-Report-2024-Stanford-University.pdf,258,1702,257,0,0,0,0,False,3,True,False,False,True,0,Orphaned/clustered figure captions (2 in trailing lines)
Artificial-Intelligence-Index-Report-2024-Stanford-University.pdf,259,1733,211,0,0,0,0,False,3,True,False,False,True,1,Orphaned/clustered figure captions (2 in trailing lines)
Artificial-Intelligence-Index-Report-2024-Stanford-University.pdf,260,2572,189,1,0,0,0,False,3,True,False,False,True,1,Orphaned/clustered figure captions (2 in trailing lines)
Artificial-Intelligence-Index-Report-2024-Stanford-University.pdf,261,1624,146,1,0,0,0,False,3,True,False,False,True,1,Orphaned/clustered figure captions (2 in trailing lines)
Artificial-Intelligence-Index-Report-2024-Stanford-University.pdf,262,1926,176,1,0,0,0,False,3,True,False,False,True,1,Orphaned/clustered figure captions (2 in trailing lines)
Artificial-Intelligence-Index-Report-2024-Stanford-University.pdf,263,2049,173,1,0,0,0,False,3,True,False,False,True,1,Orphaned/clustered figure captions (2 in trailing lines)
Artificial-Intelligence-Index-Report-2024-Stanford-University.pdf,264,4345,283,0,0,0,0,False,3,True,False,False,True,2,Orphaned/clustered figure captions (2 in trailing lines)
Artificial-Intelligence-Index-Report-2024-Stanford-University.pdf,265,1373,170,0,0,0,0,False,3,True,False,False,True,1,Orphaned/clustered figure captions (2 in trailing lines)
Artificial-Intelligence-Index-Report-2024-Stanford-University.pdf,266,2176,282,0,0,0,0,False,3,True,False,False,True,1,Orphaned/clustered figure captions (2 in trailing lines)
Artificial-Intelligence-Index-Report-2024-Stanford-University.pdf,267,1559,205,0,0,0,0,False,4,True,False,False,True,1,Orphaned/clustered figure captions (2 in trailing lines)
Artificial-Intelligence-Index-Report-2024-Stanford-University.pdf,268,1341,174,0,0,0,0,False,4,True,False,False,True,1,Orphaned/clustered figure captions (2 in trailing lines)
Artificial-Intelligence-Index-Report-2024-Stanford-University.pdf,269,3008,369,0,0,0,0,False,6,True,False,False,True,2,Orphaned/clustered figure captions (2 in trailing lines)
Artificial-Intelligence-Index-Report-2024-Stanford-University.pdf,270,3172,338,0,0,0,0,False,6,True,False,False,True,2,Orphaned/clustered figure captions (2 in trailing lines)
Artificial-Intelligence-Index-Report-2024-Stanford-University.pdf,271,2398,319,0,0,0,0,False,9,True,False,False,True,3,Orphaned/clustered figure captions (3 in trailing lines)
Artificial-Intelligence-Index-Report-2024-Stanford-University.pdf,272,2142,257,0,0,0,0,False,3,True,False,False,True,1,Orphaned/clustered figure captions (2 in trailing lines)
Artificial-Intelligence-Index-Report-2024-Stanford-University.pdf,273,1500,196,0,0,0,0,False,6,True,False,False,True,2,Orphaned/clustered figure captions (2 in trailing lines)
Artificial-Intelligence-Index-Report-2024-Stanford-University.pdf,274,1331,191,0,0,0,0,False,3,True,False,False,True,2,Orphaned/clustered figure captions (2 in trailing lines)
Artificial-Intelligence-Index-Report-2024-Stanford-University.pdf,275,1815,225,0,0,0,0,False,3,True,False,False,True,2,Orphaned/clustered figure captions (2 in trailing lines)
Artificial-Intelligence-Index-Report-2024-Stanford-University.pdf,276,1436,187,0,0,0,0,False,2,True,False,False,True,1,Orphaned/clustered figure captions (2 in trailing lines)
Artificial-Intelligence-Index-Report-2024-Stanford-University.pdf,277,1056,162,0,0,0,0,False,3,True,False,False,True,0,Orphaned/clustered figure captions (2 in trailing lines)
Artificial-Intelligence-Index-Report-2024-Stanford-University.pdf,278,3127,255,0,0,0,0,False,3,True,False,False,True,1,Orphaned/clustered figure captions (2 in trailing lines)
Artificial-Intelligence-Index-Report-2024-Stanford-University.pdf,279,1845,233,0,0,0,0,False,3,True,False,False,True,2,Orphaned/clustered figure captions (2 in trailing lines)
Artificial-Intelligence-Index-Report-2024-Stanford-University.pdf,280,1713,250,0,0,0,0,False,3,True,False,False,True,2,Orphaned/clustered figure captions (2 in trailing lines)
Artificial-Intelligence-Index-Report-2024-Stanford-University.pdf,281,2784,285,0,0,0,0,False,3,True,False,False,True,1,Orphaned/clustered figure captions (2 in trailing lines)
Artificial-Intelligence-Index-Report-2024-Stanford-University.pdf,282,1922,150,0,0,0,0,False,3,True,False,False,True,1,Orphaned/clustered figure captions (2 in trailing lines)
Artificial-Intelligence-Index-Report-2024-Stanford-University.pdf,283,2664,287,0,0,0,0,False,3,True,False,False,True,1,Orphaned/clustered figure captions (3 in trailing lines)
Artificial-Intelligence-Index-Report-2024-Stanford-University.pdf,284,1649,124,0,0,0,0,False,3,True,False,False,True,1,Orphaned/clustered figure captions (2 in trailing lines)
Artificial-Intelligence-Index-Report-2024-Stanford-University.pdf,285,1957,161,0,0,0,0,False,3,True,False,False,True,1,Orphaned/clustered figure captions (2 in trailing lines)
Artificial-Intelligence-Index-Report-2024-Stanford-University.pdf,286,1400,164,0,0,0,0,False,3,True,False,False,True,1,Orphaned/clustered figure captions (2 in trailing lines)
Artificial-Intelligence-Index-Report-2024-Stanford-University.pdf,287,826,129,0,0,0,0,False,3,True,True,False,True,0,Orphaned/clustered figure captions (2 in trailing lines); Orphaned dates/timeline badges (2 in trailing lines)
Artificial-Intelligence-Index-Report-2024-Stanford-University.pdf,288,758,115,0,0,0,0,False,3,True,False,False,True,0,Orphaned/clustered figure captions (2 in trailing lines)
Artificial-Intelligence-Index-Report-2024-Stanford-University.pdf,289,1889,179,0,0,0,0,False,3,True,False,False,True,1,Orphaned/clustered figure captions (2 in trailing lines)
Artificial-Intelligence-Index-Report-2024-Stanford-University.pdf,290,1542,192,0,0,0,0,False,3,True,False,False,True,1,Orphaned/clustered figure captions (2 in trailing lines)
Artificial-Intelligence-Index-Report-2024-Stanford-University.pdf,291,1996,145,0,0,0,0,False,3,True,False,False,True,1,Orphaned/clustered figure captions (2 in trailing lines)
Artificial-Intelligence-Index-Report-2024-Stanford-University.pdf,292,1666,165,0,0,0,0,False,3,True,False,False,True,1,Orphaned/clustered figure captions (2 in trailing lines)
Artificial-Intelligence-Index-Report-2024-Stanford-University.pdf,293,2023,181,0,0,0,0,False,3,True,False,False,True,1,Orphaned/clustered figure captions (2 in trailing lines)
Artificial-Intelligence-Index-Report-2024-Stanford-University.pdf,294,1614,155,0,0,0,0,False,3,True,False,False,True,1,Orphaned/clustered figure captions (2 in trailing lines)
Artificial-Intelligence-Index-Report-2024-Stanford-University.pdf,295,1567,153,0,0,0,0,False,3,True,False,False,True,1,Orphaned/clustered figure captions (2 in trailing lines)
Artificial-Intelligence-Index-Report-2024-Stanford-University.pdf,296,75,10,0,0,0,0,False,0,False,False,False,False,0,NONE
Artificial-Intelligence-Index-Report-2024-Stanford-University.pdf,297,848,108,0,0,0,0,False,0,False,False,False,False,0,NONE
Artificial-Intelligence-Index-Report-2024-Stanford-University.pdf,298,643,88,0,0,0,0,False,0,False,False,False,False,0,NONE
Artificial-Intelligence-Index-Report-2024-Stanford-University.pdf,299,1517,217,0,0,0,0,False,0,False,False,False,False,0,NONE
Artificial-Intelligence-Index-Report-2024-Stanford-University.pdf,300,2266,209,0,0,0,0,False,3,True,False,False,True,1,Orphaned/clustered figure captions (2 in trailing lines)
Artificial-Intelligence-Index-Report-2024-Stanford-University.pdf,301,1129,144,1,0,0,0,False,3,True,False,False,True,0,Orphaned/clustered figure captions (3 in trailing lines)
Artificial-Intelligence-Index-Report-2024-Stanford-University.pdf,302,1178,99,0,0,0,0,False,2,True,False,False,True,1,Orphaned/clustered figure captions (2 in trailing lines)
Artificial-Intelligence-Index-Report-2024-Stanford-University.pdf,303,1444,202,1,0,0,0,False,6,True,False,False,True,0,Orphaned/clustered figure captions (2 in trailing lines)
Artificial-Intelligence-Index-Report-2024-Stanford-University.pdf,304,1343,193,1,0,0,0,False,6,True,False,False,True,0,Orphaned/clustered figure captions (2 in trailing lines)
Artificial-Intelligence-Index-Report-2024-Stanford-University.pdf,305,5507,483,1,0,0,0,False,21,True,False,False,True,2,Orphaned/clustered figure captions (3 in trailing lines)
Artificial-Intelligence-Index-Report-2024-Stanford-University.pdf,306,2369,321,0,0,0,0,False,3,False,False,False,False,1,NONE
Artificial-Intelligence-Index-Report-2024-Stanford-University.pdf,307,1912,256,1,0,0,0,False,4,False,False,False,False,0,NONE
Artificial-Intelligence-Index-Report-2024-Stanford-University.pdf,308,752,81,1,0,0,0,False,2,True,False,False,True,1,Orphaned/clustered figure captions (2 in trailing lines)
Artificial-Intelligence-Index-Report-2024-Stanford-University.pdf,309,1462,203,1,0,0,0,False,6,True,False,False,True,0,Orphaned/clustered figure captions (2 in trailing lines)
Artificial-Intelligence-Index-Report-2024-Stanford-University.pdf,310,1124,154,1,0,0,0,False,4,True,False,False,True,0,Orphaned/clustered figure captions (3 in trailing lines)
Artificial-Intelligence-Index-Report-2024-Stanford-University.pdf,311,754,97,0,0,0,0,False,2,True,False,False,True,1,Orphaned/clustered figure captions (2 in trailing lines)
Artificial-Intelligence-Index-Report-2024-Stanford-University.pdf,312,1500,201,1,0,0,0,False,6,True,False,False,True,1,Orphaned/clustered figure captions (2 in trailing lines)
Artificial-Intelligence-Index-Report-2024-Stanford-University.pdf,313,1807,248,1,0,0,0,False,6,True,False,False,True,1,Orphaned/clustered figure captions (2 in trailing lines)
Artificial-Intelligence-Index-Report-2024-Stanford-University.pdf,314,1204,166,0,0,0,0,False,3,False,False,False,False,1,NONE
Artificial-Intelligence-Index-Report-2024-Stanford-University.pdf,315,1624,225,1,0,0,0,False,4,True,False,False,True,0,Orphaned/clustered figure captions (2 in trailing lines)
Artificial-Intelligence-Index-Report-2024-Stanford-University.pdf,316,9975,703,0,0,0,0,False,15,True,False,False,True,1,Orphaned/clustered figure captions (2 in trailing lines)
Artificial-Intelligence-Index-Report-2024-Stanford-University.pdf,317,1507,204,0,0,0,0,False,3,True,False,False,True,1,Orphaned/clustered figure captions (2 in trailing lines)
Artificial-Intelligence-Index-Report-2024-Stanford-University.pdf,318,3385,298,0,0,0,0,False,3,True,False,False,True,1,Orphaned/clustered figure captions (2 in trailing lines)
Artificial-Intelligence-Index-Report-2024-Stanford-University.pdf,319,1971,251,1,0,0,0,False,9,True,False,False,True,2,Orphaned/clustered figure captions (3 in trailing lines)
Artificial-Intelligence-Index-Report-2024-Stanford-University.pdf,320,1167,149,0,0,0,0,False,3,True,False,False,True,1,Orphaned/clustered figure captions (2 in trailing lines)
Artificial-Intelligence-Index-Report-2024-Stanford-University.pdf,321,2278,244,0,0,0,0,False,3,True,False,False,True,1,Orphaned/clustered figure captions (2 in trailing lines)
Artificial-Intelligence-Index-Report-2024-Stanford-University.pdf,322,1445,146,1,0,0,0,False,3,True,False,False,True,1,Orphaned/clustered figure captions (2 in trailing lines)
Artificial-Intelligence-Index-Report-2024-Stanford-University.pdf,323,1681,230,1,0,0,0,False,4,True,False,False,True,0,Orphaned/clustered figure captions (2 in trailing lines)
Artificial-Intelligence-Index-Report-2024-Stanford-University.pdf,324,1775,144,2,0,0,0,False,2,True,False,False,True,2,Orphaned/clustered figure captions (2 in trailing lines)
Artificial-Intelligence-Index-Report-2024-Stanford-University.pdf,325,63,8,0,0,0,0,True,0,False,False,False,True,0,"Sparse text (63 chars, cover/blank page)"
Artificial-Intelligence-Index-Report-2024-Stanford-University.pdf,326,828,120,0,0,0,0,False,0,False,False,False,False,0,NONE
Artificial-Intelligence-Index-Report-2024-Stanford-University.pdf,327,984,153,0,0,0,0,False,0,False,False,False,False,0,NONE
Artificial-Intelligence-Index-Report-2024-Stanford-University.pdf,328,2714,414,0,0,0,0,False,0,False,False,False,False,0,NONE
Artificial-Intelligence-Index-Report-2024-Stanford-University.pdf,329,3303,256,0,0,0,0,False,3,True,False,False,True,1,Orphaned/clustered figure captions (2 in trailing lines)
Artificial-Intelligence-Index-Report-2024-Stanford-University.pdf,330,1292,198,0,0,0,0,False,3,True,False,False,True,0,Orphaned/clustered figure captions (2 in trailing lines)
Artificial-Intelligence-Index-Report-2024-Stanford-University.pdf,331,2628,166,0,0,0,0,False,3,True,False,False,True,1,Orphaned/clustered figure captions (2 in trailing lines)
Artificial-Intelligence-Index-Report-2024-Stanford-University.pdf,332,849,129,0,0,0,0,False,3,True,False,False,True,0,Orphaned/clustered figure captions (2 in trailing lines)
Artificial-Intelligence-Index-Report-2024-Stanford-University.pdf,333,1858,129,0,0,0,0,False,3,True,False,False,True,1,Orphaned/clustered figure captions (2 in trailing lines)
Artificial-Intelligence-Index-Report-2024-Stanford-University.pdf,334,744,123,0,0,0,0,False,3,True,False,False,True,0,Orphaned/clustered figure captions (2 in trailing lines)
Artificial-Intelligence-Index-Report-2024-Stanford-University.pdf,335,3552,304,0,0,0,0,False,7,True,False,False,True,1,Orphaned/clustered figure captions (2 in trailing lines)
Artificial-Intelligence-Index-Report-2024-Stanford-University.pdf,336,4187,250,0,0,0,0,False,3,True,False,False,True,1,Orphaned/clustered figure captions (2 in trailing lines)
Artificial-Intelligence-Index-Report-2024-Stanford-University.pdf,337,3274,202,0,0,0,0,False,3,True,False,False,True,1,Orphaned/clustered figure captions (2 in trailing lines)
Artificial-Intelligence-Index-Report-2024-Stanford-University.pdf,338,2557,133,0,0,0,0,False,3,True,False,False,True,1,Orphaned/clustered figure captions (2 in trailing lines)
Artificial-Intelligence-Index-Report-2024-Stanford-University.pdf,339,1474,157,0,0,0,0,False,3,True,False,False,True,1,Orphaned/clustered figure captions (2 in trailing lines)
Artificial-Intelligence-Index-Report-2024-Stanford-University.pdf,340,2485,228,0,0,0,0,False,2,True,False,False,True,1,Orphaned/clustered figure captions (2 in trailing lines)
Artificial-Intelligence-Index-Report-2024-Stanford-University.pdf,341,2884,189,0,0,0,0,False,3,True,False,False,True,1,Orphaned/clustered figure captions (2 in trailing lines)
Artificial-Intelligence-Index-Report-2024-Stanford-University.pdf,342,2982,170,0,0,0,0,False,3,True,False,False,True,1,Orphaned/clustered figure captions (2 in trailing lines)
Artificial-Intelligence-Index-Report-2024-Stanford-University.pdf,343,843,129,0,0,0,0,False,3,True,False,False,True,0,Orphaned/clustered figure captions (2 in trailing lines)
Artificial-Intelligence-Index-Report-2024-Stanford-University.pdf,344,3687,458,0,0,0,0,False,4,False,False,False,False,1,NONE
Artificial-Intelligence-Index-Report-2024-Stanford-University.pdf,345,1825,192,0,0,0,0,False,4,False,False,False,False,1,NONE
Artificial-Intelligence-Index-Report-2024-Stanford-University.pdf,346,2408,250,0,0,0,0,False,4,True,False,False,True,2,Orphaned/clustered figure captions (2 in trailing lines)
Artificial-Intelligence-Index-Report-2024-Stanford-University.pdf,347,1647,185,0,0,0,0,False,4,True,False,False,True,1,Orphaned/clustered figure captions (2 in trailing lines)
Artificial-Intelligence-Index-Report-2024-Stanford-University.pdf,348,1421,137,0,0,0,0,False,2,True,False,False,True,1,Orphaned/clustered figure captions (2 in trailing lines)
Artificial-Intelligence-Index-Report-2024-Stanford-University.pdf,349,1509,199,0,0,0,0,False,4,True,False,False,True,1,Orphaned/clustered figure captions (2 in trailing lines)
Artificial-Intelligence-Index-Report-2024-Stanford-University.pdf,350,1404,142,0,0,0,0,False,2,True,False,False,True,1,Orphaned/clustered figure captions (2 in trailing lines)
Artificial-Intelligence-Index-Report-2024-Stanford-University.pdf,351,1566,179,0,0,0,0,False,3,True,False,False,True,1,Orphaned/clustered figure captions (2 in trailing lines)
Artificial-Intelligence-Index-Report-2024-Stanford-University.pdf,352,1361,125,0,0,0,0,False,2,True,False,False,True,1,Orphaned/clustered figure captions (2 in trailing lines)
Artificial-Intelligence-Index-Report-2024-Stanford-University.pdf,353,1643,214,0,0,0,0,False,4,True,False,False,True,1,Orphaned/clustered figure captions (2 in trailing lines)
Artificial-Intelligence-Index-Report-2024-Stanford-University.pdf,354,1662,135,0,0,0,0,False,2,True,False,False,True,1,Orphaned/clustered figure captions (2 in trailing lines)
Artificial-Intelligence-Index-Report-2024-Stanford-University.pdf,355,2253,229,0,0,0,0,False,3,True,False,False,True,1,Orphaned/clustered figure captions (2 in trailing lines)
Artificial-Intelligence-Index-Report-2024-Stanford-University.pdf,356,910,114,0,0,0,0,False,3,True,False,False,True,1,Orphaned/clustered figure captions (2 in trailing lines)
Artificial-Intelligence-Index-Report-2024-Stanford-University.pdf,357,2226,285,0,0,0,0,False,4,False,False,False,False,1,NONE
Artificial-Intelligence-Index-Report-2024-Stanford-University.pdf,358,1239,136,0,0,0,0,False,2,True,False,False,True,1,Orphaned/clustered figure captions (2 in trailing lines)
Artificial-Intelligence-Index-Report-2024-Stanford-University.pdf,359,2504,217,0,0,0,0,False,5,False,False,False,False,2,NONE
Artificial-Intelligence-Index-Report-2024-Stanford-University.pdf,360,745,123,0,0,0,0,False,3,True,False,False,True,0,Orphaned/clustered figure captions (2 in trailing lines)
Artificial-Intelligence-Index-Report-2024-Stanford-University.pdf,361,2783,180,0,0,0,0,False,3,True,False,False,True,1,Orphaned/clustered figure captions (2 in trailing lines)
Artificial-Intelligence-Index-Report-2024-Stanford-University.pdf,362,2877,154,0,0,0,0,False,6,True,False,False,True,2,Orphaned/clustered figure captions (2 in trailing lines)
Artificial-Intelligence-Index-Report-2024-Stanford-University.pdf,363,1648,194,0,0,0,0,False,6,True,False,False,True,2,Orphaned/clustered figure captions (2 in trailing lines)
Artificial-Intelligence-Index-Report-2024-Stanford-University.pdf,364,2065,292,0,0,0,0,False,6,True,False,False,True,2,Orphaned/clustered figure captions (2 in trailing lines)
Artificial-Intelligence-Index-Report-2024-Stanford-University.pdf,365,1165,163,0,0,0,0,False,3,True,False,False,True,1,Orphaned/clustered figure captions (2 in trailing lines)
Artificial-Intelligence-Index-Report-2024-Stanford-University.pdf,366,76,10,0,0,0,0,False,0,False,False,False,False,0,NONE
Artificial-Intelligence-Index-Report-2024-Stanford-University.pdf,367,1076,162,0,0,0,0,False,0,False,False,False,False,0,NONE
Artificial-Intelligence-Index-Report-2024-Stanford-University.pdf,368,1029,147,0,0,0,0,False,0,False,False,False,False,0,NONE
Artificial-Intelligence-Index-Report-2024-Stanford-University.pdf,369,1983,315,0,0,0,0,False,0,False,False,False,False,0,NONE
Artificial-Intelligence-Index-Report-2024-Stanford-University.pdf,370,1691,242,2,0,0,0,False,4,True,False,False,True,0,Orphaned/clustered figure captions (2 in trailing lines)
Artificial-Intelligence-Index-Report-2024-Stanford-University.pdf,371,1880,262,3,0,0,0,False,6,False,False,False,False,0,NONE
Artificial-Intelligence-Index-Report-2024-Stanford-University.pdf,372,1872,256,3,0,0,0,False,6,True,False,False,True,0,Orphaned/clustered figure captions (3 in trailing lines)
Artificial-Intelligence-Index-Report-2024-Stanford-University.pdf,373,1885,262,3,0,0,0,False,6,True,False,False,True,0,Orphaned/clustered figure captions (2 in trailing lines)
Artificial-Intelligence-Index-Report-2024-Stanford-University.pdf,374,2373,332,3,0,0,0,False,6,True,False,False,True,0,Orphaned/clustered figure captions (2 in trailing lines)
Artificial-Intelligence-Index-Report-2024-Stanford-University.pdf,375,2177,310,3,0,0,0,False,6,True,False,False,True,0,Orphaned/clustered figure captions (2 in trailing lines)
Artificial-Intelligence-Index-Report-2024-Stanford-University.pdf,376,1625,259,1,0,0,0,False,4,False,False,False,False,0,NONE
Artificial-Intelligence-Index-Report-2024-Stanford-University.pdf,377,433,72,0,0,0,0,False,2,True,False,False,True,0,Orphaned/clustered figure captions (2 in trailing lines)
Artificial-Intelligence-Index-Report-2024-Stanford-University.pdf,378,2610,297,0,0,0,0,False,6,True,False,False,True,2,Orphaned/clustered figure captions (2 in trailing lines)
Artificial-Intelligence-Index-Report-2024-Stanford-University.pdf,379,3055,338,0,0,0,0,False,3,True,False,False,True,1,Orphaned/clustered figure captions (2 in trailing lines)
Artificial-Intelligence-Index-Report-2024-Stanford-University.pdf,380,2490,255,0,0,0,0,False,4,True,False,False,True,1,Orphaned/clustered figure captions (2 in trailing lines)
Artificial-Intelligence-Index-Report-2024-Stanford-University.pdf,381,2363,307,1,0,0,0,False,3,True,False,False,True,1,Orphaned/clustered figure captions (2 in trailing lines)
Artificial-Intelligence-Index-Report-2024-Stanford-University.pdf,382,998,153,0,0,0,0,False,3,True,True,False,True,0,Orphaned/clustered figure captions (2 in trailing lines); Orphaned dates/timeline badges (2 in trailing lines)
Artificial-Intelligence-Index-Report-2024-Stanford-University.pdf,383,2540,240,0,0,0,0,False,6,True,False,False,True,2,Orphaned/clustered figure captions (2 in trailing lines)
Artificial-Intelligence-Index-Report-2024-Stanford-University.pdf,384,865,136,0,0,0,0,False,3,True,True,False,True,0,Orphaned/clustered figure captions (2 in trailing lines); Orphaned dates/timeline badges (2 in trailing lines)
Artificial-Intelligence-Index-Report-2024-Stanford-University.pdf,385,1459,219,0,0,0,0,False,3,True,False,False,True,0,Orphaned/clustered figure captions (2 in trailing lines)
Artificial-Intelligence-Index-Report-2024-Stanford-University.pdf,386,993,151,1,0,0,0,False,4,True,False,False,True,0,Orphaned/clustered figure captions (2 in trailing lines)
Artificial-Intelligence-Index-Report-2024-Stanford-University.pdf,387,397,59,1,0,0,0,False,2,True,False,False,True,0,Orphaned/clustered figure captions (2 in trailing lines)
Artificial-Intelligence-Index-Report-2024-Stanford-University.pdf,388,1337,199,0,0,0,0,False,3,True,False,False,True,0,Orphaned/clustered figure captions (2 in trailing lines)
Artificial-Intelligence-Index-Report-2024-Stanford-University.pdf,389,3118,292,0,0,0,0,False,7,False,False,False,False,3,NONE
Artificial-Intelligence-Index-Report-2024-Stanford-University.pdf,390,4144,311,0,0,0,0,False,4,True,False,False,True,2,Orphaned/clustered figure captions (2 in trailing lines)
Artificial-Intelligence-Index-Report-2024-Stanford-University.pdf,391,1882,287,1,0,0,0,False,5,True,False,False,True,0,Orphaned/clustered figure captions (2 in trailing lines)
Artificial-Intelligence-Index-Report-2024-Stanford-University.pdf,392,1464,167,0,0,0,0,False,4,True,False,False,True,2,Orphaned/clustered figure captions (3 in trailing lines)
Artificial-Intelligence-Index-Report-2024-Stanford-University.pdf,393,2165,313,0,0,0,0,False,3,True,False,False,True,0,Orphaned/clustered figure captions (2 in trailing lines)
Artificial-Intelligence-Index-Report-2024-Stanford-University.pdf,394,2687,284,0,0,0,0,False,3,True,False,False,True,1,Orphaned/clustered figure captions (2 in trailing lines)
Artificial-Intelligence-Index-Report-2024-Stanford-University.pdf,395,3313,319,1,0,0,0,False,5,True,False,False,True,1,Orphaned/clustered figure captions (2 in trailing lines)
Artificial-Intelligence-Index-Report-2024-Stanford-University.pdf,396,2520,266,0,0,0,0,False,4,False,False,False,False,1,NONE
Artificial-Intelligence-Index-Report-2024-Stanford-University.pdf,397,1791,194,1,0,0,0,False,3,True,False,False,True,1,Orphaned/clustered figure captions (2 in trailing lines)
Artificial-Intelligence-Index-Report-2024-Stanford-University.pdf,398,1649,244,0,0,0,0,False,3,True,False,False,True,0,Orphaned/clustered figure captions (2 in trailing lines)
Artificial-Intelligence-Index-Report-2024-Stanford-University.pdf,399,1841,150,0,0,0,0,False,3,True,False,False,True,1,Orphaned/clustered figure captions (2 in trailing lines)
Artificial-Intelligence-Index-Report-2024-Stanford-University.pdf,400,1461,192,1,0,0,0,False,3,True,False,False,True,1,Orphaned/clustered figure captions (2 in trailing lines)
Artificial-Intelligence-Index-Report-2024-Stanford-University.pdf,401,1309,113,0,0,0,0,False,3,True,False,False,True,1,Orphaned/clustered figure captions (2 in trailing lines)
Artificial-Intelligence-Index-Report-2024-Stanford-University.pdf,402,1924,248,1,0,0,0,False,3,True,False,False,True,1,Orphaned/clustered figure captions (2 in trailing lines)
Artificial-Intelligence-Index-Report-2024-Stanford-University.pdf,403,2911,366,0,0,0,0,False,4,False,False,False,False,1,NONE
Artificial-Intelligence-Index-Report-2024-Stanford-University.pdf,404,5670,512,0,0,0,0,False,2,True,False,False,True,20,Orphaned/clustered figure captions (2 in trailing lines)
Artificial-Intelligence-Index-Report-2024-Stanford-University.pdf,405,1476,180,0,0,0,0,False,3,True,False,False,True,1,Orphaned/clustered figure captions (2 in trailing lines)
Artificial-Intelligence-Index-Report-2024-Stanford-University.pdf,406,3481,307,0,0,0,0,False,4,True,False,False,True,1,Orphaned/clustered figure captions (2 in trailing lines)
Artificial-Intelligence-Index-Report-2024-Stanford-University.pdf,407,1131,136,0,0,0,0,False,3,True,False,False,True,1,Orphaned/clustered figure captions (2 in trailing lines)
Artificial-Intelligence-Index-Report-2024-Stanford-University.pdf,408,840,125,0,0,0,0,False,3,False,False,False,False,1,NONE
Artificial-Intelligence-Index-Report-2024-Stanford-University.pdf,409,2607,191,0,0,0,0,False,4,True,False,False,True,1,Orphaned/clustered figure captions (2 in trailing lines)
Artificial-Intelligence-Index-Report-2024-Stanford-University.pdf,410,660,93,0,0,0,0,False,2,False,False,False,False,1,NONE
Artificial-Intelligence-Index-Report-2024-Stanford-University.pdf,411,63,8,0,0,0,0,True,0,False,False,False,True,0,"Sparse text (63 chars, cover/blank page)"
Artificial-Intelligence-Index-Report-2024-Stanford-University.pdf,412,798,115,0,0,0,0,False,0,False,False,False,False,0,NONE
Artificial-Intelligence-Index-Report-2024-Stanford-University.pdf,413,1524,225,0,0,0,0,False,0,True,False,False,True,0,Orphaned/clustered figure captions (2 in trailing lines)
Artificial-Intelligence-Index-Report-2024-Stanford-University.pdf,414,1430,215,0,0,0,0,False,0,False,False,False,False,0,NONE
Artificial-Intelligence-Index-Report-2024-Stanford-University.pdf,415,2204,334,0,0,0,0,False,5,False,False,False,False,0,NONE
Artificial-Intelligence-Index-Report-2024-Stanford-University.pdf,416,1221,190,0,0,0,0,False,4,True,True,False,True,0,Orphaned/clustered figure captions (2 in trailing lines); Orphaned dates/timeline badges (2 in trailing lines)
Artificial-Intelligence-Index-Report-2024-Stanford-University.pdf,417,811,127,0,0,0,0,False,3,True,True,False,True,0,Orphaned/clustered figure captions (2 in trailing lines); Orphaned dates/timeline badges (2 in trailing lines)
Artificial-Intelligence-Index-Report-2024-Stanford-University.pdf,418,1496,232,0,0,0,0,False,6,False,True,False,True,0,Orphaned dates/timeline badges (3 in trailing lines)
Artificial-Intelligence-Index-Report-2024-Stanford-University.pdf,419,698,114,0,0,0,0,False,3,True,True,False,True,0,Orphaned/clustered figure captions (2 in trailing lines); Orphaned dates/timeline badges (2 in trailing lines)
Artificial-Intelligence-Index-Report-2024-Stanford-University.pdf,420,1431,230,0,0,0,0,False,6,True,True,False,True,0,Orphaned/clustered figure captions (2 in trailing lines); Orphaned dates/timeline badges (2 in trailing lines)
Artificial-Intelligence-Index-Report-2024-Stanford-University.pdf,421,1340,156,0,0,0,0,False,3,True,False,False,True,1,Orphaned/clustered figure captions (2 in trailing lines)
Artificial-Intelligence-Index-Report-2024-Stanford-University.pdf,422,1023,162,0,0,0,0,False,2,True,True,False,True,0,Orphaned/clustered figure captions (2 in trailing lines); Orphaned dates/timeline badges (2 in trailing lines)
Artificial-Intelligence-Index-Report-2024-Stanford-University.pdf,423,817,131,0,0,0,0,False,3,True,False,False,True,0,Orphaned/clustered figure captions (2 in trailing lines)
Artificial-Intelligence-Index-Report-2024-Stanford-University.pdf,424,1619,258,0,0,0,0,False,6,True,True,False,True,0,Orphaned/clustered figure captions (2 in trailing lines); Orphaned dates/timeline badges (2 in trailing lines)
Artificial-Intelligence-Index-Report-2024-Stanford-University.pdf,425,2359,343,0,0,0,0,False,2,False,False,False,False,0,NONE
Artificial-Intelligence-Index-Report-2024-Stanford-University.pdf,426,2862,341,0,0,0,0,False,2,False,False,False,False,21,NONE
Artificial-Intelligence-Index-Report-2024-Stanford-University.pdf,427,2857,341,0,0,0,0,False,2,False,False,False,False,21,NONE
Artificial-Intelligence-Index-Report-2024-Stanford-University.pdf,428,2265,275,0,0,0,0,False,2,False,False,False,False,16,NONE
Artificial-Intelligence-Index-Report-2024-Stanford-University.pdf,429,1766,275,0,0,0,0,False,7,True,False,False,True,0,Orphaned/clustered figure captions (2 in trailing lines)
Artificial-Intelligence-Index-Report-2024-Stanford-University.pdf,430,1241,160,0,0,0,0,False,3,True,False,False,True,1,Orphaned/clustered figure captions (2 in trailing lines)
Artificial-Intelligence-Index-Report-2024-Stanford-University.pdf,431,1082,116,0,0,0,0,False,3,True,False,False,True,1,Orphaned/clustered figure captions (2 in trailing lines)
Artificial-Intelligence-Index-Report-2024-Stanford-University.pdf,432,1279,206,0,0,0,0,False,2,True,False,False,True,0,Orphaned/clustered figure captions (2 in trailing lines)
Artificial-Intelligence-Index-Report-2024-Stanford-University.pdf,433,2132,189,0,0,0,0,False,6,False,False,False,False,1,NONE
Artificial-Intelligence-Index-Report-2024-Stanford-University.pdf,434,1224,177,0,0,0,0,False,4,True,True,False,True,0,Orphaned/clustered figure captions (2 in trailing lines); Orphaned dates/timeline badges (2 in trailing lines)
Artificial-Intelligence-Index-Report-2024-Stanford-University.pdf,435,70,9,0,0,0,0,True,0,False,False,False,True,0,"Sparse text (70 chars, cover/blank page)"
Artificial-Intelligence-Index-Report-2024-Stanford-University.pdf,436,473,71,0,0,0,0,False,0,False,False,False,False,0,NONE
Artificial-Intelligence-Index-Report-2024-Stanford-University.pdf,437,867,122,0,0,0,0,False,0,False,False,False,False,0,NONE
Artificial-Intelligence-Index-Report-2024-Stanford-University.pdf,438,2084,317,0,0,0,0,False,0,False,False,False,False,0,NONE
Artificial-Intelligence-Index-Report-2024-Stanford-University.pdf,439,3017,432,0,0,0,0,False,3,True,False,False,True,1,Orphaned/clustered figure captions (2 in trailing lines)
Artificial-Intelligence-Index-Report-2024-Stanford-University.pdf,440,1167,172,0,0,0,0,False,1,False,False,False,False,0,NONE
Artificial-Intelligence-Index-Report-2024-Stanford-University.pdf,441,23040,460,0,0,0,0,False,1,False,False,False,False,1,NONE
Artificial-Intelligence-Index-Report-2024-Stanford-University.pdf,442,4833,611,1,0,0,0,False,3,True,False,False,True,1,Orphaned/clustered figure captions (2 in trailing lines)
Artificial-Intelligence-Index-Report-2024-Stanford-University.pdf,443,3774,300,1,0,0,0,False,3,True,False,False,True,1,Orphaned/clustered figure captions (2 in trailing lines)
Artificial-Intelligence-Index-Report-2024-Stanford-University.pdf,444,1114,170,0,0,0,0,False,3,True,False,False,True,1,Orphaned/clustered figure captions (2 in trailing lines)
Artificial-Intelligence-Index-Report-2024-Stanford-University.pdf,445,2272,192,0,0,0,0,False,3,True,False,False,True,1,Orphaned/clustered figure captions (2 in trailing lines)
Artificial-Intelligence-Index-Report-2024-Stanford-University.pdf,446,3554,448,1,0,0,0,False,3,True,False,False,True,1,Orphaned/clustered figure captions (2 in trailing lines)
Artificial-Intelligence-Index-Report-2024-Stanford-University.pdf,447,2290,226,1,0,0,0,False,2,True,False,False,True,1,Orphaned/clustered figure captions (2 in trailing lines)
Artificial-Intelligence-Index-Report-2024-Stanford-University.pdf,448,1561,234,0,0,0,0,False,2,False,False,False,False,0,NONE
Artificial-Intelligence-Index-Report-2024-Stanford-University.pdf,449,4189,371,0,0,0,0,False,2,True,False,False,True,1,Orphaned/clustered figure captions (2 in trailing lines)
Artificial-Intelligence-Index-Report-2024-Stanford-University.pdf,450,7723,685,0,0,0,0,False,2,True,False,False,True,1,Orphaned/clustered figure captions (2 in trailing lines)
Artificial-Intelligence-Index-Report-2024-Stanford-University.pdf,451,4646,221,1,0,0,0,False,3,True,False,False,True,1,Orphaned/clustered figure captions (2 in trailing lines)
Artificial-Intelligence-Index-Report-2024-Stanford-University.pdf,452,3526,436,0,0,0,0,False,6,True,False,False,True,2,Orphaned/clustered figure captions (2 in trailing lines)
Artificial-Intelligence-Index-Report-2024-Stanford-University.pdf,453,2414,280,0,0,0,0,False,3,True,False,False,True,8,Orphaned/clustered figure captions (2 in trailing lines)
Artificial-Intelligence-Index-Report-2024-Stanford-University.pdf,454,2585,235,1,0,0,0,False,3,True,False,False,True,1,Orphaned/clustered figure captions (2 in trailing lines)
Artificial-Intelligence-Index-Report-2024-Stanford-University.pdf,455,2553,202,1,0,0,0,False,4,True,False,False,True,1,Orphaned/clustered figure captions (2 in trailing lines)
Artificial-Intelligence-Index-Report-2024-Stanford-University.pdf,456,2913,445,0,0,0,0,False,0,False,False,False,False,0,NONE
Artificial-Intelligence-Index-Report-2024-Stanford-University.pdf,457,2838,412,2,0,0,0,False,0,False,False,False,False,0,NONE
Artificial-Intelligence-Index-Report-2024-Stanford-University.pdf,458,50,6,0,0,0,0,True,0,False,False,False,True,0,"Sparse text (50 chars, cover/blank page)"
Artificial-Intelligence-Index-Report-2024-Stanford-University.pdf,459,379,56,0,0,0,0,False,0,False,False,False,False,0,NONE
Artificial-Intelligence-Index-Report-2024-Stanford-University.pdf,460,3079,419,0,0,0,0,False,0,False,False,False,False,0,NONE
Artificial-Intelligence-Index-Report-2024-Stanford-University.pdf,461,4010,561,0,0,0,0,False,0,False,False,False,False,0,NONE
Artificial-Intelligence-Index-Report-2024-Stanford-University.pdf,462,3487,532,0,0,4,0,False,0,False,False,False,False,0,NONE
Artificial-Intelligence-Index-Report-2024-Stanford-University.pdf,463,3578,530,0,0,4,0,False,0,False,False,False,False,0,NONE
Artificial-Intelligence-Index-Report-2024-Stanford-University.pdf,464,1771,278,0,0,0,0,False,0,False,False,False,False,0,NONE
Artificial-Intelligence-Index-Report-2024-Stanford-University.pdf,465,3060,491,0,0,16,0,False,0,False,False,False,False,0,NONE
Artificial-Intelligence-Index-Report-2024-Stanford-University.pdf,466,1632,250,0,0,4,0,False,0,False,False,False,False,0,NONE
Artificial-Intelligence-Index-Report-2024-Stanford-University.pdf,467,4262,564,0,0,0,0,False,0,False,False,False,False,0,NONE
Artificial-Intelligence-Index-Report-2024-Stanford-University.pdf,468,4360,567,0,0,0,0,False,0,False,False,False,False,0,NONE
Artificial-Intelligence-Index-Report-2024-Stanford-University.pdf,469,4504,593,0,0,0,0,False,0,False,False,False,False,0,NONE
Artificial-Intelligence-Index-Report-2024-Stanford-University.pdf,470,4372,564,0,0,0,0,False,0,False,False,False,False,0,NONE
Artificial-Intelligence-Index-Report-2024-Stanford-University.pdf,471,3021,382,0,0,0,0,False,0,False,False,False,False,0,NONE
Artificial-Intelligence-Index-Report-2024-Stanford-University.pdf,472,2657,327,0,0,0,0,False,0,False,False,False,False,0,NONE
Artificial-Intelligence-Index-Report-2024-Stanford-University.pdf,473,3407,488,0,0,6,0,False,0,False,False,False,False,0,NONE
Artificial-Intelligence-Index-Report-2024-Stanford-University.pdf,474,2656,363,0,0,25,0,False,0,False,False,False,False,0,NONE
Artificial-Intelligence-Index-Report-2024-Stanford-University.pdf,475,3979,497,0,0,0,0,False,0,False,False,False,False,0,NONE
Artificial-Intelligence-Index-Report-2024-Stanford-University.pdf,476,4105,524,0,0,0,0,False,0,False,False,False,False,0,NONE
Artificial-Intelligence-Index-Report-2024-Stanford-University.pdf,477,1303,176,0,0,0,0,False,0,False,False,False,False,0,NONE
Artificial-Intelligence-Index-Report-2024-Stanford-University.pdf,478,3016,448,0,0,0,0,False,0,False,False,False,False,0,NONE
Artificial-Intelligence-Index-Report-2024-Stanford-University.pdf,479,3677,394,0,0,0,0,False,0,False,False,False,False,0,NONE
Artificial-Intelligence-Index-Report-2024-Stanford-University.pdf,480,3334,428,0,0,0,0,False,0,False,False,False,False,0,NONE
Artificial-Intelligence-Index-Report-2024-Stanford-University.pdf,481,3462,535,0,0,5,0,False,0,False,False,False,False,0,NONE
Artificial-Intelligence-Index-Report-2024-Stanford-University.pdf,482,3413,514,0,0,3,0,False,0,False,False,False,False,0,NONE
Artificial-Intelligence-Index-Report-2024-Stanford-University.pdf,483,3266,467,1,0,3,0,False,0,False,False,False,False,0,NONE
Artificial-Intelligence-Index-Report-2024-Stanford-University.pdf,484,3411,447,0,0,0,0,False,0,False,False,False,False,0,NONE
Artificial-Intelligence-Index-Report-2024-Stanford-University.pdf,485,3252,494,0,0,6,0,False,0,False,False,False,False,0,NONE
Artificial-Intelligence-Index-Report-2024-Stanford-University.pdf,486,946,154,0,0,0,0,False,0,False,False,False,False,0,NONE
Artificial-Intelligence-Index-Report-2024-Stanford-University.pdf,487,2710,288,0,0,0,0,False,0,False,False,False,False,0,NONE
Artificial-Intelligence-Index-Report-2024-Stanford-University.pdf,488,729,101,0,0,1,0,False,0,False,False,False,False,0,NONE
Artificial-Intelligence-Index-Report-2024-Stanford-University.pdf,489,4721,669,0,0,0,0,False,0,False,False,False,False,0,NONE
Artificial-Intelligence-Index-Report-2024-Stanford-University.pdf,490,1866,258,0,0,0,0,False,0,False,False,False,False,0,NONE
Artificial-Intelligence-Index-Report-2024-Stanford-University.pdf,491,2700,397,0,0,0,0,False,0,False,False,False,False,0,NONE
Artificial-Intelligence-Index-Report-2024-Stanford-University.pdf,492,2897,438,0,0,0,0,False,0,False,False,False,False,0,NONE
Artificial-Intelligence-Index-Report-2024-Stanford-University.pdf,493,2211,296,0,0,9,0,False,0,False,False,False,False,0,NONE
Artificial-Intelligence-Index-Report-2024-Stanford-University.pdf,494,1205,122,0,0,0,0,False,0,False,False,False,False,1,NONE
Artificial-Intelligence-Index-Report-2024-Stanford-University.pdf,495,3328,464,0,0,0,0,False,0,False,False,False,False,0,NONE
Artificial-Intelligence-Index-Report-2024-Stanford-University.pdf,496,3493,479,0,0,0,0,False,0,False,False,False,False,0,NONE
Artificial-Intelligence-Index-Report-2024-Stanford-University.pdf,497,3021,409,0,0,0,0,False,0,False,False,False,False,0,NONE
Artificial-Intelligence-Index-Report-2024-Stanford-University.pdf,498,3203,444,0,0,0,0,False,0,False,False,False,False,0,NONE
Artificial-Intelligence-Index-Report-2024-Stanford-University.pdf,499,1203,157,0,0,0,0,False,0,False,False,False,False,0,NONE
Artificial-Intelligence-Index-Report-2024-Stanford-University.pdf,500,772,113,0,0,0,0,False,0,False,False,False,False,0,NONE
Artificial-Intelligence-Index-Report-2024-Stanford-University.pdf,501,2180,330,0,0,0,0,False,0,False,False,False,False,0,NONE
Artificial-Intelligence-Index-Report-2024-Stanford-University.pdf,502,41,5,0,0,0,0,True,0,False,False,False,True,0,"Sparse text (41 chars, cover/blank page)"
deep-learning-in-computer-vision-principles-and-applications-mahmoud-hassaballah-and-ali-ismail-awad-841.pdf,1,0,0,1,0,0,0,True,0,False,False,False,True,0,Sparse text (0 chars) with 1 images (visual diagram/scan)
deep-learning-in-computer-vision-principles-and-applications-mahmoud-hassaballah-and-ali-ismail-awad-841.pdf,2,33,5,0,0,0,0,True,0,False,False,False,True,0,"Sparse text (33 chars, cover/blank page)"
deep-learning-in-computer-vision-principles-and-applications-mahmoud-hassaballah-and-ali-ismail-awad-841.pdf,3,1034,136,0,0,0,0,False,0,False,False,False,False,0,NONE
deep-learning-in-computer-vision-principles-and-applications-mahmoud-hassaballah-and-ali-ismail-awad-841.pdf,4,114,16,0,0,0,0,False,0,False,False,False,False,0,NONE
deep-learning-in-computer-vision-principles-and-applications-mahmoud-hassaballah-and-ali-ismail-awad-841.pdf,5,2963,423,0,0,0,0,False,0,False,False,False,False,0,NONE
deep-learning-in-computer-vision-principles-and-applications-mahmoud-hassaballah-and-ali-ismail-awad-841.pdf,6,1995,167,0,0,0,0,False,0,False,False,False,False,0,NONE
deep-learning-in-computer-vision-principles-and-applications-mahmoud-hassaballah-and-ali-ismail-awad-841.pdf,7,812,77,0,0,0,0,False,0,False,False,False,False,0,NONE
deep-learning-in-computer-vision-principles-and-applications-mahmoud-hassaballah-and-ali-ismail-awad-841.pdf,8,3367,513,0,0,0,0,False,0,False,False,False,False,0,NONE
deep-learning-in-computer-vision-principles-and-applications-mahmoud-hassaballah-and-ali-ismail-awad-841.pdf,9,1540,221,0,0,0,0,False,0,False,False,False,False,0,NONE
deep-learning-in-computer-vision-principles-and-applications-mahmoud-hassaballah-and-ali-ismail-awad-841.pdf,10,3504,509,0,0,0,0,False,0,False,False,False,False,0,NONE
deep-learning-in-computer-vision-principles-and-applications-mahmoud-hassaballah-and-ali-ismail-awad-841.pdf,11,3668,513,0,0,0,0,False,0,False,False,False,False,0,NONE
deep-learning-in-computer-vision-principles-and-applications-mahmoud-hassaballah-and-ali-ismail-awad-841.pdf,12,2977,445,0,0,0,0,False,0,False,False,False,False,0,NONE
deep-learning-in-computer-vision-principles-and-applications-mahmoud-hassaballah-and-ali-ismail-awad-841.pdf,13,0,0,1,0,0,0,True,0,False,False,False,True,0,Sparse text (0 chars) with 1 images (visual diagram/scan)
deep-learning-in-computer-vision-principles-and-applications-mahmoud-hassaballah-and-ali-ismail-awad-841.pdf,14,2343,333,2,0,0,0,False,0,False,False,False,False,0,NONE
deep-learning-in-computer-vision-principles-and-applications-mahmoud-hassaballah-and-ali-ismail-awad-841.pdf,15,0,0,1,0,0,0,True,0,False,False,False,True,0,Sparse text (0 chars) with 1 images (visual diagram/scan)
deep-learning-in-computer-vision-principles-and-applications-mahmoud-hassaballah-and-ali-ismail-awad-841.pdf,16,1153,148,0,0,0,0,False,0,False,False,False,False,0,NONE
deep-learning-in-computer-vision-principles-and-applications-mahmoud-hassaballah-and-ali-ismail-awad-841.pdf,17,1048,146,0,0,0,0,False,0,False,False,False,False,0,NONE
deep-learning-in-computer-vision-principles-and-applications-mahmoud-hassaballah-and-ali-ismail-awad-841.pdf,18,3228,168,0,0,0,0,False,0,False,False,False,False,0,NONE
deep-learning-in-computer-vision-principles-and-applications-mahmoud-hassaballah-and-ali-ismail-awad-841.pdf,19,3328,472,0,0,0,0,False,0,False,False,False,False,0,NONE
deep-learning-in-computer-vision-principles-and-applications-mahmoud-hassaballah-and-ali-ismail-awad-841.pdf,20,2904,459,0,0,0,0,False,1,False,False,False,False,0,NONE
deep-learning-in-computer-vision-principles-and-applications-mahmoud-hassaballah-and-ali-ismail-awad-841.pdf,21,1747,332,0,0,0,0,False,3,False,False,False,False,0,NONE
deep-learning-in-computer-vision-principles-and-applications-mahmoud-hassaballah-and-ali-ismail-awad-841.pdf,22,1764,363,0,0,0,0,False,1,False,False,False,False,0,NONE
deep-learning-in-computer-vision-principles-and-applications-mahmoud-hassaballah-and-ali-ismail-awad-841.pdf,23,2486,424,0,0,0,0,False,1,False,False,False,False,0,NONE
deep-learning-in-computer-vision-principles-and-applications-mahmoud-hassaballah-and-ali-ismail-awad-841.pdf,24,1518,315,0,0,0,0,False,1,False,False,False,False,0,NONE
deep-learning-in-computer-vision-principles-and-applications-mahmoud-hassaballah-and-ali-ismail-awad-841.pdf,25,2276,374,0,0,0,0,False,0,False,False,False,False,0,NONE
deep-learning-in-computer-vision-principles-and-applications-mahmoud-hassaballah-and-ali-ismail-awad-841.pdf,26,2669,461,0,0,0,0,False,0,False,False,False,False,0,NONE
deep-learning-in-computer-vision-principles-and-applications-mahmoud-hassaballah-and-ali-ismail-awad-841.pdf,27,2975,458,0,0,0,0,False,0,False,False,False,False,0,NONE
deep-learning-in-computer-vision-principles-and-applications-mahmoud-hassaballah-and-ali-ismail-awad-841.pdf,28,2680,416,0,0,0,0,False,0,False,False,False,False,0,NONE
deep-learning-in-computer-vision-principles-and-applications-mahmoud-hassaballah-and-ali-ismail-awad-841.pdf,29,1769,253,1,0,0,0,False,2,False,False,False,False,0,NONE
deep-learning-in-computer-vision-principles-and-applications-mahmoud-hassaballah-and-ali-ismail-awad-841.pdf,30,1931,365,0,0,0,0,False,2,False,False,False,False,0,NONE
deep-learning-in-computer-vision-principles-and-applications-mahmoud-hassaballah-and-ali-ismail-awad-841.pdf,31,2020,367,0,0,0,0,False,3,False,False,False,False,1,NONE
deep-learning-in-computer-vision-principles-and-applications-mahmoud-hassaballah-and-ali-ismail-awad-841.pdf,32,2511,456,0,0,0,0,False,0,False,False,False,False,0,NONE
deep-learning-in-computer-vision-principles-and-applications-mahmoud-hassaballah-and-ali-ismail-awad-841.pdf,33,2997,493,0,0,0,0,False,2,False,False,False,False,0,NONE
deep-learning-in-computer-vision-principles-and-applications-mahmoud-hassaballah-and-ali-ismail-awad-841.pdf,34,1261,201,0,0,0,0,False,1,False,False,False,False,0,NONE
deep-learning-in-computer-vision-principles-and-applications-mahmoud-hassaballah-and-ali-ismail-awad-841.pdf,35,2022,345,0,0,0,0,False,3,False,False,False,False,0,NONE
deep-learning-in-computer-vision-principles-and-applications-mahmoud-hassaballah-and-ali-ismail-awad-841.pdf,36,1758,318,0,0,0,0,False,3,False,False,False,False,0,NONE
deep-learning-in-computer-vision-principles-and-applications-mahmoud-hassaballah-and-ali-ismail-awad-841.pdf,37,2009,360,0,0,0,0,False,4,False,False,False,False,1,NONE
deep-learning-in-computer-vision-principles-and-applications-mahmoud-hassaballah-and-ali-ismail-awad-841.pdf,38,2324,414,1,0,0,0,False,2,False,False,False,False,0,NONE
deep-learning-in-computer-vision-principles-and-applications-mahmoud-hassaballah-and-ali-ismail-awad-841.pdf,39,2362,395,1,0,0,0,False,1,False,False,False,False,0,NONE
deep-learning-in-computer-vision-principles-and-applications-mahmoud-hassaballah-and-ali-ismail-awad-841.pdf,40,3001,470,0,0,0,0,False,0,False,False,False,False,0,NONE
deep-learning-in-computer-vision-principles-and-applications-mahmoud-hassaballah-and-ali-ismail-awad-841.pdf,41,2363,377,0,0,0,0,False,1,False,False,False,False,0,NONE
deep-learning-in-computer-vision-principles-and-applications-mahmoud-hassaballah-and-ali-ismail-awad-841.pdf,42,1524,266,0,0,0,0,False,1,False,False,False,False,0,NONE
deep-learning-in-computer-vision-principles-and-applications-mahmoud-hassaballah-and-ali-ismail-awad-841.pdf,43,579,90,0,0,0,0,False,1,False,False,False,False,0,NONE
deep-learning-in-computer-vision-principles-and-applications-mahmoud-hassaballah-and-ali-ismail-awad-841.pdf,44,1933,322,0,0,0,0,False,2,False,False,False,False,2,NONE
deep-learning-in-computer-vision-principles-and-applications-mahmoud-hassaballah-and-ali-ismail-awad-841.pdf,45,2111,345,0,0,0,0,False,3,False,False,False,False,0,NONE
deep-learning-in-computer-vision-principles-and-applications-mahmoud-hassaballah-and-ali-ismail-awad-841.pdf,46,3314,533,0,0,0,0,False,2,False,False,False,False,0,NONE
deep-learning-in-computer-vision-principles-and-applications-mahmoud-hassaballah-and-ali-ismail-awad-841.pdf,47,3547,495,0,0,0,0,False,2,False,False,False,False,6,NONE
deep-learning-in-computer-vision-principles-and-applications-mahmoud-hassaballah-and-ali-ismail-awad-841.pdf,48,1587,262,1,0,0,0,False,4,True,False,False,True,0,Orphaned/clustered figure captions (3 in trailing lines)
deep-learning-in-computer-vision-principles-and-applications-mahmoud-hassaballah-and-ali-ismail-awad-841.pdf,49,3143,504,0,0,0,0,False,1,False,False,False,False,0,NONE
deep-learning-in-computer-vision-principles-and-applications-mahmoud-hassaballah-and-ali-ismail-awad-841.pdf,50,3464,523,0,0,0,0,False,0,False,False,False,False,0,NONE
deep-learning-in-computer-vision-principles-and-applications-mahmoud-hassaballah-and-ali-ismail-awad-841.pdf,51,3705,575,0,0,0,0,False,0,False,False,False,False,0,NONE
deep-learning-in-computer-vision-principles-and-applications-mahmoud-hassaballah-and-ali-ismail-awad-841.pdf,52,3970,606,0,0,0,0,False,0,False,False,False,False,0,NONE
deep-learning-in-computer-vision-principles-and-applications-mahmoud-hassaballah-and-ali-ismail-awad-841.pdf,53,4028,616,0,0,0,0,False,0,False,False,False,False,0,NONE
deep-learning-in-computer-vision-principles-and-applications-mahmoud-hassaballah-and-ali-ismail-awad-841.pdf,54,3807,563,0,0,0,0,False,0,False,False,False,False,0,NONE
deep-learning-in-computer-vision-principles-and-applications-mahmoud-hassaballah-and-ali-ismail-awad-841.pdf,55,3685,546,0,0,0,0,False,0,False,False,False,False,0,NONE
deep-learning-in-computer-vision-principles-and-applications-mahmoud-hassaballah-and-ali-ismail-awad-841.pdf,56,1249,185,0,0,0,0,False,0,False,False,False,False,0,NONE
deep-learning-in-computer-vision-principles-and-applications-mahmoud-hassaballah-and-ali-ismail-awad-841.pdf,57,0,0,1,0,0,0,True,0,False,False,False,True,0,Sparse text (0 chars) with 1 images (visual diagram/scan)
deep-learning-in-computer-vision-principles-and-applications-mahmoud-hassaballah-and-ali-ismail-awad-841.pdf,58,2911,187,0,0,0,0,False,0,False,False,False,False,0,NONE
deep-learning-in-computer-vision-principles-and-applications-mahmoud-hassaballah-and-ali-ismail-awad-841.pdf,59,3401,525,0,0,0,0,False,0,False,False,False,False,0,NONE
deep-learning-in-computer-vision-principles-and-applications-mahmoud-hassaballah-and-ali-ismail-awad-841.pdf,60,3219,501,0,0,0,0,False,1,False,False,False,False,0,NONE
deep-learning-in-computer-vision-principles-and-applications-mahmoud-hassaballah-and-ali-ismail-awad-841.pdf,61,2454,376,8,0,0,0,False,2,False,False,False,False,0,NONE
deep-learning-in-computer-vision-principles-and-applications-mahmoud-hassaballah-and-ali-ismail-awad-841.pdf,62,2855,450,3,0,0,0,False,2,False,False,False,False,0,NONE
deep-learning-in-computer-vision-principles-and-applications-mahmoud-hassaballah-and-ali-ismail-awad-841.pdf,63,3362,531,0,0,0,0,False,1,False,False,False,False,0,NONE
deep-learning-in-computer-vision-principles-and-applications-mahmoud-hassaballah-and-ali-ismail-awad-841.pdf,64,1742,268,52,0,0,0,False,1,False,False,False,False,0,NONE
deep-learning-in-computer-vision-principles-and-applications-mahmoud-hassaballah-and-ali-ismail-awad-841.pdf,65,2917,481,0,0,0,0,False,1,False,False,False,False,0,NONE
deep-learning-in-computer-vision-principles-and-applications-mahmoud-hassaballah-and-ali-ismail-awad-841.pdf,66,1644,289,0,0,0,0,False,1,False,False,False,False,1,NONE
deep-learning-in-computer-vision-principles-and-applications-mahmoud-hassaballah-and-ali-ismail-awad-841.pdf,67,3275,526,0,0,0,0,False,2,False,False,False,False,0,NONE
deep-learning-in-computer-vision-principles-and-applications-mahmoud-hassaballah-and-ali-ismail-awad-841.pdf,68,2797,433,61,0,0,0,False,3,False,False,False,False,1,NONE
deep-learning-in-computer-vision-principles-and-applications-mahmoud-hassaballah-and-ali-ismail-awad-841.pdf,69,1846,343,5,0,0,0,False,3,False,False,False,False,0,NONE
deep-learning-in-computer-vision-principles-and-applications-mahmoud-hassaballah-and-ali-ismail-awad-841.pdf,70,3352,513,0,0,0,0,False,1,False,False,False,False,0,NONE
deep-learning-in-computer-vision-principles-and-applications-mahmoud-hassaballah-and-ali-ismail-awad-841.pdf,71,2572,417,0,0,0,0,False,0,False,False,False,False,0,NONE
deep-learning-in-computer-vision-principles-and-applications-mahmoud-hassaballah-and-ali-ismail-awad-841.pdf,72,3234,507,0,0,0,0,False,4,False,False,False,False,0,NONE
deep-learning-in-computer-vision-principles-and-applications-mahmoud-hassaballah-and-ali-ismail-awad-841.pdf,73,1758,282,1,0,0,0,False,4,False,False,False,False,0,NONE
deep-learning-in-computer-vision-principles-and-applications-mahmoud-hassaballah-and-ali-ismail-awad-841.pdf,74,2220,327,0,0,0,0,False,3,False,False,False,False,0,NONE
deep-learning-in-computer-vision-principles-and-applications-mahmoud-hassaballah-and-ali-ismail-awad-841.pdf,75,3299,511,0,0,0,0,False,0,False,False,False,False,0,NONE
deep-learning-in-computer-vision-principles-and-applications-mahmoud-hassaballah-and-ali-ismail-awad-841.pdf,76,3852,588,0,0,0,0,False,0,False,False,False,False,0,NONE
deep-learning-in-computer-vision-principles-and-applications-mahmoud-hassaballah-and-ali-ismail-awad-841.pdf,77,3785,580,0,0,0,0,False,0,False,False,False,False,0,NONE
deep-learning-in-computer-vision-principles-and-applications-mahmoud-hassaballah-and-ali-ismail-awad-841.pdf,78,3704,563,0,0,0,0,False,0,False,False,False,False,0,NONE
deep-learning-in-computer-vision-principles-and-applications-mahmoud-hassaballah-and-ali-ismail-awad-841.pdf,79,0,0,1,0,0,0,True,0,False,False,False,True,0,Sparse text (0 chars) with 1 images (visual diagram/scan)
deep-learning-in-computer-vision-principles-and-applications-mahmoud-hassaballah-and-ali-ismail-awad-841.pdf,80,2534,148,0,0,0,0,False,0,False,False,False,False,0,NONE
deep-learning-in-computer-vision-principles-and-applications-mahmoud-hassaballah-and-ali-ismail-awad-841.pdf,81,3721,559,0,0,0,0,False,0,False,False,False,False,0,NONE
deep-learning-in-computer-vision-principles-and-applications-mahmoud-hassaballah-and-ali-ismail-awad-841.pdf,82,2027,303,1,0,0,0,False,2,False,False,False,False,0,NONE
deep-learning-in-computer-vision-principles-and-applications-mahmoud-hassaballah-and-ali-ismail-awad-841.pdf,83,3403,519,0,0,0,0,False,0,False,False,False,False,0,NONE
deep-learning-in-computer-vision-principles-and-applications-mahmoud-hassaballah-and-ali-ismail-awad-841.pdf,84,3416,526,0,0,0,0,False,0,False,False,False,False,0,NONE
deep-learning-in-computer-vision-principles-and-applications-mahmoud-hassaballah-and-ali-ismail-awad-841.pdf,85,1892,293,1,0,0,0,False,3,False,False,False,False,0,NONE
deep-learning-in-computer-vision-principles-and-applications-mahmoud-hassaballah-and-ali-ismail-awad-841.pdf,86,1164,176,2,0,0,0,False,3,False,False,False,False,0,NONE
deep-learning-in-computer-vision-principles-and-applications-mahmoud-hassaballah-and-ali-ismail-awad-841.pdf,87,1544,227,1,0,0,0,False,3,False,False,False,False,0,NONE
deep-learning-in-computer-vision-principles-and-applications-mahmoud-hassaballah-and-ali-ismail-awad-841.pdf,88,1022,154,2,0,0,0,False,4,False,False,False,False,0,NONE
deep-learning-in-computer-vision-principles-and-applications-mahmoud-hassaballah-and-ali-ismail-awad-841.pdf,89,2199,343,1,0,0,0,False,3,False,False,False,False,0,NONE
deep-learning-in-computer-vision-principles-and-applications-mahmoud-hassaballah-and-ali-ismail-awad-841.pdf,90,1712,300,1,0,0,0,False,2,False,False,False,False,0,NONE
deep-learning-in-computer-vision-principles-and-applications-mahmoud-hassaballah-and-ali-ismail-awad-841.pdf,91,2474,411,0,0,0,0,False,0,False,False,False,False,0,NONE
deep-learning-in-computer-vision-principles-and-applications-mahmoud-hassaballah-and-ali-ismail-awad-841.pdf,92,867,128,1,0,0,0,False,1,False,False,False,False,0,NONE
deep-learning-in-computer-vision-principles-and-applications-mahmoud-hassaballah-and-ali-ismail-awad-841.pdf,93,1107,172,1,0,0,0,False,2,False,False,False,False,0,NONE
deep-learning-in-computer-vision-principles-and-applications-mahmoud-hassaballah-and-ali-ismail-awad-841.pdf,94,527,86,1,0,0,0,False,2,False,False,False,False,0,NONE
deep-learning-in-computer-vision-principles-and-applications-mahmoud-hassaballah-and-ali-ismail-awad-841.pdf,95,2754,444,0,0,0,0,False,2,False,False,False,False,0,NONE
deep-learning-in-computer-vision-principles-and-applications-mahmoud-hassaballah-and-ali-ismail-awad-841.pdf,96,2876,463,0,0,0,0,False,1,False,False,False,False,0,NONE
deep-learning-in-computer-vision-principles-and-applications-mahmoud-hassaballah-and-ali-ismail-awad-841.pdf,97,2603,417,0,0,0,0,False,3,False,False,False,False,0,NONE
deep-learning-in-computer-vision-principles-and-applications-mahmoud-hassaballah-and-ali-ismail-awad-841.pdf,98,2147,361,1,0,0,0,False,4,False,False,False,False,0,NONE
deep-learning-in-computer-vision-principles-and-applications-mahmoud-hassaballah-and-ali-ismail-awad-841.pdf,99,250,38,2,0,0,0,False,2,True,False,False,True,0,Orphaned/clustered figure captions (2 in trailing lines)
deep-learning-in-computer-vision-principles-and-applications-mahmoud-hassaballah-and-ali-ismail-awad-841.pdf,100,1056,154,1,0,0,0,False,1,False,False,False,False,0,NONE
deep-learning-in-computer-vision-principles-and-applications-mahmoud-hassaballah-and-ali-ismail-awad-841.pdf,101,3705,550,0,0,0,0,False,0,False,False,False,False,0,NONE
deep-learning-in-computer-vision-principles-and-applications-mahmoud-hassaballah-and-ali-ismail-awad-841.pdf,102,3686,549,0,0,0,0,False,0,False,False,False,False,0,NONE
deep-learning-in-computer-vision-principles-and-applications-mahmoud-hassaballah-and-ali-ismail-awad-841.pdf,103,3657,553,0,0,0,0,False,0,False,False,False,False,0,NONE
deep-learning-in-computer-vision-principles-and-applications-mahmoud-hassaballah-and-ali-ismail-awad-841.pdf,104,1144,170,0,0,0,0,False,0,False,False,False,False,0,NONE
deep-learning-in-computer-vision-principles-and-applications-mahmoud-hassaballah-and-ali-ismail-awad-841.pdf,105,0,0,1,0,0,0,True,0,False,False,False,True,0,Sparse text (0 chars) with 1 images (visual diagram/scan)
deep-learning-in-computer-vision-principles-and-applications-mahmoud-hassaballah-and-ali-ismail-awad-841.pdf,106,2418,129,0,0,0,0,False,0,False,False,False,False,0,NONE
deep-learning-in-computer-vision-principles-and-applications-mahmoud-hassaballah-and-ali-ismail-awad-841.pdf,107,3724,531,0,0,0,0,False,1,False,False,False,False,0,NONE
deep-learning-in-computer-vision-principles-and-applications-mahmoud-hassaballah-and-ali-ismail-awad-841.pdf,108,1558,228,1,0,0,0,False,1,False,False,False,False,0,NONE
deep-learning-in-computer-vision-principles-and-applications-mahmoud-hassaballah-and-ali-ismail-awad-841.pdf,109,3093,458,0,0,0,0,False,0,False,False,False,False,0,NONE
deep-learning-in-computer-vision-principles-and-applications-mahmoud-hassaballah-and-ali-ismail-awad-841.pdf,110,3495,499,0,0,0,0,False,0,False,False,False,False,0,NONE
deep-learning-in-computer-vision-principles-and-applications-mahmoud-hassaballah-and-ali-ismail-awad-841.pdf,111,3652,516,0,0,0,0,False,0,False,False,False,False,0,NONE
deep-learning-in-computer-vision-principles-and-applications-mahmoud-hassaballah-and-ali-ismail-awad-841.pdf,112,3324,491,0,0,0,0,False,0,False,False,False,False,0,NONE
deep-learning-in-computer-vision-principles-and-applications-mahmoud-hassaballah-and-ali-ismail-awad-841.pdf,113,2054,359,1,0,0,0,False,2,False,False,False,False,0,NONE
deep-learning-in-computer-vision-principles-and-applications-mahmoud-hassaballah-and-ali-ismail-awad-841.pdf,114,2296,459,0,0,0,0,False,1,False,False,False,False,0,NONE
deep-learning-in-computer-vision-principles-and-applications-mahmoud-hassaballah-and-ali-ismail-awad-841.pdf,115,2739,503,0,0,0,0,False,3,False,False,False,False,0,NONE
deep-learning-in-computer-vision-principles-and-applications-mahmoud-hassaballah-and-ali-ismail-awad-841.pdf,116,2747,420,1,0,0,0,False,2,False,False,False,False,0,NONE
deep-learning-in-computer-vision-principles-and-applications-mahmoud-hassaballah-and-ali-ismail-awad-841.pdf,117,1387,203,1,0,0,0,False,2,False,False,False,False,0,NONE
deep-learning-in-computer-vision-principles-and-applications-mahmoud-hassaballah-and-ali-ismail-awad-841.pdf,118,1899,315,1,0,0,0,False,2,False,False,False,False,0,NONE
deep-learning-in-computer-vision-principles-and-applications-mahmoud-hassaballah-and-ali-ismail-awad-841.pdf,119,3127,555,0,0,2,0,False,0,False,False,False,False,0,NONE
deep-learning-in-computer-vision-principles-and-applications-mahmoud-hassaballah-and-ali-ismail-awad-841.pdf,120,1107,254,1,0,0,0,False,2,False,False,False,False,0,NONE
deep-learning-in-computer-vision-principles-and-applications-mahmoud-hassaballah-and-ali-ismail-awad-841.pdf,121,2526,413,1,0,0,0,False,2,False,False,False,False,0,NONE
deep-learning-in-computer-vision-principles-and-applications-mahmoud-hassaballah-and-ali-ismail-awad-841.pdf,122,2898,447,0,0,0,0,False,1,False,False,False,False,0,NONE
deep-learning-in-computer-vision-principles-and-applications-mahmoud-hassaballah-and-ali-ismail-awad-841.pdf,123,3642,561,0,0,0,0,False,0,False,False,False,False,0,NONE
deep-learning-in-computer-vision-principles-and-applications-mahmoud-hassaballah-and-ali-ismail-awad-841.pdf,124,871,133,1,0,0,0,False,2,False,False,False,False,0,NONE
deep-learning-in-computer-vision-principles-and-applications-mahmoud-hassaballah-and-ali-ismail-awad-841.pdf,125,3222,517,0,0,0,0,False,3,False,False,False,False,0,NONE
deep-learning-in-computer-vision-principles-and-applications-mahmoud-hassaballah-and-ali-ismail-awad-841.pdf,126,3345,523,0,0,0,0,False,3,False,False,False,False,0,NONE
deep-learning-in-computer-vision-principles-and-applications-mahmoud-hassaballah-and-ali-ismail-awad-841.pdf,127,263,37,2,0,0,0,False,2,True,False,False,True,0,Orphaned/clustered figure captions (2 in trailing lines)
deep-learning-in-computer-vision-principles-and-applications-mahmoud-hassaballah-and-ali-ismail-awad-841.pdf,128,2675,427,1,0,0,0,False,3,False,False,False,False,0,NONE
deep-learning-in-computer-vision-principles-and-applications-mahmoud-hassaballah-and-ali-ismail-awad-841.pdf,129,2928,469,0,0,0,0,False,4,False,False,False,False,0,NONE
deep-learning-in-computer-vision-principles-and-applications-mahmoud-hassaballah-and-ali-ismail-awad-841.pdf,130,2268,347,0,0,0,0,False,6,False,False,False,False,0,NONE
deep-learning-in-computer-vision-principles-and-applications-mahmoud-hassaballah-and-ali-ismail-awad-841.pdf,131,3743,588,0,0,0,0,False,1,False,False,False,False,0,NONE
deep-learning-in-computer-vision-principles-and-applications-mahmoud-hassaballah-and-ali-ismail-awad-841.pdf,132,2387,354,0,0,0,0,False,4,False,False,False,False,0,NONE
deep-learning-in-computer-vision-principles-and-applications-mahmoud-hassaballah-and-ali-ismail-awad-841.pdf,133,1250,189,0,0,0,0,False,2,False,False,False,False,0,NONE
deep-learning-in-computer-vision-principles-and-applications-mahmoud-hassaballah-and-ali-ismail-awad-841.pdf,134,2388,358,0,0,0,0,False,2,False,False,False,False,0,NONE
deep-learning-in-computer-vision-principles-and-applications-mahmoud-hassaballah-and-ali-ismail-awad-841.pdf,135,2498,379,1,0,0,0,False,7,False,False,False,False,0,NONE
deep-learning-in-computer-vision-principles-and-applications-mahmoud-hassaballah-and-ali-ismail-awad-841.pdf,136,1260,189,1,0,0,0,False,3,False,False,False,False,0,NONE
deep-learning-in-computer-vision-principles-and-applications-mahmoud-hassaballah-and-ali-ismail-awad-841.pdf,137,2532,342,0,0,0,0,False,1,False,False,False,False,0,NONE
deep-learning-in-computer-vision-principles-and-applications-mahmoud-hassaballah-and-ali-ismail-awad-841.pdf,138,3511,521,0,0,0,0,False,0,False,False,False,False,0,NONE
deep-learning-in-computer-vision-principles-and-applications-mahmoud-hassaballah-and-ali-ismail-awad-841.pdf,139,3924,600,0,0,0,0,False,0,False,False,False,False,0,NONE
deep-learning-in-computer-vision-principles-and-applications-mahmoud-hassaballah-and-ali-ismail-awad-841.pdf,140,3768,567,0,0,0,0,False,0,False,False,False,False,0,NONE
deep-learning-in-computer-vision-principles-and-applications-mahmoud-hassaballah-and-ali-ismail-awad-841.pdf,141,3732,544,0,0,0,0,False,0,False,False,False,False,0,NONE
deep-learning-in-computer-vision-principles-and-applications-mahmoud-hassaballah-and-ali-ismail-awad-841.pdf,142,1779,266,0,0,0,0,False,0,False,False,False,False,0,NONE
deep-learning-in-computer-vision-principles-and-applications-mahmoud-hassaballah-and-ali-ismail-awad-841.pdf,143,0,0,1,0,0,0,True,0,False,False,False,True,0,Sparse text (0 chars) with 1 images (visual diagram/scan)
deep-learning-in-computer-vision-principles-and-applications-mahmoud-hassaballah-and-ali-ismail-awad-841.pdf,144,2551,212,0,0,0,0,False,0,False,False,False,False,0,NONE
deep-learning-in-computer-vision-principles-and-applications-mahmoud-hassaballah-and-ali-ismail-awad-841.pdf,145,2485,370,1,0,0,0,False,2,False,False,False,False,0,NONE
deep-learning-in-computer-vision-principles-and-applications-mahmoud-hassaballah-and-ali-ismail-awad-841.pdf,146,2590,409,1,0,0,0,False,4,False,False,False,False,0,NONE
deep-learning-in-computer-vision-principles-and-applications-mahmoud-hassaballah-and-ali-ismail-awad-841.pdf,147,2413,432,0,0,0,0,False,0,False,False,False,False,0,NONE
deep-learning-in-computer-vision-principles-and-applications-mahmoud-hassaballah-and-ali-ismail-awad-841.pdf,148,1853,326,1,0,0,0,False,2,False,False,False,False,0,NONE
deep-learning-in-computer-vision-principles-and-applications-mahmoud-hassaballah-and-ali-ismail-awad-841.pdf,149,3300,507,0,0,0,0,False,3,False,False,False,False,0,NONE
deep-learning-in-computer-vision-principles-and-applications-mahmoud-hassaballah-and-ali-ismail-awad-841.pdf,150,2366,357,1,0,0,0,False,5,False,False,False,False,0,NONE
deep-learning-in-computer-vision-principles-and-applications-mahmoud-hassaballah-and-ali-ismail-awad-841.pdf,151,445,64,1,0,0,0,False,1,False,False,False,False,0,NONE
deep-learning-in-computer-vision-principles-and-applications-mahmoud-hassaballah-and-ali-ismail-awad-841.pdf,152,2612,382,1,0,0,0,False,3,False,False,False,False,0,NONE
deep-learning-in-computer-vision-principles-and-applications-mahmoud-hassaballah-and-ali-ismail-awad-841.pdf,153,948,222,0,0,0,0,False,1,False,False,False,False,0,NONE
deep-learning-in-computer-vision-principles-and-applications-mahmoud-hassaballah-and-ali-ismail-awad-841.pdf,154,1126,163,2,0,0,0,False,2,False,False,False,False,0,NONE
deep-learning-in-computer-vision-principles-and-applications-mahmoud-hassaballah-and-ali-ismail-awad-841.pdf,155,1025,151,2,0,0,0,False,2,False,False,False,False,0,NONE
deep-learning-in-computer-vision-principles-and-applications-mahmoud-hassaballah-and-ali-ismail-awad-841.pdf,156,2773,404,0,0,0,0,False,5,False,False,False,False,0,NONE
deep-learning-in-computer-vision-principles-and-applications-mahmoud-hassaballah-and-ali-ismail-awad-841.pdf,157,1631,248,1,0,0,0,False,3,False,False,False,False,0,NONE
deep-learning-in-computer-vision-principles-and-applications-mahmoud-hassaballah-and-ali-ismail-awad-841.pdf,158,2583,409,1,0,0,0,False,14,False,False,False,False,0,NONE
deep-learning-in-computer-vision-principles-and-applications-mahmoud-hassaballah-and-ali-ismail-awad-841.pdf,159,309,48,1,0,0,0,False,1,False,False,False,False,0,NONE
deep-learning-in-computer-vision-principles-and-applications-mahmoud-hassaballah-and-ali-ismail-awad-841.pdf,160,1403,229,1,0,0,0,False,5,False,False,False,False,0,NONE
deep-learning-in-computer-vision-principles-and-applications-mahmoud-hassaballah-and-ali-ismail-awad-841.pdf,161,1247,180,1,0,0,0,False,1,False,False,False,False,0,NONE
deep-learning-in-computer-vision-principles-and-applications-mahmoud-hassaballah-and-ali-ismail-awad-841.pdf,162,2915,436,0,0,0,0,False,3,False,False,False,False,0,NONE
deep-learning-in-computer-vision-principles-and-applications-mahmoud-hassaballah-and-ali-ismail-awad-841.pdf,163,3615,534,0,0,0,0,False,0,False,False,False,False,0,NONE
deep-learning-in-computer-vision-principles-and-applications-mahmoud-hassaballah-and-ali-ismail-awad-841.pdf,164,3889,583,0,0,0,0,False,0,False,False,False,False,0,NONE
deep-learning-in-computer-vision-principles-and-applications-mahmoud-hassaballah-and-ali-ismail-awad-841.pdf,165,3773,564,0,0,0,0,False,0,False,False,False,False,0,NONE
deep-learning-in-computer-vision-principles-and-applications-mahmoud-hassaballah-and-ali-ismail-awad-841.pdf,166,468,71,0,0,0,0,False,0,False,False,False,False,0,NONE
deep-learning-in-computer-vision-principles-and-applications-mahmoud-hassaballah-and-ali-ismail-awad-841.pdf,167,0,0,1,0,0,0,True,0,False,False,False,True,0,Sparse text (0 chars) with 1 images (visual diagram/scan)
deep-learning-in-computer-vision-principles-and-applications-mahmoud-hassaballah-and-ali-ismail-awad-841.pdf,168,2572,131,0,0,0,0,False,0,False,False,False,False,0,NONE
deep-learning-in-computer-vision-principles-and-applications-mahmoud-hassaballah-and-ali-ismail-awad-841.pdf,169,3286,514,0,0,0,0,False,0,False,False,False,False,0,NONE
deep-learning-in-computer-vision-principles-and-applications-mahmoud-hassaballah-and-ali-ismail-awad-841.pdf,170,3237,521,0,0,0,0,False,0,False,False,False,False,0,NONE
deep-learning-in-computer-vision-principles-and-applications-mahmoud-hassaballah-and-ali-ismail-awad-841.pdf,171,3206,511,0,0,0,0,False,0,False,False,False,False,0,NONE
deep-learning-in-computer-vision-principles-and-applications-mahmoud-hassaballah-and-ali-ismail-awad-841.pdf,172,2217,362,1,0,0,0,False,2,False,False,False,False,0,NONE
deep-learning-in-computer-vision-principles-and-applications-mahmoud-hassaballah-and-ali-ismail-awad-841.pdf,173,3656,622,0,0,0,0,False,0,False,False,False,False,0,NONE
deep-learning-in-computer-vision-principles-and-applications-mahmoud-hassaballah-and-ali-ismail-awad-841.pdf,174,3320,511,0,0,0,0,False,1,False,False,False,False,0,NONE
deep-learning-in-computer-vision-principles-and-applications-mahmoud-hassaballah-and-ali-ismail-awad-841.pdf,175,2192,323,1,0,0,0,False,1,False,False,False,False,0,NONE
deep-learning-in-computer-vision-principles-and-applications-mahmoud-hassaballah-and-ali-ismail-awad-841.pdf,176,2174,329,1,0,0,0,False,2,False,False,False,False,0,NONE
deep-learning-in-computer-vision-principles-and-applications-mahmoud-hassaballah-and-ali-ismail-awad-841.pdf,177,3045,466,0,0,0,0,False,0,False,False,False,False,0,NONE
deep-learning-in-computer-vision-principles-and-applications-mahmoud-hassaballah-and-ali-ismail-awad-841.pdf,178,2987,469,0,0,0,0,False,0,False,False,False,False,0,NONE
deep-learning-in-computer-vision-principles-and-applications-mahmoud-hassaballah-and-ali-ismail-awad-841.pdf,179,3635,544,0,0,0,0,False,0,False,False,False,False,0,NONE
deep-learning-in-computer-vision-principles-and-applications-mahmoud-hassaballah-and-ali-ismail-awad-841.pdf,180,3267,548,0,0,0,0,False,0,False,False,False,False,0,NONE
deep-learning-in-computer-vision-principles-and-applications-mahmoud-hassaballah-and-ali-ismail-awad-841.pdf,181,2560,368,1,0,0,0,False,2,False,False,False,False,0,NONE
deep-learning-in-computer-vision-principles-and-applications-mahmoud-hassaballah-and-ali-ismail-awad-841.pdf,182,2747,424,1,0,0,0,False,3,False,False,False,False,0,NONE
deep-learning-in-computer-vision-principles-and-applications-mahmoud-hassaballah-and-ali-ismail-awad-841.pdf,183,2396,375,1,0,0,0,False,1,False,False,False,False,0,NONE
deep-learning-in-computer-vision-principles-and-applications-mahmoud-hassaballah-and-ali-ismail-awad-841.pdf,184,3319,496,0,0,0,0,False,8,False,False,False,False,0,NONE
deep-learning-in-computer-vision-principles-and-applications-mahmoud-hassaballah-and-ali-ismail-awad-841.pdf,185,2062,292,0,0,0,0,False,2,False,False,False,False,0,NONE
deep-learning-in-computer-vision-principles-and-applications-mahmoud-hassaballah-and-ali-ismail-awad-841.pdf,186,3638,564,0,0,0,0,False,6,False,False,False,False,0,NONE
deep-learning-in-computer-vision-principles-and-applications-mahmoud-hassaballah-and-ali-ismail-awad-841.pdf,187,1702,251,0,0,0,0,False,2,False,False,False,False,0,NONE
deep-learning-in-computer-vision-principles-and-applications-mahmoud-hassaballah-and-ali-ismail-awad-841.pdf,188,1528,221,0,0,0,0,False,2,False,False,False,False,0,NONE
deep-learning-in-computer-vision-principles-and-applications-mahmoud-hassaballah-and-ali-ismail-awad-841.pdf,189,1365,207,1,0,0,0,False,4,False,False,False,False,0,NONE
deep-learning-in-computer-vision-principles-and-applications-mahmoud-hassaballah-and-ali-ismail-awad-841.pdf,190,192,24,1,0,0,0,False,1,False,False,False,False,0,NONE
deep-learning-in-computer-vision-principles-and-applications-mahmoud-hassaballah-and-ali-ismail-awad-841.pdf,191,657,92,2,0,0,0,False,2,False,False,False,False,0,NONE
deep-learning-in-computer-vision-principles-and-applications-mahmoud-hassaballah-and-ali-ismail-awad-841.pdf,192,926,135,1,0,0,0,False,1,False,False,False,False,0,NONE
deep-learning-in-computer-vision-principles-and-applications-mahmoud-hassaballah-and-ali-ismail-awad-841.pdf,193,1561,236,1,0,0,0,False,1,False,False,False,False,0,NONE
deep-learning-in-computer-vision-principles-and-applications-mahmoud-hassaballah-and-ali-ismail-awad-841.pdf,194,1337,175,0,0,0,0,False,2,False,False,False,False,0,NONE
deep-learning-in-computer-vision-principles-and-applications-mahmoud-hassaballah-and-ali-ismail-awad-841.pdf,195,3522,467,0,0,0,0,False,0,False,False,False,False,0,NONE
deep-learning-in-computer-vision-principles-and-applications-mahmoud-hassaballah-and-ali-ismail-awad-841.pdf,196,3825,527,0,0,0,0,False,0,False,False,False,False,0,NONE
deep-learning-in-computer-vision-principles-and-applications-mahmoud-hassaballah-and-ali-ismail-awad-841.pdf,197,3772,515,0,0,0,0,False,0,False,False,False,False,0,NONE
deep-learning-in-computer-vision-principles-and-applications-mahmoud-hassaballah-and-ali-ismail-awad-841.pdf,198,3799,520,0,0,0,0,False,0,False,False,False,False,0,NONE
deep-learning-in-computer-vision-principles-and-applications-mahmoud-hassaballah-and-ali-ismail-awad-841.pdf,199,3016,408,0,0,0,0,False,0,False,False,False,False,0,NONE
deep-learning-in-computer-vision-principles-and-applications-mahmoud-hassaballah-and-ali-ismail-awad-841.pdf,200,2536,198,0,0,0,0,False,0,False,False,False,False,0,NONE
deep-learning-in-computer-vision-principles-and-applications-mahmoud-hassaballah-and-ali-ismail-awad-841.pdf,201,3755,565,0,0,0,0,False,1,False,False,False,False,0,NONE
deep-learning-in-computer-vision-principles-and-applications-mahmoud-hassaballah-and-ali-ismail-awad-841.pdf,202,2051,319,1,0,0,0,False,2,False,False,False,False,0,NONE
deep-learning-in-computer-vision-principles-and-applications-mahmoud-hassaballah-and-ali-ismail-awad-841.pdf,203,1045,179,2,0,0,0,False,2,False,False,False,False,0,NONE
deep-learning-in-computer-vision-principles-and-applications-mahmoud-hassaballah-and-ali-ismail-awad-841.pdf,204,2677,472,0,0,0,0,False,3,False,False,False,False,0,NONE
deep-learning-in-computer-vision-principles-and-applications-mahmoud-hassaballah-and-ali-ismail-awad-841.pdf,205,947,140,1,0,0,0,False,1,False,False,False,False,0,NONE
deep-learning-in-computer-vision-principles-and-applications-mahmoud-hassaballah-and-ali-ismail-awad-841.pdf,206,1563,256,2,0,0,0,False,4,False,False,False,False,0,NONE
deep-learning-in-computer-vision-principles-and-applications-mahmoud-hassaballah-and-ali-ismail-awad-841.pdf,207,2817,437,0,0,0,0,False,1,False,False,False,False,0,NONE
deep-learning-in-computer-vision-principles-and-applications-mahmoud-hassaballah-and-ali-ismail-awad-841.pdf,208,1288,209,2,0,0,0,False,4,False,False,False,False,0,NONE
deep-learning-in-computer-vision-principles-and-applications-mahmoud-hassaballah-and-ali-ismail-awad-841.pdf,209,945,155,2,0,0,0,False,3,False,False,False,False,0,NONE
deep-learning-in-computer-vision-principles-and-applications-mahmoud-hassaballah-and-ali-ismail-awad-841.pdf,210,2106,335,1,0,0,0,False,3,False,False,False,False,0,NONE
deep-learning-in-computer-vision-principles-and-applications-mahmoud-hassaballah-and-ali-ismail-awad-841.pdf,211,1691,237,1,0,0,0,False,1,False,False,False,False,0,NONE
deep-learning-in-computer-vision-principles-and-applications-mahmoud-hassaballah-and-ali-ismail-awad-841.pdf,212,1814,282,1,0,0,0,False,2,False,False,False,False,0,NONE
deep-learning-in-computer-vision-principles-and-applications-mahmoud-hassaballah-and-ali-ismail-awad-841.pdf,213,1837,301,1,0,0,0,False,5,False,False,False,False,0,NONE
deep-learning-in-computer-vision-principles-and-applications-mahmoud-hassaballah-and-ali-ismail-awad-841.pdf,214,468,74,3,0,0,0,False,4,True,False,False,True,0,Orphaned/clustered figure captions (2 in trailing lines)
deep-learning-in-computer-vision-principles-and-applications-mahmoud-hassaballah-and-ali-ismail-awad-841.pdf,215,2956,481,0,0,0,0,False,1,False,False,False,False,0,NONE
deep-learning-in-computer-vision-principles-and-applications-mahmoud-hassaballah-and-ali-ismail-awad-841.pdf,216,1727,280,1,0,0,0,False,3,False,False,False,False,0,NONE
deep-learning-in-computer-vision-principles-and-applications-mahmoud-hassaballah-and-ali-ismail-awad-841.pdf,217,748,120,2,0,0,0,False,2,False,False,False,False,0,NONE
deep-learning-in-computer-vision-principles-and-applications-mahmoud-hassaballah-and-ali-ismail-awad-841.pdf,218,2815,447,0,0,0,0,False,0,False,False,False,False,0,NONE
deep-learning-in-computer-vision-principles-and-applications-mahmoud-hassaballah-and-ali-ismail-awad-841.pdf,219,2130,343,0,0,0,0,False,5,False,False,False,False,0,NONE
deep-learning-in-computer-vision-principles-and-applications-mahmoud-hassaballah-and-ali-ismail-awad-841.pdf,220,888,142,1,0,0,0,False,2,False,False,False,False,0,NONE
deep-learning-in-computer-vision-principles-and-applications-mahmoud-hassaballah-and-ali-ismail-awad-841.pdf,221,1531,242,1,0,0,0,False,3,False,False,False,False,0,NONE
deep-learning-in-computer-vision-principles-and-applications-mahmoud-hassaballah-and-ali-ismail-awad-841.pdf,222,1974,306,1,0,0,0,False,7,False,False,False,False,0,NONE
deep-learning-in-computer-vision-principles-and-applications-mahmoud-hassaballah-and-ali-ismail-awad-841.pdf,223,1474,232,2,0,0,0,False,2,False,False,False,False,0,NONE
deep-learning-in-computer-vision-principles-and-applications-mahmoud-hassaballah-and-ali-ismail-awad-841.pdf,224,1527,225,1,0,0,0,False,1,False,False,False,False,0,NONE
deep-learning-in-computer-vision-principles-and-applications-mahmoud-hassaballah-and-ali-ismail-awad-841.pdf,225,4103,619,0,0,0,0,False,0,False,False,False,False,0,NONE
deep-learning-in-computer-vision-principles-and-applications-mahmoud-hassaballah-and-ali-ismail-awad-841.pdf,226,3535,508,0,0,0,0,False,0,False,False,False,False,0,NONE
deep-learning-in-computer-vision-principles-and-applications-mahmoud-hassaballah-and-ali-ismail-awad-841.pdf,227,0,0,1,0,0,0,True,0,False,False,False,True,0,Sparse text (0 chars) with 1 images (visual diagram/scan)
deep-learning-in-computer-vision-principles-and-applications-mahmoud-hassaballah-and-ali-ismail-awad-841.pdf,228,2926,298,0,0,0,0,False,0,False,False,False,False,0,NONE
deep-learning-in-computer-vision-principles-and-applications-mahmoud-hassaballah-and-ali-ismail-awad-841.pdf,229,3515,522,0,0,0,0,False,0,False,False,False,False,0,NONE
deep-learning-in-computer-vision-principles-and-applications-mahmoud-hassaballah-and-ali-ismail-awad-841.pdf,230,3334,489,0,0,0,0,False,0,False,False,False,False,0,NONE
deep-learning-in-computer-vision-principles-and-applications-mahmoud-hassaballah-and-ali-ismail-awad-841.pdf,231,2181,337,1,0,0,0,False,2,False,False,False,False,0,NONE
deep-learning-in-computer-vision-principles-and-applications-mahmoud-hassaballah-and-ali-ismail-awad-841.pdf,232,2903,489,0,0,0,0,False,2,False,False,False,False,0,NONE
deep-learning-in-computer-vision-principles-and-applications-mahmoud-hassaballah-and-ali-ismail-awad-841.pdf,233,3584,547,0,0,0,0,False,0,False,False,False,False,0,NONE
deep-learning-in-computer-vision-principles-and-applications-mahmoud-hassaballah-and-ali-ismail-awad-841.pdf,234,3857,619,0,0,0,0,False,0,False,False,False,False,0,NONE
deep-learning-in-computer-vision-principles-and-applications-mahmoud-hassaballah-and-ali-ismail-awad-841.pdf,235,3147,471,0,0,0,0,False,2,False,False,False,False,0,NONE
deep-learning-in-computer-vision-principles-and-applications-mahmoud-hassaballah-and-ali-ismail-awad-841.pdf,236,2287,348,0,0,0,0,False,4,False,False,False,False,0,NONE
deep-learning-in-computer-vision-principles-and-applications-mahmoud-hassaballah-and-ali-ismail-awad-841.pdf,237,1835,294,2,0,0,0,False,2,False,False,False,False,0,NONE
deep-learning-in-computer-vision-principles-and-applications-mahmoud-hassaballah-and-ali-ismail-awad-841.pdf,238,2724,437,0,0,0,0,False,2,False,False,False,False,0,NONE
deep-learning-in-computer-vision-principles-and-applications-mahmoud-hassaballah-and-ali-ismail-awad-841.pdf,239,2366,358,1,0,0,0,False,2,False,False,False,False,0,NONE
deep-learning-in-computer-vision-principles-and-applications-mahmoud-hassaballah-and-ali-ismail-awad-841.pdf,240,3834,590,0,0,0,0,False,0,False,False,False,False,0,NONE
deep-learning-in-computer-vision-principles-and-applications-mahmoud-hassaballah-and-ali-ismail-awad-841.pdf,241,3485,527,0,0,0,0,False,0,False,False,False,False,0,NONE
deep-learning-in-computer-vision-principles-and-applications-mahmoud-hassaballah-and-ali-ismail-awad-841.pdf,242,3334,494,0,0,0,0,False,0,False,False,False,False,0,NONE
deep-learning-in-computer-vision-principles-and-applications-mahmoud-hassaballah-and-ali-ismail-awad-841.pdf,243,3823,515,0,0,0,0,False,0,False,False,False,False,0,NONE
deep-learning-in-computer-vision-principles-and-applications-mahmoud-hassaballah-and-ali-ismail-awad-841.pdf,244,3493,479,0,0,0,0,False,0,False,False,False,False,0,NONE
deep-learning-in-computer-vision-principles-and-applications-mahmoud-hassaballah-and-ali-ismail-awad-841.pdf,245,3784,503,0,0,0,0,False,0,False,False,False,False,0,NONE
deep-learning-in-computer-vision-principles-and-applications-mahmoud-hassaballah-and-ali-ismail-awad-841.pdf,246,3812,517,0,0,0,0,False,0,False,False,False,False,0,NONE
deep-learning-in-computer-vision-principles-and-applications-mahmoud-hassaballah-and-ali-ismail-awad-841.pdf,247,3490,468,0,0,0,0,False,0,False,False,False,False,0,NONE
deep-learning-in-computer-vision-principles-and-applications-mahmoud-hassaballah-and-ali-ismail-awad-841.pdf,248,3279,444,0,0,0,0,False,0,False,False,False,False,0,NONE
deep-learning-in-computer-vision-principles-and-applications-mahmoud-hassaballah-and-ali-ismail-awad-841.pdf,249,0,0,1,0,0,0,True,0,False,False,False,True,0,Sparse text (0 chars) with 1 images (visual diagram/scan)
deep-learning-in-computer-vision-principles-and-applications-mahmoud-hassaballah-and-ali-ismail-awad-841.pdf,250,2610,122,0,0,0,0,False,0,False,False,False,False,0,NONE
deep-learning-in-computer-vision-principles-and-applications-mahmoud-hassaballah-and-ali-ismail-awad-841.pdf,251,3636,391,0,0,0,0,False,1,False,False,False,False,0,NONE
deep-learning-in-computer-vision-principles-and-applications-mahmoud-hassaballah-and-ali-ismail-awad-841.pdf,252,2151,298,1,0,0,0,False,1,False,False,False,False,0,NONE
deep-learning-in-computer-vision-principles-and-applications-mahmoud-hassaballah-and-ali-ismail-awad-841.pdf,253,3267,475,0,0,0,0,False,0,False,False,False,False,0,NONE
deep-learning-in-computer-vision-principles-and-applications-mahmoud-hassaballah-and-ali-ismail-awad-841.pdf,254,2305,365,1,0,0,0,False,3,False,False,False,False,0,NONE
deep-learning-in-computer-vision-principles-and-applications-mahmoud-hassaballah-and-ali-ismail-awad-841.pdf,255,3047,496,0,0,0,0,False,0,False,False,False,False,0,NONE
deep-learning-in-computer-vision-principles-and-applications-mahmoud-hassaballah-and-ali-ismail-awad-841.pdf,256,2301,377,0,0,0,0,False,1,False,False,False,False,0,NONE
deep-learning-in-computer-vision-principles-and-applications-mahmoud-hassaballah-and-ali-ismail-awad-841.pdf,257,3156,485,0,0,0,0,False,0,False,False,False,False,0,NONE
deep-learning-in-computer-vision-principles-and-applications-mahmoud-hassaballah-and-ali-ismail-awad-841.pdf,258,3021,481,0,0,0,0,False,0,False,False,False,False,0,NONE
deep-learning-in-computer-vision-principles-and-applications-mahmoud-hassaballah-and-ali-ismail-awad-841.pdf,259,2276,341,0,0,0,0,False,2,False,False,False,False,0,NONE
deep-learning-in-computer-vision-principles-and-applications-mahmoud-hassaballah-and-ali-ismail-awad-841.pdf,260,2945,471,0,0,0,0,False,1,False,False,False,False,0,NONE
deep-learning-in-computer-vision-principles-and-applications-mahmoud-hassaballah-and-ali-ismail-awad-841.pdf,261,2491,375,0,0,0,0,False,2,False,False,False,False,0,NONE
deep-learning-in-computer-vision-principles-and-applications-mahmoud-hassaballah-and-ali-ismail-awad-841.pdf,262,3065,459,0,0,0,0,False,0,False,False,False,False,0,NONE
deep-learning-in-computer-vision-principles-and-applications-mahmoud-hassaballah-and-ali-ismail-awad-841.pdf,263,2885,414,0,0,0,0,False,0,False,False,False,False,0,NONE
deep-learning-in-computer-vision-principles-and-applications-mahmoud-hassaballah-and-ali-ismail-awad-841.pdf,264,3010,445,0,0,0,0,False,0,False,False,False,False,0,NONE
deep-learning-in-computer-vision-principles-and-applications-mahmoud-hassaballah-and-ali-ismail-awad-841.pdf,265,2857,424,0,0,0,0,False,0,False,False,False,False,0,NONE
deep-learning-in-computer-vision-principles-and-applications-mahmoud-hassaballah-and-ali-ismail-awad-841.pdf,266,1614,258,1,0,0,0,False,2,False,False,False,False,0,NONE
deep-learning-in-computer-vision-principles-and-applications-mahmoud-hassaballah-and-ali-ismail-awad-841.pdf,267,1560,236,1,0,0,0,False,4,False,False,False,False,0,NONE
deep-learning-in-computer-vision-principles-and-applications-mahmoud-hassaballah-and-ali-ismail-awad-841.pdf,268,1800,312,0,0,0,0,False,0,False,False,False,False,0,NONE
deep-learning-in-computer-vision-principles-and-applications-mahmoud-hassaballah-and-ali-ismail-awad-841.pdf,269,1561,278,0,0,0,0,False,1,False,False,False,False,0,NONE
deep-learning-in-computer-vision-principles-and-applications-mahmoud-hassaballah-and-ali-ismail-awad-841.pdf,270,2506,349,0,0,0,0,False,1,False,False,False,False,0,NONE
deep-learning-in-computer-vision-principles-and-applications-mahmoud-hassaballah-and-ali-ismail-awad-841.pdf,271,3852,490,0,0,0,0,False,0,False,False,False,False,0,NONE
deep-learning-in-computer-vision-principles-and-applications-mahmoud-hassaballah-and-ali-ismail-awad-841.pdf,272,4033,515,0,0,0,0,False,0,False,False,False,False,0,NONE
deep-learning-in-computer-vision-principles-and-applications-mahmoud-hassaballah-and-ali-ismail-awad-841.pdf,273,3924,521,0,0,0,0,False,0,False,False,False,False,0,NONE
deep-learning-in-computer-vision-principles-and-applications-mahmoud-hassaballah-and-ali-ismail-awad-841.pdf,274,3663,480,0,0,0,0,False,0,False,False,False,False,0,NONE
deep-learning-in-computer-vision-principles-and-applications-mahmoud-hassaballah-and-ali-ismail-awad-841.pdf,275,3875,516,0,0,0,0,False,0,False,False,False,False,0,NONE
deep-learning-in-computer-vision-principles-and-applications-mahmoud-hassaballah-and-ali-ismail-awad-841.pdf,276,2984,391,0,0,0,0,False,0,False,False,False,False,0,NONE
deep-learning-in-computer-vision-principles-and-applications-mahmoud-hassaballah-and-ali-ismail-awad-841.pdf,277,0,0,1,0,0,0,True,0,False,False,False,True,0,Sparse text (0 chars) with 1 images (visual diagram/scan)
deep-learning-in-computer-vision-principles-and-applications-mahmoud-hassaballah-and-ali-ismail-awad-841.pdf,278,2529,136,0,0,0,0,False,0,False,False,False,False,0,NONE
deep-learning-in-computer-vision-principles-and-applications-mahmoud-hassaballah-and-ali-ismail-awad-841.pdf,279,3651,542,0,0,0,0,False,1,False,False,False,False,0,NONE
deep-learning-in-computer-vision-principles-and-applications-mahmoud-hassaballah-and-ali-ismail-awad-841.pdf,280,2176,310,1,0,0,0,False,1,False,False,False,False,0,NONE
deep-learning-in-computer-vision-principles-and-applications-mahmoud-hassaballah-and-ali-ismail-awad-841.pdf,281,3370,492,0,0,0,0,False,0,False,False,False,False,0,NONE
deep-learning-in-computer-vision-principles-and-applications-mahmoud-hassaballah-and-ali-ismail-awad-841.pdf,282,3551,523,0,0,0,0,False,0,False,False,False,False,0,NONE
deep-learning-in-computer-vision-principles-and-applications-mahmoud-hassaballah-and-ali-ismail-awad-841.pdf,283,3548,530,0,0,0,0,False,0,False,False,False,False,0,NONE
deep-learning-in-computer-vision-principles-and-applications-mahmoud-hassaballah-and-ali-ismail-awad-841.pdf,284,3082,460,0,0,0,0,False,2,False,False,False,False,0,NONE
deep-learning-in-computer-vision-principles-and-applications-mahmoud-hassaballah-and-ali-ismail-awad-841.pdf,285,2197,343,1,0,0,0,False,3,False,False,False,False,0,NONE
deep-learning-in-computer-vision-principles-and-applications-mahmoud-hassaballah-and-ali-ismail-awad-841.pdf,286,1098,161,1,0,0,0,False,1,False,False,False,False,0,NONE
deep-learning-in-computer-vision-principles-and-applications-mahmoud-hassaballah-and-ali-ismail-awad-841.pdf,287,2339,344,1,0,0,0,False,2,False,False,False,False,0,NONE
deep-learning-in-computer-vision-principles-and-applications-mahmoud-hassaballah-and-ali-ismail-awad-841.pdf,288,2522,451,0,0,0,0,False,2,False,False,False,False,0,NONE
deep-learning-in-computer-vision-principles-and-applications-mahmoud-hassaballah-and-ali-ismail-awad-841.pdf,289,2982,476,0,0,0,0,False,2,False,False,False,False,0,NONE
deep-learning-in-computer-vision-principles-and-applications-mahmoud-hassaballah-and-ali-ismail-awad-841.pdf,290,2090,326,1,0,0,0,False,2,False,False,False,False,0,NONE
deep-learning-in-computer-vision-principles-and-applications-mahmoud-hassaballah-and-ali-ismail-awad-841.pdf,291,2282,378,0,0,0,0,False,1,False,False,False,False,0,NONE
deep-learning-in-computer-vision-principles-and-applications-mahmoud-hassaballah-and-ali-ismail-awad-841.pdf,292,2035,307,1,0,0,0,False,2,False,False,False,False,0,NONE
deep-learning-in-computer-vision-principles-and-applications-mahmoud-hassaballah-and-ali-ismail-awad-841.pdf,293,1908,279,1,0,0,0,False,5,False,False,False,False,0,NONE
deep-learning-in-computer-vision-principles-and-applications-mahmoud-hassaballah-and-ali-ismail-awad-841.pdf,294,3344,502,0,0,0,0,False,7,False,False,False,False,0,NONE
deep-learning-in-computer-vision-principles-and-applications-mahmoud-hassaballah-and-ali-ismail-awad-841.pdf,295,1357,208,0,0,0,0,False,2,False,False,False,False,0,NONE
deep-learning-in-computer-vision-principles-and-applications-mahmoud-hassaballah-and-ali-ismail-awad-841.pdf,296,1287,202,1,0,0,0,False,3,False,False,False,False,0,NONE
deep-learning-in-computer-vision-principles-and-applications-mahmoud-hassaballah-and-ali-ismail-awad-841.pdf,297,1472,232,1,0,0,0,False,4,False,False,False,False,0,NONE
deep-learning-in-computer-vision-principles-and-applications-mahmoud-hassaballah-and-ali-ismail-awad-841.pdf,298,1948,307,1,0,0,0,False,4,False,False,False,False,0,NONE
deep-learning-in-computer-vision-principles-and-applications-mahmoud-hassaballah-and-ali-ismail-awad-841.pdf,299,3637,545,0,0,0,0,False,2,False,False,False,False,0,NONE
deep-learning-in-computer-vision-principles-and-applications-mahmoud-hassaballah-and-ali-ismail-awad-841.pdf,300,2935,446,0,0,0,0,False,4,False,False,False,False,0,NONE
deep-learning-in-computer-vision-principles-and-applications-mahmoud-hassaballah-and-ali-ismail-awad-841.pdf,301,3780,590,0,0,0,0,False,0,False,False,False,False,0,NONE
deep-learning-in-computer-vision-principles-and-applications-mahmoud-hassaballah-and-ali-ismail-awad-841.pdf,302,3830,622,0,0,0,0,False,0,False,False,False,False,0,NONE
deep-learning-in-computer-vision-principles-and-applications-mahmoud-hassaballah-and-ali-ismail-awad-841.pdf,303,3846,556,0,0,0,0,False,0,False,False,False,False,0,NONE
deep-learning-in-computer-vision-principles-and-applications-mahmoud-hassaballah-and-ali-ismail-awad-841.pdf,304,3770,565,0,0,0,0,False,0,False,False,False,False,0,NONE
deep-learning-in-computer-vision-principles-and-applications-mahmoud-hassaballah-and-ali-ismail-awad-841.pdf,305,3657,564,0,0,0,0,False,0,False,False,False,False,0,NONE
deep-learning-in-computer-vision-principles-and-applications-mahmoud-hassaballah-and-ali-ismail-awad-841.pdf,306,879,119,0,0,0,0,False,0,False,False,False,False,0,NONE
deep-learning-in-computer-vision-principles-and-applications-mahmoud-hassaballah-and-ali-ismail-awad-841.pdf,307,0,0,1,0,0,0,True,0,False,False,False,True,0,Sparse text (0 chars) with 1 images (visual diagram/scan)
deep-learning-in-computer-vision-principles-and-applications-mahmoud-hassaballah-and-ali-ismail-awad-841.pdf,308,2613,154,0,0,0,0,False,0,False,False,False,False,0,NONE
deep-learning-in-computer-vision-principles-and-applications-mahmoud-hassaballah-and-ali-ismail-awad-841.pdf,309,3700,562,0,0,0,0,False,0,False,False,False,False,0,NONE
deep-learning-in-computer-vision-principles-and-applications-mahmoud-hassaballah-and-ali-ismail-awad-841.pdf,310,3412,524,0,0,0,0,False,0,False,False,False,False,0,NONE
deep-learning-in-computer-vision-principles-and-applications-mahmoud-hassaballah-and-ali-ismail-awad-841.pdf,311,3100,473,0,0,0,0,False,1,False,False,False,False,0,NONE
deep-learning-in-computer-vision-principles-and-applications-mahmoud-hassaballah-and-ali-ismail-awad-841.pdf,312,1258,210,0,0,0,0,False,1,False,False,False,False,0,NONE
deep-learning-in-computer-vision-principles-and-applications-mahmoud-hassaballah-and-ali-ismail-awad-841.pdf,313,3063,530,0,0,0,0,False,0,False,False,False,False,0,NONE
deep-learning-in-computer-vision-principles-and-applications-mahmoud-hassaballah-and-ali-ismail-awad-841.pdf,314,2235,396,1,0,0,0,False,3,False,False,False,False,0,NONE
deep-learning-in-computer-vision-principles-and-applications-mahmoud-hassaballah-and-ali-ismail-awad-841.pdf,315,2516,470,0,0,0,0,False,5,False,False,False,False,0,NONE
deep-learning-in-computer-vision-principles-and-applications-mahmoud-hassaballah-and-ali-ismail-awad-841.pdf,316,1197,184,1,0,0,0,False,1,False,False,False,False,0,NONE
deep-learning-in-computer-vision-principles-and-applications-mahmoud-hassaballah-and-ali-ismail-awad-841.pdf,317,856,133,1,0,0,0,False,1,False,False,False,False,0,NONE
deep-learning-in-computer-vision-principles-and-applications-mahmoud-hassaballah-and-ali-ismail-awad-841.pdf,318,2016,382,0,0,0,0,False,3,False,False,False,False,0,NONE
deep-learning-in-computer-vision-principles-and-applications-mahmoud-hassaballah-and-ali-ismail-awad-841.pdf,319,1574,244,1,0,0,0,False,2,False,False,False,False,0,NONE
deep-learning-in-computer-vision-principles-and-applications-mahmoud-hassaballah-and-ali-ismail-awad-841.pdf,320,860,130,2,0,0,0,False,3,False,False,False,False,0,NONE
deep-learning-in-computer-vision-principles-and-applications-mahmoud-hassaballah-and-ali-ismail-awad-841.pdf,321,2565,413,0,0,0,0,False,0,False,False,False,False,0,NONE
deep-learning-in-computer-vision-principles-and-applications-mahmoud-hassaballah-and-ali-ismail-awad-841.pdf,322,3581,569,0,0,0,0,False,3,False,False,False,False,0,NONE
deep-learning-in-computer-vision-principles-and-applications-mahmoud-hassaballah-and-ali-ismail-awad-841.pdf,323,548,77,0,0,0,0,False,1,False,False,False,False,0,NONE
deep-learning-in-computer-vision-principles-and-applications-mahmoud-hassaballah-and-ali-ismail-awad-841.pdf,324,3323,519,0,0,0,0,False,1,False,False,False,False,0,NONE
deep-learning-in-computer-vision-principles-and-applications-mahmoud-hassaballah-and-ali-ismail-awad-841.pdf,325,388,56,0,0,0,0,False,1,False,False,False,False,0,NONE
deep-learning-in-computer-vision-principles-and-applications-mahmoud-hassaballah-and-ali-ismail-awad-841.pdf,326,2978,461,0,0,0,0,False,6,False,False,False,False,0,NONE
deep-learning-in-computer-vision-principles-and-applications-mahmoud-hassaballah-and-ali-ismail-awad-841.pdf,327,1135,175,1,0,0,0,False,3,False,False,False,False,0,NONE
deep-learning-in-computer-vision-principles-and-applications-mahmoud-hassaballah-and-ali-ismail-awad-841.pdf,328,1667,266,1,0,0,0,False,2,False,False,False,False,0,NONE
deep-learning-in-computer-vision-principles-and-applications-mahmoud-hassaballah-and-ali-ismail-awad-841.pdf,329,3697,545,0,0,0,0,False,0,False,False,False,False,0,NONE
deep-learning-in-computer-vision-principles-and-applications-mahmoud-hassaballah-and-ali-ismail-awad-841.pdf,330,3832,571,0,0,0,0,False,0,False,False,False,False,0,NONE
deep-learning-in-computer-vision-principles-and-applications-mahmoud-hassaballah-and-ali-ismail-awad-841.pdf,331,1251,185,0,0,0,0,False,0,False,False,False,False,0,NONE
deep-learning-in-computer-vision-principles-and-applications-mahmoud-hassaballah-and-ali-ismail-awad-841.pdf,332,2582,320,0,0,0,0,False,0,False,False,False,False,0,NONE
deep-learning-in-computer-vision-principles-and-applications-mahmoud-hassaballah-and-ali-ismail-awad-841.pdf,333,2798,351,0,0,0,0,False,0,False,False,False,False,0,NONE
deep-learning-in-computer-vision-principles-and-applications-mahmoud-hassaballah-and-ali-ismail-awad-841.pdf,334,2866,372,0,0,0,0,False,0,False,False,False,False,0,NONE
deep-learning-in-computer-vision-principles-and-applications-mahmoud-hassaballah-and-ali-ismail-awad-841.pdf,335,3200,408,0,0,0,0,False,0,False,False,False,False,0,NONE
deep-learning-in-computer-vision-principles-and-applications-mahmoud-hassaballah-and-ali-ismail-awad-841.pdf,336,2585,338,0,0,0,0,False,0,False,False,False,False,0,NONE
deep-learning-in-computer-vision-principles-and-applications-mahmoud-hassaballah-and-ali-ismail-awad-841.pdf,337,2815,365,0,0,0,0,False,0,False,False,False,False,0,NONE
deep-learning-in-computer-vision-principles-and-applications-mahmoud-hassaballah-and-ali-ismail-awad-841.pdf,338,2773,349,0,0,0,0,False,0,False,False,False,False,0,NONE
deep-learning-in-computer-vision-principles-and-applications-mahmoud-hassaballah-and-ali-ismail-awad-841.pdf,339,1427,193,0,0,0,0,False,0,False,False,False,False,0,NONE
enterprise_platform_architecture.pdf,1,1423,183,0,0,0,0,False,0,False,False,False,False,0,NONE
enterprise_platform_architecture.pdf,2,1239,165,0,0,0,0,False,0,False,False,False,False,0,NONE
foundation-models-for-natural-language-processing-gerhard-paa-and-sven-giesselbach-839.pdf,1,193,21,1,0,0,0,False,0,False,False,False,False,0,NONE
foundation-models-for-natural-language-processing-gerhard-paa-and-sven-giesselbach-839.pdf,2,248,30,0,0,0,0,False,0,False,False,False,False,0,NONE
foundation-models-for-natural-language-processing-gerhard-paa-and-sven-giesselbach-839.pdf,3,1472,201,0,0,0,0,False,0,False,False,False,False,0,NONE
foundation-models-for-natural-language-processing-gerhard-paa-and-sven-giesselbach-839.pdf,4,132,16,0,0,0,0,False,0,False,False,False,False,0,NONE
foundation-models-for-natural-language-processing-gerhard-paa-and-sven-giesselbach-839.pdf,5,2528,356,0,0,0,0,False,0,False,False,False,False,0,NONE
foundation-models-for-natural-language-processing-gerhard-paa-and-sven-giesselbach-839.pdf,6,2338,361,0,0,0,0,False,0,False,False,False,False,0,NONE
foundation-models-for-natural-language-processing-gerhard-paa-and-sven-giesselbach-839.pdf,7,369,57,0,0,0,0,False,0,False,False,False,False,0,NONE
foundation-models-for-natural-language-processing-gerhard-paa-and-sven-giesselbach-839.pdf,8,2408,376,0,0,0,0,False,0,False,False,False,False,0,NONE
foundation-models-for-natural-language-processing-gerhard-paa-and-sven-giesselbach-839.pdf,9,3088,451,0,0,0,0,False,0,False,False,False,False,0,NONE
foundation-models-for-natural-language-processing-gerhard-paa-and-sven-giesselbach-839.pdf,10,576,98,0,0,0,0,False,0,False,False,False,False,0,NONE
foundation-models-for-natural-language-processing-gerhard-paa-and-sven-giesselbach-839.pdf,11,2285,196,0,0,0,0,False,0,False,False,False,False,0,NONE
foundation-models-for-natural-language-processing-gerhard-paa-and-sven-giesselbach-839.pdf,12,3141,263,0,0,0,0,False,0,False,False,False,False,0,NONE
foundation-models-for-natural-language-processing-gerhard-paa-and-sven-giesselbach-839.pdf,13,3313,254,0,0,0,0,False,0,False,False,False,False,0,NONE
foundation-models-for-natural-language-processing-gerhard-paa-and-sven-giesselbach-839.pdf,14,3277,274,0,0,0,0,False,0,False,False,False,False,0,NONE
foundation-models-for-natural-language-processing-gerhard-paa-and-sven-giesselbach-839.pdf,15,3284,275,0,0,0,0,False,0,False,False,False,False,0,NONE
foundation-models-for-natural-language-processing-gerhard-paa-and-sven-giesselbach-839.pdf,16,939,82,0,0,0,0,False,0,False,False,False,False,0,NONE
foundation-models-for-natural-language-processing-gerhard-paa-and-sven-giesselbach-839.pdf,17,1305,204,1,0,0,0,False,0,False,False,False,False,0,NONE
foundation-models-for-natural-language-processing-gerhard-paa-and-sven-giesselbach-839.pdf,18,1165,167,1,0,0,0,False,0,False,False,False,False,0,NONE
foundation-models-for-natural-language-processing-gerhard-paa-and-sven-giesselbach-839.pdf,19,2302,338,1,0,0,0,False,0,False,False,False,False,0,NONE
foundation-models-for-natural-language-processing-gerhard-paa-and-sven-giesselbach-839.pdf,20,3518,565,0,0,0,0,False,0,False,False,False,False,0,NONE
foundation-models-for-natural-language-processing-gerhard-paa-and-sven-giesselbach-839.pdf,21,3277,515,0,0,0,0,False,0,False,False,False,False,0,NONE
foundation-models-for-natural-language-processing-gerhard-paa-and-sven-giesselbach-839.pdf,22,3117,465,0,0,0,0,False,0,False,False,False,False,0,NONE
foundation-models-for-natural-language-processing-gerhard-paa-and-sven-giesselbach-839.pdf,23,2930,472,0,0,0,0,False,1,False,False,False,False,0,NONE
foundation-models-for-natural-language-processing-gerhard-paa-and-sven-giesselbach-839.pdf,24,2150,340,0,0,2,0,False,1,False,False,False,False,1,NONE
foundation-models-for-natural-language-processing-gerhard-paa-and-sven-giesselbach-839.pdf,25,1838,296,0,0,0,0,False,2,False,False,False,False,0,NONE
foundation-models-for-natural-language-processing-gerhard-paa-and-sven-giesselbach-839.pdf,26,2908,464,0,0,0,0,False,0,False,False,False,False,0,NONE
foundation-models-for-natural-language-processing-gerhard-paa-and-sven-giesselbach-839.pdf,27,2393,397,0,0,1,0,False,2,False,False,False,False,0,NONE
foundation-models-for-natural-language-processing-gerhard-paa-and-sven-giesselbach-839.pdf,28,3115,475,0,0,0,0,False,0,False,False,False,False,0,NONE
foundation-models-for-natural-language-processing-gerhard-paa-and-sven-giesselbach-839.pdf,29,1906,336,0,0,4,0,False,2,False,False,False,False,0,NONE
foundation-models-for-natural-language-processing-gerhard-paa-and-sven-giesselbach-839.pdf,30,3356,535,0,0,0,0,False,0,False,False,False,False,0,NONE
foundation-models-for-natural-language-processing-gerhard-paa-and-sven-giesselbach-839.pdf,31,3375,539,0,0,0,0,False,0,False,False,False,False,0,NONE
foundation-models-for-natural-language-processing-gerhard-paa-and-sven-giesselbach-839.pdf,32,2977,444,0,0,0,0,False,0,False,False,False,False,0,NONE
foundation-models-for-natural-language-processing-gerhard-paa-and-sven-giesselbach-839.pdf,33,3861,567,0,0,0,0,False,0,False,False,False,False,0,NONE
foundation-models-for-natural-language-processing-gerhard-paa-and-sven-giesselbach-839.pdf,34,3811,586,0,0,0,0,False,0,False,False,False,False,0,NONE
foundation-models-for-natural-language-processing-gerhard-paa-and-sven-giesselbach-839.pdf,35,2450,366,0,0,0,0,False,0,False,False,False,False,0,NONE
foundation-models-for-natural-language-processing-gerhard-paa-and-sven-giesselbach-839.pdf,36,2280,328,1,0,0,0,False,0,False,False,False,False,0,NONE
foundation-models-for-natural-language-processing-gerhard-paa-and-sven-giesselbach-839.pdf,37,3078,476,0,0,0,0,False,0,False,False,False,False,0,NONE
foundation-models-for-natural-language-processing-gerhard-paa-and-sven-giesselbach-839.pdf,38,2742,465,0,0,0,0,False,1,False,False,False,False,0,NONE
foundation-models-for-natural-language-processing-gerhard-paa-and-sven-giesselbach-839.pdf,39,2816,545,0,0,3,0,False,2,False,False,False,False,0,NONE
foundation-models-for-natural-language-processing-gerhard-paa-and-sven-giesselbach-839.pdf,40,1628,275,0,0,2,0,False,1,False,False,False,False,0,NONE
foundation-models-for-natural-language-processing-gerhard-paa-and-sven-giesselbach-839.pdf,41,2761,478,0,0,2,0,False,2,False,False,False,False,0,NONE
foundation-models-for-natural-language-processing-gerhard-paa-and-sven-giesselbach-839.pdf,42,835,125,0,0,0,0,False,2,False,False,False,False,0,NONE
foundation-models-for-natural-language-processing-gerhard-paa-and-sven-giesselbach-839.pdf,43,2614,423,0,0,0,0,False,0,False,False,False,False,0,NONE
foundation-models-for-natural-language-processing-gerhard-paa-and-sven-giesselbach-839.pdf,44,3449,541,0,0,0,0,False,1,False,False,False,False,0,NONE
foundation-models-for-natural-language-processing-gerhard-paa-and-sven-giesselbach-839.pdf,45,2991,466,0,0,0,0,False,1,False,False,False,False,0,NONE
foundation-models-for-natural-language-processing-gerhard-paa-and-sven-giesselbach-839.pdf,46,1821,310,0,0,0,0,False,1,False,False,False,False,0,NONE
foundation-models-for-natural-language-processing-gerhard-paa-and-sven-giesselbach-839.pdf,47,2544,434,1,0,0,0,False,3,False,False,False,False,0,NONE
foundation-models-for-natural-language-processing-gerhard-paa-and-sven-giesselbach-839.pdf,48,1643,257,1,0,0,0,False,3,False,False,False,False,0,NONE
foundation-models-for-natural-language-processing-gerhard-paa-and-sven-giesselbach-839.pdf,49,2903,442,0,0,0,0,False,0,False,False,False,False,0,NONE
foundation-models-for-natural-language-processing-gerhard-paa-and-sven-giesselbach-839.pdf,50,2996,480,0,0,0,0,False,1,False,False,False,False,0,NONE
foundation-models-for-natural-language-processing-gerhard-paa-and-sven-giesselbach-839.pdf,51,2278,215,0,0,0,0,False,1,False,False,False,False,1,NONE
foundation-models-for-natural-language-processing-gerhard-paa-and-sven-giesselbach-839.pdf,52,2553,356,0,0,0,0,False,0,False,False,False,False,2,NONE
foundation-models-for-natural-language-processing-gerhard-paa-and-sven-giesselbach-839.pdf,53,3177,488,0,0,0,0,False,0,False,False,False,False,0,NONE
foundation-models-for-natural-language-processing-gerhard-paa-and-sven-giesselbach-839.pdf,54,2955,470,0,0,0,0,False,0,False,False,False,False,0,NONE
foundation-models-for-natural-language-processing-gerhard-paa-and-sven-giesselbach-839.pdf,55,2833,499,0,0,0,0,False,2,False,False,False,False,0,NONE
foundation-models-for-natural-language-processing-gerhard-paa-and-sven-giesselbach-839.pdf,56,2517,418,0,0,0,0,False,2,False,False,False,False,0,NONE
foundation-models-for-natural-language-processing-gerhard-paa-and-sven-giesselbach-839.pdf,57,1977,326,1,0,0,0,False,3,False,False,False,False,0,NONE
foundation-models-for-natural-language-processing-gerhard-paa-and-sven-giesselbach-839.pdf,58,2013,313,1,0,0,0,False,1,False,False,False,False,0,NONE
foundation-models-for-natural-language-processing-gerhard-paa-and-sven-giesselbach-839.pdf,59,3259,507,0,0,0,0,False,1,False,False,False,False,0,NONE
foundation-models-for-natural-language-processing-gerhard-paa-and-sven-giesselbach-839.pdf,60,1782,305,0,0,0,0,False,1,False,False,False,False,0,NONE
foundation-models-for-natural-language-processing-gerhard-paa-and-sven-giesselbach-839.pdf,61,3211,519,0,0,0,0,False,0,False,False,False,False,0,NONE
foundation-models-for-natural-language-processing-gerhard-paa-and-sven-giesselbach-839.pdf,62,2807,461,0,0,0,0,False,2,False,False,False,False,0,NONE
foundation-models-for-natural-language-processing-gerhard-paa-and-sven-giesselbach-839.pdf,63,1821,305,0,0,0,0,False,4,False,False,False,False,0,NONE
foundation-models-for-natural-language-processing-gerhard-paa-and-sven-giesselbach-839.pdf,64,2083,350,0,0,0,0,False,3,False,False,False,False,0,NONE
foundation-models-for-natural-language-processing-gerhard-paa-and-sven-giesselbach-839.pdf,65,3174,496,0,0,0,0,False,2,False,False,False,False,0,NONE
foundation-models-for-natural-language-processing-gerhard-paa-and-sven-giesselbach-839.pdf,66,1913,305,1,0,0,0,False,3,False,False,False,False,0,NONE
foundation-models-for-natural-language-processing-gerhard-paa-and-sven-giesselbach-839.pdf,67,1934,308,0,0,0,0,False,1,False,False,False,False,0,NONE
foundation-models-for-natural-language-processing-gerhard-paa-and-sven-giesselbach-839.pdf,68,3177,463,0,0,0,0,False,1,False,False,False,False,0,NONE
foundation-models-for-natural-language-processing-gerhard-paa-and-sven-giesselbach-839.pdf,69,2344,345,3,0,0,0,False,3,False,False,False,False,1,NONE
foundation-models-for-natural-language-processing-gerhard-paa-and-sven-giesselbach-839.pdf,70,3631,552,0,0,0,0,False,1,False,False,False,False,0,NONE
foundation-models-for-natural-language-processing-gerhard-paa-and-sven-giesselbach-839.pdf,71,2337,300,5,0,0,0,False,1,False,False,False,False,0,NONE
foundation-models-for-natural-language-processing-gerhard-paa-and-sven-giesselbach-839.pdf,72,3363,531,0,0,0,0,False,0,False,False,False,False,0,NONE
foundation-models-for-natural-language-processing-gerhard-paa-and-sven-giesselbach-839.pdf,73,2036,337,0,0,2,0,False,0,False,False,False,False,0,NONE
foundation-models-for-natural-language-processing-gerhard-paa-and-sven-giesselbach-839.pdf,74,2006,323,1,0,0,0,False,2,False,False,False,False,0,NONE
foundation-models-for-natural-language-processing-gerhard-paa-and-sven-giesselbach-839.pdf,75,2784,438,0,0,0,0,False,0,False,False,False,False,0,NONE
foundation-models-for-natural-language-processing-gerhard-paa-and-sven-giesselbach-839.pdf,76,3046,461,0,0,0,0,False,0,False,False,False,False,0,NONE
foundation-models-for-natural-language-processing-gerhard-paa-and-sven-giesselbach-839.pdf,77,3069,475,0,0,0,0,False,0,False,False,False,False,0,NONE
foundation-models-for-natural-language-processing-gerhard-paa-and-sven-giesselbach-839.pdf,78,2955,437,0,0,0,0,False,0,False,False,False,False,0,NONE
foundation-models-for-natural-language-processing-gerhard-paa-and-sven-giesselbach-839.pdf,79,2693,424,0,0,1,0,False,0,False,False,False,False,0,NONE
foundation-models-for-natural-language-processing-gerhard-paa-and-sven-giesselbach-839.pdf,80,3255,510,0,0,1,0,False,0,False,False,False,False,0,NONE
foundation-models-for-natural-language-processing-gerhard-paa-and-sven-giesselbach-839.pdf,81,3311,500,0,0,1,0,False,0,False,False,False,False,0,NONE
foundation-models-for-natural-language-processing-gerhard-paa-and-sven-giesselbach-839.pdf,82,3053,463,0,0,0,0,False,0,False,False,False,False,0,NONE
foundation-models-for-natural-language-processing-gerhard-paa-and-sven-giesselbach-839.pdf,83,3028,481,0,0,0,0,False,0,False,False,False,False,0,NONE
foundation-models-for-natural-language-processing-gerhard-paa-and-sven-giesselbach-839.pdf,84,2471,364,0,0,0,0,False,2,False,False,False,False,0,NONE
foundation-models-for-natural-language-processing-gerhard-paa-and-sven-giesselbach-839.pdf,85,2992,456,0,0,0,0,False,0,False,False,False,False,0,NONE
foundation-models-for-natural-language-processing-gerhard-paa-and-sven-giesselbach-839.pdf,86,1642,263,0,0,0,0,False,2,False,False,False,False,0,NONE
foundation-models-for-natural-language-processing-gerhard-paa-and-sven-giesselbach-839.pdf,87,2987,455,0,0,0,0,False,0,False,False,False,False,0,NONE
foundation-models-for-natural-language-processing-gerhard-paa-and-sven-giesselbach-839.pdf,88,3775,526,0,0,0,0,False,0,False,False,False,False,0,NONE
foundation-models-for-natural-language-processing-gerhard-paa-and-sven-giesselbach-839.pdf,89,3982,562,0,0,0,0,False,0,False,False,False,False,0,NONE
foundation-models-for-natural-language-processing-gerhard-paa-and-sven-giesselbach-839.pdf,90,3843,552,0,0,0,0,False,0,False,True,False,True,0,Orphaned dates/timeline badges (3 in trailing lines)
foundation-models-for-natural-language-processing-gerhard-paa-and-sven-giesselbach-839.pdf,91,3877,578,0,0,0,0,False,0,False,True,False,True,0,Orphaned dates/timeline badges (2 in trailing lines)
foundation-models-for-natural-language-processing-gerhard-paa-and-sven-giesselbach-839.pdf,92,3843,510,0,0,0,0,False,0,False,False,False,False,0,NONE
foundation-models-for-natural-language-processing-gerhard-paa-and-sven-giesselbach-839.pdf,93,3882,533,0,0,0,0,False,0,False,True,False,True,0,Orphaned dates/timeline badges (2 in trailing lines)
foundation-models-for-natural-language-processing-gerhard-paa-and-sven-giesselbach-839.pdf,94,3747,543,0,0,0,0,False,0,False,False,False,False,0,NONE
foundation-models-for-natural-language-processing-gerhard-paa-and-sven-giesselbach-839.pdf,95,870,129,0,0,0,0,False,0,False,False,False,False,0,NONE
foundation-models-for-natural-language-processing-gerhard-paa-and-sven-giesselbach-839.pdf,96,2422,358,1,0,0,0,False,0,False,False,False,False,0,NONE
foundation-models-for-natural-language-processing-gerhard-paa-and-sven-giesselbach-839.pdf,97,2865,429,0,0,0,0,False,0,False,False,False,False,0,NONE
foundation-models-for-natural-language-processing-gerhard-paa-and-sven-giesselbach-839.pdf,98,2960,447,0,0,0,0,False,3,False,False,False,False,0,NONE
foundation-models-for-natural-language-processing-gerhard-paa-and-sven-giesselbach-839.pdf,99,2352,322,0,0,9,0,False,1,False,False,False,False,1,NONE
foundation-models-for-natural-language-processing-gerhard-paa-and-sven-giesselbach-839.pdf,100,1856,194,0,0,0,0,False,3,False,False,False,False,1,NONE
foundation-models-for-natural-language-processing-gerhard-paa-and-sven-giesselbach-839.pdf,101,3587,578,0,0,0,0,False,0,False,False,False,False,0,NONE
foundation-models-for-natural-language-processing-gerhard-paa-and-sven-giesselbach-839.pdf,102,3490,522,0,0,0,0,False,0,False,False,False,False,0,NONE
foundation-models-for-natural-language-processing-gerhard-paa-and-sven-giesselbach-839.pdf,103,2668,341,0,0,0,0,False,3,False,False,False,False,1,NONE
foundation-models-for-natural-language-processing-gerhard-paa-and-sven-giesselbach-839.pdf,104,2720,295,0,0,0,0,False,3,False,False,False,False,1,NONE
foundation-models-for-natural-language-processing-gerhard-paa-and-sven-giesselbach-839.pdf,105,1521,245,0,0,0,0,False,1,False,False,False,False,0,NONE
foundation-models-for-natural-language-processing-gerhard-paa-and-sven-giesselbach-839.pdf,106,3397,552,0,0,0,0,False,3,False,False,False,False,0,NONE
foundation-models-for-natural-language-processing-gerhard-paa-and-sven-giesselbach-839.pdf,107,3528,551,0,0,0,0,False,3,False,False,False,False,0,NONE
foundation-models-for-natural-language-processing-gerhard-paa-and-sven-giesselbach-839.pdf,108,2013,324,1,0,0,0,False,3,False,False,False,False,0,NONE
foundation-models-for-natural-language-processing-gerhard-paa-and-sven-giesselbach-839.pdf,109,1766,273,0,0,0,0,False,4,False,False,False,False,0,NONE
foundation-models-for-natural-language-processing-gerhard-paa-and-sven-giesselbach-839.pdf,110,2172,314,0,0,0,0,False,4,False,False,False,False,0,NONE
foundation-models-for-natural-language-processing-gerhard-paa-and-sven-giesselbach-839.pdf,111,1935,202,0,0,0,0,False,3,False,False,False,False,1,NONE
foundation-models-for-natural-language-processing-gerhard-paa-and-sven-giesselbach-839.pdf,112,2334,362,0,0,0,0,False,3,False,False,False,False,0,NONE
foundation-models-for-natural-language-processing-gerhard-paa-and-sven-giesselbach-839.pdf,113,2585,413,0,0,0,0,False,2,False,False,False,False,0,NONE
foundation-models-for-natural-language-processing-gerhard-paa-and-sven-giesselbach-839.pdf,114,2737,416,0,0,0,0,False,0,False,False,False,False,0,NONE
foundation-models-for-natural-language-processing-gerhard-paa-and-sven-giesselbach-839.pdf,115,3438,509,0,0,0,0,False,0,False,False,False,False,0,NONE
foundation-models-for-natural-language-processing-gerhard-paa-and-sven-giesselbach-839.pdf,116,3028,443,0,0,0,0,False,0,False,False,False,False,0,NONE
foundation-models-for-natural-language-processing-gerhard-paa-and-sven-giesselbach-839.pdf,117,2634,369,0,0,0,0,False,0,False,False,False,False,0,NONE
foundation-models-for-natural-language-processing-gerhard-paa-and-sven-giesselbach-839.pdf,118,2812,435,0,0,0,0,False,3,False,False,False,False,0,NONE
foundation-models-for-natural-language-processing-gerhard-paa-and-sven-giesselbach-839.pdf,119,2387,299,0,0,0,0,False,1,False,False,False,False,1,NONE
foundation-models-for-natural-language-processing-gerhard-paa-and-sven-giesselbach-839.pdf,120,3545,547,0,0,0,0,False,1,False,False,False,False,0,NONE
foundation-models-for-natural-language-processing-gerhard-paa-and-sven-giesselbach-839.pdf,121,1643,261,0,0,0,0,False,1,False,False,False,False,0,NONE
foundation-models-for-natural-language-processing-gerhard-paa-and-sven-giesselbach-839.pdf,122,3010,480,0,0,2,0,False,2,False,False,False,False,0,NONE
foundation-models-for-natural-language-processing-gerhard-paa-and-sven-giesselbach-839.pdf,123,2761,353,0,0,0,0,False,1,False,False,False,False,1,NONE
foundation-models-for-natural-language-processing-gerhard-paa-and-sven-giesselbach-839.pdf,124,2961,454,0,0,0,0,False,0,False,False,False,False,0,NONE
foundation-models-for-natural-language-processing-gerhard-paa-and-sven-giesselbach-839.pdf,125,3138,448,0,0,0,0,False,2,False,False,False,False,1,NONE
foundation-models-for-natural-language-processing-gerhard-paa-and-sven-giesselbach-839.pdf,126,2525,387,0,0,0,0,False,3,False,False,False,False,0,NONE
foundation-models-for-natural-language-processing-gerhard-paa-and-sven-giesselbach-839.pdf,127,3171,467,0,0,0,0,False,0,False,False,False,False,0,NONE
foundation-models-for-natural-language-processing-gerhard-paa-and-sven-giesselbach-839.pdf,128,3672,578,0,0,0,0,False,0,False,False,False,False,0,NONE
foundation-models-for-natural-language-processing-gerhard-paa-and-sven-giesselbach-839.pdf,129,2664,401,0,0,0,0,False,1,False,False,False,False,0,NONE
foundation-models-for-natural-language-processing-gerhard-paa-and-sven-giesselbach-839.pdf,130,2754,407,0,0,0,0,False,0,False,False,False,False,0,NONE
foundation-models-for-natural-language-processing-gerhard-paa-and-sven-giesselbach-839.pdf,131,2000,331,0,0,0,0,False,3,False,False,False,False,0,NONE
foundation-models-for-natural-language-processing-gerhard-paa-and-sven-giesselbach-839.pdf,132,2020,207,0,0,0,0,False,1,False,False,False,False,4,NONE
foundation-models-for-natural-language-processing-gerhard-paa-and-sven-giesselbach-839.pdf,133,2031,321,0,0,0,0,False,2,False,False,False,False,0,NONE
foundation-models-for-natural-language-processing-gerhard-paa-and-sven-giesselbach-839.pdf,134,2667,421,0,0,0,0,False,3,False,False,False,False,0,NONE
foundation-models-for-natural-language-processing-gerhard-paa-and-sven-giesselbach-839.pdf,135,3126,481,0,0,0,0,False,0,False,False,False,False,0,NONE
foundation-models-for-natural-language-processing-gerhard-paa-and-sven-giesselbach-839.pdf,136,3115,487,0,0,0,0,False,0,False,False,False,False,0,NONE
foundation-models-for-natural-language-processing-gerhard-paa-and-sven-giesselbach-839.pdf,137,2345,388,0,0,0,0,False,4,False,False,False,False,0,NONE
foundation-models-for-natural-language-processing-gerhard-paa-and-sven-giesselbach-839.pdf,138,3246,520,0,0,0,0,False,0,False,False,False,False,0,NONE
foundation-models-for-natural-language-processing-gerhard-paa-and-sven-giesselbach-839.pdf,139,2635,408,0,0,0,0,False,2,False,False,False,False,0,NONE
foundation-models-for-natural-language-processing-gerhard-paa-and-sven-giesselbach-839.pdf,140,3663,580,0,0,0,0,False,0,False,False,False,False,0,NONE
foundation-models-for-natural-language-processing-gerhard-paa-and-sven-giesselbach-839.pdf,141,3075,488,0,0,0,0,False,0,False,False,False,False,0,NONE
foundation-models-for-natural-language-processing-gerhard-paa-and-sven-giesselbach-839.pdf,142,2958,460,0,0,3,0,False,2,False,False,False,False,0,NONE
foundation-models-for-natural-language-processing-gerhard-paa-and-sven-giesselbach-839.pdf,143,3094,487,0,0,0,0,False,0,False,False,False,False,0,NONE
foundation-models-for-natural-language-processing-gerhard-paa-and-sven-giesselbach-839.pdf,144,2845,425,0,0,0,0,False,0,False,False,False,False,0,NONE
foundation-models-for-natural-language-processing-gerhard-paa-and-sven-giesselbach-839.pdf,145,2722,441,0,0,0,0,False,2,False,False,False,False,0,NONE
foundation-models-for-natural-language-processing-gerhard-paa-and-sven-giesselbach-839.pdf,146,902,145,1,0,0,0,False,2,False,False,False,False,0,NONE
foundation-models-for-natural-language-processing-gerhard-paa-and-sven-giesselbach-839.pdf,147,3418,528,0,0,0,0,False,1,False,False,False,False,0,NONE
foundation-models-for-natural-language-processing-gerhard-paa-and-sven-giesselbach-839.pdf,148,2444,380,0,0,0,0,False,1,False,False,False,False,0,NONE
foundation-models-for-natural-language-processing-gerhard-paa-and-sven-giesselbach-839.pdf,149,2979,452,0,0,0,0,False,0,False,False,False,False,0,NONE
foundation-models-for-natural-language-processing-gerhard-paa-and-sven-giesselbach-839.pdf,150,2156,337,0,0,1,0,False,0,False,False,False,False,0,NONE
foundation-models-for-natural-language-processing-gerhard-paa-and-sven-giesselbach-839.pdf,151,3052,468,0,0,0,0,False,0,False,False,False,False,0,NONE
foundation-models-for-natural-language-processing-gerhard-paa-and-sven-giesselbach-839.pdf,152,2693,398,0,0,0,0,False,0,False,False,False,False,0,NONE
foundation-models-for-natural-language-processing-gerhard-paa-and-sven-giesselbach-839.pdf,153,2932,441,0,0,0,0,False,0,False,False,False,False,0,NONE
foundation-models-for-natural-language-processing-gerhard-paa-and-sven-giesselbach-839.pdf,154,3358,499,0,0,0,0,False,0,False,False,False,False,0,NONE
foundation-models-for-natural-language-processing-gerhard-paa-and-sven-giesselbach-839.pdf,155,2449,379,0,0,0,0,False,0,False,False,False,False,0,NONE
foundation-models-for-natural-language-processing-gerhard-paa-and-sven-giesselbach-839.pdf,156,2978,469,0,0,0,0,False,0,False,False,False,False,0,NONE
foundation-models-for-natural-language-processing-gerhard-paa-and-sven-giesselbach-839.pdf,157,2506,399,0,0,0,0,False,0,False,False,False,False,0,NONE
foundation-models-for-natural-language-processing-gerhard-paa-and-sven-giesselbach-839.pdf,158,1954,313,0,0,0,0,False,2,False,False,False,False,0,NONE
foundation-models-for-natural-language-processing-gerhard-paa-and-sven-giesselbach-839.pdf,159,3303,531,0,0,0,0,False,1,False,False,False,False,0,NONE
foundation-models-for-natural-language-processing-gerhard-paa-and-sven-giesselbach-839.pdf,160,3153,486,0,0,0,0,False,0,False,False,False,False,0,NONE
foundation-models-for-natural-language-processing-gerhard-paa-and-sven-giesselbach-839.pdf,161,1941,328,3,0,0,0,False,2,False,False,False,False,0,NONE
foundation-models-for-natural-language-processing-gerhard-paa-and-sven-giesselbach-839.pdf,162,3052,477,0,0,0,0,False,0,False,False,False,False,0,NONE
foundation-models-for-natural-language-processing-gerhard-paa-and-sven-giesselbach-839.pdf,163,1918,296,0,0,0,0,False,2,False,False,False,False,0,NONE
foundation-models-for-natural-language-processing-gerhard-paa-and-sven-giesselbach-839.pdf,164,2157,341,0,0,0,0,False,2,False,False,False,False,0,NONE
foundation-models-for-natural-language-processing-gerhard-paa-and-sven-giesselbach-839.pdf,165,3383,479,0,0,0,0,False,0,False,False,False,False,0,NONE
foundation-models-for-natural-language-processing-gerhard-paa-and-sven-giesselbach-839.pdf,166,3979,564,0,0,0,0,False,0,False,False,False,False,0,NONE
foundation-models-for-natural-language-processing-gerhard-paa-and-sven-giesselbach-839.pdf,167,3852,555,0,0,0,0,False,0,False,False,False,False,0,NONE
foundation-models-for-natural-language-processing-gerhard-paa-and-sven-giesselbach-839.pdf,168,3730,534,0,0,0,0,False,0,False,False,False,False,0,NONE
foundation-models-for-natural-language-processing-gerhard-paa-and-sven-giesselbach-839.pdf,169,3945,568,0,0,0,0,False,0,False,False,False,False,0,NONE
foundation-models-for-natural-language-processing-gerhard-paa-and-sven-giesselbach-839.pdf,170,3874,519,0,0,0,0,False,0,False,False,False,False,0,NONE
foundation-models-for-natural-language-processing-gerhard-paa-and-sven-giesselbach-839.pdf,171,3859,553,0,0,0,0,False,0,False,False,False,False,0,NONE
foundation-models-for-natural-language-processing-gerhard-paa-and-sven-giesselbach-839.pdf,172,4073,580,0,0,0,0,False,0,False,False,False,False,0,NONE
foundation-models-for-natural-language-processing-gerhard-paa-and-sven-giesselbach-839.pdf,173,4033,566,0,0,0,0,False,0,False,True,False,True,0,Orphaned dates/timeline badges (2 in trailing lines)
foundation-models-for-natural-language-processing-gerhard-paa-and-sven-giesselbach-839.pdf,174,3856,542,0,0,0,0,False,0,False,False,False,False,0,NONE
foundation-models-for-natural-language-processing-gerhard-paa-and-sven-giesselbach-839.pdf,175,3841,568,0,0,0,0,False,0,False,True,False,True,0,Orphaned dates/timeline badges (2 in trailing lines)
foundation-models-for-natural-language-processing-gerhard-paa-and-sven-giesselbach-839.pdf,176,3344,491,0,0,0,0,False,0,False,False,False,False,0,NONE
foundation-models-for-natural-language-processing-gerhard-paa-and-sven-giesselbach-839.pdf,177,2453,349,1,0,0,0,False,0,False,False,False,False,0,NONE
foundation-models-for-natural-language-processing-gerhard-paa-and-sven-giesselbach-839.pdf,178,2515,385,0,0,0,0,False,0,False,False,False,False,0,NONE
foundation-models-for-natural-language-processing-gerhard-paa-and-sven-giesselbach-839.pdf,179,2546,428,0,0,0,0,False,2,False,False,False,False,0,NONE
foundation-models-for-natural-language-processing-gerhard-paa-and-sven-giesselbach-839.pdf,180,843,59,0,0,0,0,False,1,False,False,False,False,1,NONE
foundation-models-for-natural-language-processing-gerhard-paa-and-sven-giesselbach-839.pdf,181,3188,531,0,0,0,0,False,1,False,False,False,False,0,NONE
foundation-models-for-natural-language-processing-gerhard-paa-and-sven-giesselbach-839.pdf,182,1040,68,0,0,0,0,False,1,False,False,False,False,1,NONE
foundation-models-for-natural-language-processing-gerhard-paa-and-sven-giesselbach-839.pdf,183,2761,401,0,0,0,0,False,0,False,False,False,False,0,NONE
foundation-models-for-natural-language-processing-gerhard-paa-and-sven-giesselbach-839.pdf,184,3230,475,0,0,0,0,False,3,False,False,False,False,1,NONE
foundation-models-for-natural-language-processing-gerhard-paa-and-sven-giesselbach-839.pdf,185,1294,208,9,0,0,0,False,1,False,False,False,False,0,NONE
foundation-models-for-natural-language-processing-gerhard-paa-and-sven-giesselbach-839.pdf,186,2838,416,0,0,0,0,False,0,False,False,False,False,0,NONE
foundation-models-for-natural-language-processing-gerhard-paa-and-sven-giesselbach-839.pdf,187,3101,474,0,0,0,0,False,3,False,False,False,False,0,NONE
foundation-models-for-natural-language-processing-gerhard-paa-and-sven-giesselbach-839.pdf,188,3599,587,0,0,0,0,False,0,False,False,False,False,0,NONE
foundation-models-for-natural-language-processing-gerhard-paa-and-sven-giesselbach-839.pdf,189,3094,467,0,0,0,0,False,1,False,False,False,False,0,NONE
foundation-models-for-natural-language-processing-gerhard-paa-and-sven-giesselbach-839.pdf,190,3244,527,0,0,0,0,False,0,False,False,False,False,0,NONE
foundation-models-for-natural-language-processing-gerhard-paa-and-sven-giesselbach-839.pdf,191,3639,565,0,0,0,0,False,2,False,False,False,False,0,NONE
foundation-models-for-natural-language-processing-gerhard-paa-and-sven-giesselbach-839.pdf,192,3009,460,0,0,0,0,False,0,False,False,False,False,0,NONE
foundation-models-for-natural-language-processing-gerhard-paa-and-sven-giesselbach-839.pdf,193,2691,415,0,0,0,0,False,0,False,False,False,False,0,NONE
foundation-models-for-natural-language-processing-gerhard-paa-and-sven-giesselbach-839.pdf,194,3236,521,0,0,0,0,False,0,False,False,False,False,0,NONE
foundation-models-for-natural-language-processing-gerhard-paa-and-sven-giesselbach-839.pdf,195,3019,455,0,0,0,0,False,0,False,False,False,False,0,NONE
foundation-models-for-natural-language-processing-gerhard-paa-and-sven-giesselbach-839.pdf,196,2839,448,0,0,0,0,False,0,False,False,False,False,0,NONE
foundation-models-for-natural-language-processing-gerhard-paa-and-sven-giesselbach-839.pdf,197,3155,470,0,0,0,0,False,0,False,False,False,False,0,NONE
foundation-models-for-natural-language-processing-gerhard-paa-and-sven-giesselbach-839.pdf,198,4022,565,0,0,0,0,False,0,False,False,False,False,0,NONE
foundation-models-for-natural-language-processing-gerhard-paa-and-sven-giesselbach-839.pdf,199,4077,566,0,0,0,0,False,0,False,False,False,False,0,NONE
foundation-models-for-natural-language-processing-gerhard-paa-and-sven-giesselbach-839.pdf,200,3047,421,0,0,0,0,False,0,False,False,False,False,0,NONE
foundation-models-for-natural-language-processing-gerhard-paa-and-sven-giesselbach-839.pdf,201,852,126,0,0,0,0,False,0,False,False,False,False,0,NONE
foundation-models-for-natural-language-processing-gerhard-paa-and-sven-giesselbach-839.pdf,202,2225,314,1,0,0,0,False,0,False,False,False,False,0,NONE
foundation-models-for-natural-language-processing-gerhard-paa-and-sven-giesselbach-839.pdf,203,2523,320,0,0,0,0,False,2,False,False,False,False,1,NONE
foundation-models-for-natural-language-processing-gerhard-paa-and-sven-giesselbach-839.pdf,204,3197,475,0,0,0,0,False,3,False,False,False,False,0,NONE
foundation-models-for-natural-language-processing-gerhard-paa-and-sven-giesselbach-839.pdf,205,2366,277,0,0,0,0,False,1,False,False,False,False,1,NONE
foundation-models-for-natural-language-processing-gerhard-paa-and-sven-giesselbach-839.pdf,206,3492,534,0,0,0,0,False,0,False,False,False,False,0,NONE
foundation-models-for-natural-language-processing-gerhard-paa-and-sven-giesselbach-839.pdf,207,3158,495,0,0,0,0,False,0,False,False,False,False,0,NONE
foundation-models-for-natural-language-processing-gerhard-paa-and-sven-giesselbach-839.pdf,208,3306,557,0,0,2,0,False,0,False,False,False,False,0,NONE
foundation-models-for-natural-language-processing-gerhard-paa-and-sven-giesselbach-839.pdf,209,3530,561,0,0,0,0,False,0,False,False,False,False,0,NONE
foundation-models-for-natural-language-processing-gerhard-paa-and-sven-giesselbach-839.pdf,210,1972,314,0,0,0,0,False,2,False,False,False,False,0,NONE
foundation-models-for-natural-language-processing-gerhard-paa-and-sven-giesselbach-839.pdf,211,2850,447,0,0,0,0,False,0,False,False,False,False,0,NONE
foundation-models-for-natural-language-processing-gerhard-paa-and-sven-giesselbach-839.pdf,212,2848,451,0,0,0,0,False,0,False,False,False,False,0,NONE
foundation-models-for-natural-language-processing-gerhard-paa-and-sven-giesselbach-839.pdf,213,2854,459,0,0,0,0,False,0,False,False,False,False,0,NONE
foundation-models-for-natural-language-processing-gerhard-paa-and-sven-giesselbach-839.pdf,214,3284,562,0,0,0,0,False,1,False,False,False,False,0,NONE
foundation-models-for-natural-language-processing-gerhard-paa-and-sven-giesselbach-839.pdf,215,1898,298,0,0,0,0,False,1,False,False,False,False,0,NONE
foundation-models-for-natural-language-processing-gerhard-paa-and-sven-giesselbach-839.pdf,216,3068,491,0,0,0,0,False,0,False,False,False,False,0,NONE
foundation-models-for-natural-language-processing-gerhard-paa-and-sven-giesselbach-839.pdf,217,3186,508,0,0,1,0,False,1,False,False,False,False,0,NONE
foundation-models-for-natural-language-processing-gerhard-paa-and-sven-giesselbach-839.pdf,218,3181,504,0,0,0,0,False,0,False,False,False,False,0,NONE
foundation-models-for-natural-language-processing-gerhard-paa-and-sven-giesselbach-839.pdf,219,2792,394,0,0,0,0,False,2,False,False,False,False,0,NONE
foundation-models-for-natural-language-processing-gerhard-paa-and-sven-giesselbach-839.pdf,220,2523,373,0,0,0,0,False,1,False,False,False,False,0,NONE
foundation-models-for-natural-language-processing-gerhard-paa-and-sven-giesselbach-839.pdf,221,1487,206,0,0,0,0,False,2,False,False,False,False,0,NONE
foundation-models-for-natural-language-processing-gerhard-paa-and-sven-giesselbach-839.pdf,222,2852,433,0,0,0,0,False,0,False,False,False,False,0,NONE
foundation-models-for-natural-language-processing-gerhard-paa-and-sven-giesselbach-839.pdf,223,2697,363,0,0,0,0,False,2,False,False,False,False,1,NONE
foundation-models-for-natural-language-processing-gerhard-paa-and-sven-giesselbach-839.pdf,224,2769,434,0,0,1,0,False,0,False,False,False,False,0,NONE
foundation-models-for-natural-language-processing-gerhard-paa-and-sven-giesselbach-839.pdf,225,3075,464,0,0,0,0,False,0,False,False,False,False,0,NONE
foundation-models-for-natural-language-processing-gerhard-paa-and-sven-giesselbach-839.pdf,226,3039,492,0,0,2,0,False,0,False,False,False,False,0,NONE
foundation-models-for-natural-language-processing-gerhard-paa-and-sven-giesselbach-839.pdf,227,2781,441,0,0,0,0,False,2,False,False,False,False,0,NONE
foundation-models-for-natural-language-processing-gerhard-paa-and-sven-giesselbach-839.pdf,228,3054,468,1,0,3,0,False,2,False,False,False,False,0,NONE
foundation-models-for-natural-language-processing-gerhard-paa-and-sven-giesselbach-839.pdf,229,3344,549,0,0,1,0,False,0,False,False,False,False,0,NONE
foundation-models-for-natural-language-processing-gerhard-paa-and-sven-giesselbach-839.pdf,230,2592,388,0,0,0,0,False,1,False,False,False,False,0,NONE
foundation-models-for-natural-language-processing-gerhard-paa-and-sven-giesselbach-839.pdf,231,2402,386,1,0,0,0,False,2,False,False,False,False,0,NONE
foundation-models-for-natural-language-processing-gerhard-paa-and-sven-giesselbach-839.pdf,232,3251,501,0,0,0,0,False,0,False,False,False,False,0,NONE
foundation-models-for-natural-language-processing-gerhard-paa-and-sven-giesselbach-839.pdf,233,2908,436,0,0,0,0,False,1,False,False,False,False,0,NONE
foundation-models-for-natural-language-processing-gerhard-paa-and-sven-giesselbach-839.pdf,234,1237,174,1,0,0,0,False,2,False,False,False,False,0,NONE
foundation-models-for-natural-language-processing-gerhard-paa-and-sven-giesselbach-839.pdf,235,3085,460,0,0,0,0,False,0,False,False,False,False,0,NONE
foundation-models-for-natural-language-processing-gerhard-paa-and-sven-giesselbach-839.pdf,236,4149,597,0,0,0,0,False,0,False,False,False,False,0,NONE
foundation-models-for-natural-language-processing-gerhard-paa-and-sven-giesselbach-839.pdf,237,3922,571,0,0,0,0,False,0,False,False,False,False,0,NONE
foundation-models-for-natural-language-processing-gerhard-paa-and-sven-giesselbach-839.pdf,238,3855,583,0,0,0,0,False,0,False,False,False,False,0,NONE
foundation-models-for-natural-language-processing-gerhard-paa-and-sven-giesselbach-839.pdf,239,4130,559,0,0,0,0,False,0,False,False,False,False,0,NONE
foundation-models-for-natural-language-processing-gerhard-paa-and-sven-giesselbach-839.pdf,240,4041,575,0,0,0,0,False,0,False,False,False,False,0,NONE
foundation-models-for-natural-language-processing-gerhard-paa-and-sven-giesselbach-839.pdf,241,3402,493,0,0,0,0,False,0,False,False,False,False,0,NONE
foundation-models-for-natural-language-processing-gerhard-paa-and-sven-giesselbach-839.pdf,242,2200,319,1,0,0,0,False,0,False,False,False,False,0,NONE
foundation-models-for-natural-language-processing-gerhard-paa-and-sven-giesselbach-839.pdf,243,2214,299,0,0,0,0,False,3,False,False,False,False,1,NONE
foundation-models-for-natural-language-processing-gerhard-paa-and-sven-giesselbach-839.pdf,244,2425,367,0,0,0,0,False,2,False,False,False,False,0,NONE
foundation-models-for-natural-language-processing-gerhard-paa-and-sven-giesselbach-839.pdf,245,2700,417,0,0,0,0,False,1,False,False,False,False,0,NONE
foundation-models-for-natural-language-processing-gerhard-paa-and-sven-giesselbach-839.pdf,246,2876,386,0,0,0,0,False,1,False,False,False,False,1,NONE
foundation-models-for-natural-language-processing-gerhard-paa-and-sven-giesselbach-839.pdf,247,1495,266,0,0,3,0,False,2,False,False,False,False,0,NONE
foundation-models-for-natural-language-processing-gerhard-paa-and-sven-giesselbach-839.pdf,248,3107,483,0,0,0,0,False,0,False,False,False,False,0,NONE
foundation-models-for-natural-language-processing-gerhard-paa-and-sven-giesselbach-839.pdf,249,2892,480,0,0,1,0,False,0,False,False,False,False,0,NONE
foundation-models-for-natural-language-processing-gerhard-paa-and-sven-giesselbach-839.pdf,250,2954,451,0,0,0,0,False,0,False,False,False,False,0,NONE
foundation-models-for-natural-language-processing-gerhard-paa-and-sven-giesselbach-839.pdf,251,2056,324,0,0,8,0,False,2,False,False,False,False,0,NONE
foundation-models-for-natural-language-processing-gerhard-paa-and-sven-giesselbach-839.pdf,252,3123,484,0,0,1,0,False,0,False,False,False,False,0,NONE
foundation-models-for-natural-language-processing-gerhard-paa-and-sven-giesselbach-839.pdf,253,2782,417,0,0,0,0,False,0,False,False,False,False,0,NONE
foundation-models-for-natural-language-processing-gerhard-paa-and-sven-giesselbach-839.pdf,254,2867,465,0,0,0,0,False,1,False,False,False,False,0,NONE
foundation-models-for-natural-language-processing-gerhard-paa-and-sven-giesselbach-839.pdf,255,2493,261,0,0,0,0,False,1,False,False,False,False,1,NONE
foundation-models-for-natural-language-processing-gerhard-paa-and-sven-giesselbach-839.pdf,256,3053,487,0,0,0,0,False,0,False,False,False,False,0,NONE
foundation-models-for-natural-language-processing-gerhard-paa-and-sven-giesselbach-839.pdf,257,1944,315,0,0,0,0,False,3,False,False,False,False,0,NONE
foundation-models-for-natural-language-processing-gerhard-paa-and-sven-giesselbach-839.pdf,258,2580,393,1,0,0,0,False,3,False,False,False,False,0,NONE
foundation-models-for-natural-language-processing-gerhard-paa-and-sven-giesselbach-839.pdf,259,2459,397,0,0,0,0,False,1,False,False,False,False,0,NONE
foundation-models-for-natural-language-processing-gerhard-paa-and-sven-giesselbach-839.pdf,260,3052,473,0,0,0,0,False,0,False,False,False,False,0,NONE
foundation-models-for-natural-language-processing-gerhard-paa-and-sven-giesselbach-839.pdf,261,2441,408,0,0,0,0,False,2,False,False,False,False,0,NONE
foundation-models-for-natural-language-processing-gerhard-paa-and-sven-giesselbach-839.pdf,262,2938,477,0,0,0,0,False,1,False,False,False,False,0,NONE
foundation-models-for-natural-language-processing-gerhard-paa-and-sven-giesselbach-839.pdf,263,2775,443,0,0,0,0,False,2,False,False,False,False,0,NONE
foundation-models-for-natural-language-processing-gerhard-paa-and-sven-giesselbach-839.pdf,264,1068,124,0,0,0,0,False,1,False,False,False,False,0,NONE
foundation-models-for-natural-language-processing-gerhard-paa-and-sven-giesselbach-839.pdf,265,2485,377,0,0,0,0,False,0,False,False,False,False,0,NONE
foundation-models-for-natural-language-processing-gerhard-paa-and-sven-giesselbach-839.pdf,266,1530,231,1,0,0,0,False,3,False,False,False,False,0,NONE
foundation-models-for-natural-language-processing-gerhard-paa-and-sven-giesselbach-839.pdf,267,1741,262,1,0,0,0,False,1,False,False,False,False,0,NONE
foundation-models-for-natural-language-processing-gerhard-paa-and-sven-giesselbach-839.pdf,268,3669,558,0,0,0,0,False,1,False,False,False,False,0,NONE
foundation-models-for-natural-language-processing-gerhard-paa-and-sven-giesselbach-839.pdf,269,937,117,0,0,0,0,False,1,False,False,False,False,2,NONE
foundation-models-for-natural-language-processing-gerhard-paa-and-sven-giesselbach-839.pdf,270,3274,494,0,0,0,0,False,2,False,False,False,False,0,NONE
foundation-models-for-natural-language-processing-gerhard-paa-and-sven-giesselbach-839.pdf,271,3412,396,0,0,0,0,False,4,False,False,False,False,4,NONE
foundation-models-for-natural-language-processing-gerhard-paa-and-sven-giesselbach-839.pdf,272,2962,406,0,0,0,0,False,1,False,False,False,False,1,NONE
foundation-models-for-natural-language-processing-gerhard-paa-and-sven-giesselbach-839.pdf,273,2085,309,4,0,0,0,False,2,False,False,False,False,0,NONE
foundation-models-for-natural-language-processing-gerhard-paa-and-sven-giesselbach-839.pdf,274,2859,395,0,0,0,0,False,2,False,False,False,False,1,NONE
foundation-models-for-natural-language-processing-gerhard-paa-and-sven-giesselbach-839.pdf,275,3242,464,0,0,0,0,False,0,False,False,False,False,0,NONE
foundation-models-for-natural-language-processing-gerhard-paa-and-sven-giesselbach-839.pdf,276,3053,456,0,0,0,0,False,1,False,False,False,False,0,NONE
foundation-models-for-natural-language-processing-gerhard-paa-and-sven-giesselbach-839.pdf,277,3077,407,0,0,0,0,False,1,False,False,False,False,1,NONE
foundation-models-for-natural-language-processing-gerhard-paa-and-sven-giesselbach-839.pdf,278,2985,468,0,0,0,0,False,0,False,False,False,False,0,NONE
foundation-models-for-natural-language-processing-gerhard-paa-and-sven-giesselbach-839.pdf,279,3612,576,0,0,0,0,False,0,False,False,False,False,0,NONE
foundation-models-for-natural-language-processing-gerhard-paa-and-sven-giesselbach-839.pdf,280,2156,329,0,0,0,0,False,2,False,False,False,False,0,NONE
foundation-models-for-natural-language-processing-gerhard-paa-and-sven-giesselbach-839.pdf,281,2567,362,0,0,0,0,False,0,False,False,False,False,0,NONE
foundation-models-for-natural-language-processing-gerhard-paa-and-sven-giesselbach-839.pdf,282,2925,329,0,0,0,0,False,3,False,False,False,False,1,NONE
foundation-models-for-natural-language-processing-gerhard-paa-and-sven-giesselbach-839.pdf,283,3004,403,0,0,0,0,False,3,False,False,False,False,1,NONE
foundation-models-for-natural-language-processing-gerhard-paa-and-sven-giesselbach-839.pdf,284,3199,518,0,0,0,0,False,2,False,False,False,False,0,NONE
foundation-models-for-natural-language-processing-gerhard-paa-and-sven-giesselbach-839.pdf,285,2201,356,1,0,0,0,False,1,False,False,False,False,0,NONE
foundation-models-for-natural-language-processing-gerhard-paa-and-sven-giesselbach-839.pdf,286,2801,422,0,0,0,0,False,0,False,False,False,False,0,NONE
foundation-models-for-natural-language-processing-gerhard-paa-and-sven-giesselbach-839.pdf,287,3083,478,0,0,0,0,False,0,False,False,False,False,0,NONE
foundation-models-for-natural-language-processing-gerhard-paa-and-sven-giesselbach-839.pdf,288,2496,394,0,0,0,0,False,0,False,False,False,False,0,NONE
foundation-models-for-natural-language-processing-gerhard-paa-and-sven-giesselbach-839.pdf,289,3130,493,0,0,0,0,False,0,False,False,False,False,0,NONE
foundation-models-for-natural-language-processing-gerhard-paa-and-sven-giesselbach-839.pdf,290,1659,268,0,0,0,0,False,2,False,False,False,False,0,NONE
foundation-models-for-natural-language-processing-gerhard-paa-and-sven-giesselbach-839.pdf,291,2953,472,0,0,0,0,False,0,False,False,False,False,0,NONE
foundation-models-for-natural-language-processing-gerhard-paa-and-sven-giesselbach-839.pdf,292,1913,302,1,0,0,0,False,2,False,False,False,False,0,NONE
foundation-models-for-natural-language-processing-gerhard-paa-and-sven-giesselbach-839.pdf,293,3365,560,0,0,0,0,False,1,False,False,False,False,0,NONE
foundation-models-for-natural-language-processing-gerhard-paa-and-sven-giesselbach-839.pdf,294,3315,538,0,0,0,0,False,1,False,False,False,False,0,NONE
foundation-models-for-natural-language-processing-gerhard-paa-and-sven-giesselbach-839.pdf,295,2608,395,0,0,0,0,False,2,False,False,False,False,0,NONE
foundation-models-for-natural-language-processing-gerhard-paa-and-sven-giesselbach-839.pdf,296,3303,532,0,0,0,0,False,0,False,False,False,False,0,NONE
foundation-models-for-natural-language-processing-gerhard-paa-and-sven-giesselbach-839.pdf,297,2237,350,0,0,0,0,False,3,False,False,False,False,0,NONE
foundation-models-for-natural-language-processing-gerhard-paa-and-sven-giesselbach-839.pdf,298,2370,380,0,0,0,0,False,1,False,False,False,False,0,NONE
foundation-models-for-natural-language-processing-gerhard-paa-and-sven-giesselbach-839.pdf,299,3355,539,0,0,0,0,False,0,False,False,False,False,0,NONE
foundation-models-for-natural-language-processing-gerhard-paa-and-sven-giesselbach-839.pdf,300,3114,491,0,0,0,0,False,0,False,False,False,False,0,NONE
foundation-models-for-natural-language-processing-gerhard-paa-and-sven-giesselbach-839.pdf,301,2799,367,0,0,0,0,False,0,False,False,False,False,0,NONE
foundation-models-for-natural-language-processing-gerhard-paa-and-sven-giesselbach-839.pdf,302,3280,521,0,0,0,0,False,0,False,False,False,False,0,NONE
foundation-models-for-natural-language-processing-gerhard-paa-and-sven-giesselbach-839.pdf,303,2551,392,0,0,0,0,False,1,False,False,False,False,0,NONE
foundation-models-for-natural-language-processing-gerhard-paa-and-sven-giesselbach-839.pdf,304,2810,314,0,0,0,0,False,6,False,False,False,False,1,NONE
foundation-models-for-natural-language-processing-gerhard-paa-and-sven-giesselbach-839.pdf,305,1711,268,1,0,0,0,False,1,False,False,False,False,0,NONE
foundation-models-for-natural-language-processing-gerhard-paa-and-sven-giesselbach-839.pdf,306,3470,524,0,0,0,0,False,0,False,False,False,False,0,NONE
foundation-models-for-natural-language-processing-gerhard-paa-and-sven-giesselbach-839.pdf,307,3446,532,0,0,0,0,False,2,False,False,False,False,0,NONE
foundation-models-for-natural-language-processing-gerhard-paa-and-sven-giesselbach-839.pdf,308,2222,376,1,0,6,0,False,3,False,False,False,False,0,NONE
foundation-models-for-natural-language-processing-gerhard-paa-and-sven-giesselbach-839.pdf,309,3228,480,0,0,0,0,False,1,False,False,False,False,0,NONE
foundation-models-for-natural-language-processing-gerhard-paa-and-sven-giesselbach-839.pdf,310,2524,408,1,0,0,0,False,2,False,False,False,False,0,NONE
foundation-models-for-natural-language-processing-gerhard-paa-and-sven-giesselbach-839.pdf,311,2505,407,1,0,4,0,False,1,False,False,False,False,0,NONE
foundation-models-for-natural-language-processing-gerhard-paa-and-sven-giesselbach-839.pdf,312,3127,486,0,0,0,0,False,0,False,False,False,False,0,NONE
foundation-models-for-natural-language-processing-gerhard-paa-and-sven-giesselbach-839.pdf,313,2583,390,0,0,0,0,False,0,False,False,False,False,0,NONE
foundation-models-for-natural-language-processing-gerhard-paa-and-sven-giesselbach-839.pdf,314,2984,414,0,0,0,0,False,0,False,False,False,False,0,NONE
foundation-models-for-natural-language-processing-gerhard-paa-and-sven-giesselbach-839.pdf,315,3822,516,0,0,0,0,False,0,False,True,False,True,0,Orphaned dates/timeline badges (2 in trailing lines)
foundation-models-for-natural-language-processing-gerhard-paa-and-sven-giesselbach-839.pdf,316,3770,502,0,0,0,0,False,0,False,False,False,False,0,NONE
foundation-models-for-natural-language-processing-gerhard-paa-and-sven-giesselbach-839.pdf,317,3882,551,0,0,0,0,False,0,False,False,False,False,0,NONE
foundation-models-for-natural-language-processing-gerhard-paa-and-sven-giesselbach-839.pdf,318,4109,594,0,0,0,0,False,0,False,False,False,False,0,NONE
foundation-models-for-natural-language-processing-gerhard-paa-and-sven-giesselbach-839.pdf,319,3984,572,0,0,0,0,False,0,False,False,False,False,0,NONE
foundation-models-for-natural-language-processing-gerhard-paa-and-sven-giesselbach-839.pdf,320,3903,554,0,0,0,0,False,0,False,False,False,False,0,NONE
foundation-models-for-natural-language-processing-gerhard-paa-and-sven-giesselbach-839.pdf,321,3729,516,0,0,0,0,False,0,False,True,False,True,0,Orphaned dates/timeline badges (2 in trailing lines)
foundation-models-for-natural-language-processing-gerhard-paa-and-sven-giesselbach-839.pdf,322,4079,561,0,0,0,0,False,0,False,False,False,False,0,NONE
foundation-models-for-natural-language-processing-gerhard-paa-and-sven-giesselbach-839.pdf,323,3923,521,0,0,0,0,False,0,False,False,False,False,0,NONE
foundation-models-for-natural-language-processing-gerhard-paa-and-sven-giesselbach-839.pdf,324,3764,515,0,0,0,0,False,0,False,False,False,False,0,NONE
foundation-models-for-natural-language-processing-gerhard-paa-and-sven-giesselbach-839.pdf,325,3839,557,0,0,0,0,False,0,False,False,False,False,0,NONE
foundation-models-for-natural-language-processing-gerhard-paa-and-sven-giesselbach-839.pdf,326,3859,560,0,0,0,0,False,0,False,False,False,False,0,NONE
foundation-models-for-natural-language-processing-gerhard-paa-and-sven-giesselbach-839.pdf,327,2598,362,1,0,0,0,False,0,False,False,False,False,0,NONE
foundation-models-for-natural-language-processing-gerhard-paa-and-sven-giesselbach-839.pdf,328,2594,374,0,0,0,0,False,0,False,False,False,False,0,NONE
foundation-models-for-natural-language-processing-gerhard-paa-and-sven-giesselbach-839.pdf,329,3377,525,0,0,0,0,False,1,False,False,False,False,0,NONE
foundation-models-for-natural-language-processing-gerhard-paa-and-sven-giesselbach-839.pdf,330,1545,231,1,0,0,0,False,2,False,False,False,False,0,NONE
foundation-models-for-natural-language-processing-gerhard-paa-and-sven-giesselbach-839.pdf,331,2818,400,0,0,0,0,False,2,False,False,False,False,1,NONE
foundation-models-for-natural-language-processing-gerhard-paa-and-sven-giesselbach-839.pdf,332,3112,493,0,0,1,0,False,0,False,False,False,False,0,NONE
foundation-models-for-natural-language-processing-gerhard-paa-and-sven-giesselbach-839.pdf,333,3165,463,0,0,0,0,False,0,False,False,False,False,0,NONE
foundation-models-for-natural-language-processing-gerhard-paa-and-sven-giesselbach-839.pdf,334,3086,455,0,0,0,0,False,1,False,False,False,False,0,NONE
foundation-models-for-natural-language-processing-gerhard-paa-and-sven-giesselbach-839.pdf,335,1369,216,1,0,10,0,False,1,False,False,False,False,1,NONE
foundation-models-for-natural-language-processing-gerhard-paa-and-sven-giesselbach-839.pdf,336,2848,391,0,0,0,0,False,0,False,False,False,False,0,NONE
foundation-models-for-natural-language-processing-gerhard-paa-and-sven-giesselbach-839.pdf,337,2952,474,0,0,0,0,False,0,False,False,False,False,0,NONE
foundation-models-for-natural-language-processing-gerhard-paa-and-sven-giesselbach-839.pdf,338,2821,426,0,0,0,0,False,0,False,False,False,False,0,NONE
foundation-models-for-natural-language-processing-gerhard-paa-and-sven-giesselbach-839.pdf,339,2912,449,0,0,0,0,False,2,False,False,False,False,0,NONE
foundation-models-for-natural-language-processing-gerhard-paa-and-sven-giesselbach-839.pdf,340,2328,244,0,0,0,0,False,1,False,False,False,False,1,NONE
foundation-models-for-natural-language-processing-gerhard-paa-and-sven-giesselbach-839.pdf,341,2277,317,1,0,10,0,False,3,False,False,False,False,2,NONE
foundation-models-for-natural-language-processing-gerhard-paa-and-sven-giesselbach-839.pdf,342,3165,500,0,0,0,0,False,1,False,False,False,False,0,NONE
foundation-models-for-natural-language-processing-gerhard-paa-and-sven-giesselbach-839.pdf,343,2692,426,2,0,0,0,False,2,False,False,False,False,0,NONE
foundation-models-for-natural-language-processing-gerhard-paa-and-sven-giesselbach-839.pdf,344,1915,308,1,0,0,0,False,2,False,False,False,False,0,NONE
foundation-models-for-natural-language-processing-gerhard-paa-and-sven-giesselbach-839.pdf,345,1823,268,1,0,0,0,False,2,False,False,False,False,0,NONE
foundation-models-for-natural-language-processing-gerhard-paa-and-sven-giesselbach-839.pdf,346,2570,387,1,0,0,0,False,3,False,False,False,False,0,NONE
foundation-models-for-natural-language-processing-gerhard-paa-and-sven-giesselbach-839.pdf,347,2320,365,1,0,0,0,False,1,False,False,False,False,0,NONE
foundation-models-for-natural-language-processing-gerhard-paa-and-sven-giesselbach-839.pdf,348,2744,454,3,0,0,0,False,2,False,False,False,False,0,NONE
foundation-models-for-natural-language-processing-gerhard-paa-and-sven-giesselbach-839.pdf,349,3184,507,0,0,0,0,False,0,False,False,False,False,0,NONE
foundation-models-for-natural-language-processing-gerhard-paa-and-sven-giesselbach-839.pdf,350,3418,543,0,0,0,0,False,1,False,False,False,False,0,NONE
foundation-models-for-natural-language-processing-gerhard-paa-and-sven-giesselbach-839.pdf,351,6186,638,2,0,8,0,False,3,False,False,False,False,2,NONE
foundation-models-for-natural-language-processing-gerhard-paa-and-sven-giesselbach-839.pdf,352,2377,385,4,0,3,0,False,1,False,False,False,False,0,NONE
foundation-models-for-natural-language-processing-gerhard-paa-and-sven-giesselbach-839.pdf,353,3378,525,0,0,0,0,False,1,False,False,False,False,0,NONE
foundation-models-for-natural-language-processing-gerhard-paa-and-sven-giesselbach-839.pdf,354,2405,398,1,0,3,0,False,1,False,False,False,False,0,NONE
foundation-models-for-natural-language-processing-gerhard-paa-and-sven-giesselbach-839.pdf,355,2516,413,1,0,0,0,False,2,False,False,False,False,0,NONE
foundation-models-for-natural-language-processing-gerhard-paa-and-sven-giesselbach-839.pdf,356,3177,503,0,0,0,0,False,1,False,False,False,False,0,NONE
foundation-models-for-natural-language-processing-gerhard-paa-and-sven-giesselbach-839.pdf,357,1944,316,2,0,1,0,False,3,False,False,False,False,0,NONE
foundation-models-for-natural-language-processing-gerhard-paa-and-sven-giesselbach-839.pdf,358,2248,348,1,0,0,0,False,3,False,False,False,False,0,NONE
foundation-models-for-natural-language-processing-gerhard-paa-and-sven-giesselbach-839.pdf,359,2500,398,1,0,0,0,False,4,False,False,False,False,0,NONE
foundation-models-for-natural-language-processing-gerhard-paa-and-sven-giesselbach-839.pdf,360,2599,410,1,0,0,0,False,2,False,False,False,False,0,NONE
foundation-models-for-natural-language-processing-gerhard-paa-and-sven-giesselbach-839.pdf,361,3918,536,1,0,15,0,False,3,False,False,False,False,1,NONE
foundation-models-for-natural-language-processing-gerhard-paa-and-sven-giesselbach-839.pdf,362,3047,465,0,0,0,0,False,0,False,False,False,False,0,NONE
foundation-models-for-natural-language-processing-gerhard-paa-and-sven-giesselbach-839.pdf,363,2929,407,0,0,0,0,False,0,False,False,False,False,0,NONE
foundation-models-for-natural-language-processing-gerhard-paa-and-sven-giesselbach-839.pdf,364,2923,443,0,0,0,0,False,0,False,False,False,False,0,NONE
foundation-models-for-natural-language-processing-gerhard-paa-and-sven-giesselbach-839.pdf,365,3154,480,0,0,0,0,False,2,False,False,False,False,0,NONE
foundation-models-for-natural-language-processing-gerhard-paa-and-sven-giesselbach-839.pdf,366,2776,293,0,0,0,0,False,1,False,False,False,False,2,NONE
foundation-models-for-natural-language-processing-gerhard-paa-and-sven-giesselbach-839.pdf,367,2417,349,3,0,0,0,False,2,False,False,False,False,1,NONE
foundation-models-for-natural-language-processing-gerhard-paa-and-sven-giesselbach-839.pdf,368,3278,518,0,0,0,0,False,0,False,False,False,False,0,NONE
foundation-models-for-natural-language-processing-gerhard-paa-and-sven-giesselbach-839.pdf,369,3505,546,0,0,0,0,False,0,False,False,False,False,0,NONE
foundation-models-for-natural-language-processing-gerhard-paa-and-sven-giesselbach-839.pdf,370,2565,380,1,0,0,0,False,3,False,False,False,False,0,NONE
foundation-models-for-natural-language-processing-gerhard-paa-and-sven-giesselbach-839.pdf,371,3300,487,1,0,11,4,False,1,False,False,False,True,2,Contains 4 unmapped glyphs (U+FFFD)
foundation-models-for-natural-language-processing-gerhard-paa-and-sven-giesselbach-839.pdf,372,3412,520,0,0,0,0,False,1,False,False,False,False,0,NONE
foundation-models-for-natural-language-processing-gerhard-paa-and-sven-giesselbach-839.pdf,373,2422,400,11,0,10,0,False,3,False,False,False,False,2,NONE
foundation-models-for-natural-language-processing-gerhard-paa-and-sven-giesselbach-839.pdf,374,2568,423,5,0,4,0,False,3,False,False,False,False,0,NONE
foundation-models-for-natural-language-processing-gerhard-paa-and-sven-giesselbach-839.pdf,375,1996,310,1,0,0,0,False,1,False,False,False,False,0,NONE
foundation-models-for-natural-language-processing-gerhard-paa-and-sven-giesselbach-839.pdf,376,3077,508,0,0,0,0,False,2,False,False,False,False,0,NONE
foundation-models-for-natural-language-processing-gerhard-paa-and-sven-giesselbach-839.pdf,377,1745,295,2,0,0,0,False,5,False,False,False,False,0,NONE
foundation-models-for-natural-language-processing-gerhard-paa-and-sven-giesselbach-839.pdf,378,983,131,2,0,1,0,False,2,False,False,False,False,0,NONE
foundation-models-for-natural-language-processing-gerhard-paa-and-sven-giesselbach-839.pdf,379,3048,430,0,0,0,0,False,0,False,False,False,False,0,NONE
foundation-models-for-natural-language-processing-gerhard-paa-and-sven-giesselbach-839.pdf,380,2944,475,0,0,1,0,False,0,False,False,False,False,0,NONE
foundation-models-for-natural-language-processing-gerhard-paa-and-sven-giesselbach-839.pdf,381,4014,475,2,0,50,0,False,2,False,False,False,False,1,NONE
foundation-models-for-natural-language-processing-gerhard-paa-and-sven-giesselbach-839.pdf,382,2933,465,0,0,0,0,False,0,False,False,False,False,0,NONE
foundation-models-for-natural-language-processing-gerhard-paa-and-sven-giesselbach-839.pdf,383,2071,312,1,0,0,0,False,2,False,False,False,False,0,NONE
foundation-models-for-natural-language-processing-gerhard-paa-and-sven-giesselbach-839.pdf,384,2614,401,0,0,0,0,False,0,False,False,False,False,0,NONE
foundation-models-for-natural-language-processing-gerhard-paa-and-sven-giesselbach-839.pdf,385,2996,438,0,0,1,0,False,2,False,False,False,False,1,NONE
foundation-models-for-natural-language-processing-gerhard-paa-and-sven-giesselbach-839.pdf,386,2679,377,0,0,0,0,False,0,False,False,False,False,0,NONE
foundation-models-for-natural-language-processing-gerhard-paa-and-sven-giesselbach-839.pdf,387,3792,533,0,0,0,0,False,0,False,False,False,False,0,NONE
foundation-models-for-natural-language-processing-gerhard-paa-and-sven-giesselbach-839.pdf,388,3919,561,0,0,0,0,False,0,False,False,False,False,0,NONE
foundation-models-for-natural-language-processing-gerhard-paa-and-sven-giesselbach-839.pdf,389,3964,610,0,0,0,0,False,0,False,False,False,False,0,NONE
foundation-models-for-natural-language-processing-gerhard-paa-and-sven-giesselbach-839.pdf,390,3775,541,0,0,0,0,False,0,False,False,False,False,0,NONE
foundation-models-for-natural-language-processing-gerhard-paa-and-sven-giesselbach-839.pdf,391,3954,582,0,0,0,0,False,0,False,False,False,False,0,NONE
foundation-models-for-natural-language-processing-gerhard-paa-and-sven-giesselbach-839.pdf,392,3890,550,0,0,0,0,False,0,False,True,False,True,0,Orphaned dates/timeline badges (2 in trailing lines)
foundation-models-for-natural-language-processing-gerhard-paa-and-sven-giesselbach-839.pdf,393,3878,506,0,0,0,0,False,0,False,False,False,False,0,NONE
foundation-models-for-natural-language-processing-gerhard-paa-and-sven-giesselbach-839.pdf,394,3820,573,0,0,0,0,False,0,False,False,False,False,0,NONE
foundation-models-for-natural-language-processing-gerhard-paa-and-sven-giesselbach-839.pdf,395,3089,452,0,0,0,0,False,0,False,False,False,False,0,NONE
foundation-models-for-natural-language-processing-gerhard-paa-and-sven-giesselbach-839.pdf,396,901,134,0,0,0,0,False,0,False,False,False,False,0,NONE
foundation-models-for-natural-language-processing-gerhard-paa-and-sven-giesselbach-839.pdf,397,2445,349,1,0,0,0,False,0,False,False,False,False,0,NONE
foundation-models-for-natural-language-processing-gerhard-paa-and-sven-giesselbach-839.pdf,398,2679,398,0,0,0,0,False,0,False,False,False,False,0,NONE
foundation-models-for-natural-language-processing-gerhard-paa-and-sven-giesselbach-839.pdf,399,2956,446,0,0,0,0,False,0,False,False,False,False,0,NONE
foundation-models-for-natural-language-processing-gerhard-paa-and-sven-giesselbach-839.pdf,400,2325,351,1,0,0,0,False,2,False,False,False,False,0,NONE
foundation-models-for-natural-language-processing-gerhard-paa-and-sven-giesselbach-839.pdf,401,2719,446,0,0,0,0,False,0,False,False,False,False,0,NONE
foundation-models-for-natural-language-processing-gerhard-paa-and-sven-giesselbach-839.pdf,402,3075,461,0,0,0,0,False,0,False,False,False,False,0,NONE
foundation-models-for-natural-language-processing-gerhard-paa-and-sven-giesselbach-839.pdf,403,3234,466,0,0,0,0,False,0,False,False,False,False,0,NONE
foundation-models-for-natural-language-processing-gerhard-paa-and-sven-giesselbach-839.pdf,404,3228,490,0,0,0,0,False,0,False,False,False,False,0,NONE
foundation-models-for-natural-language-processing-gerhard-paa-and-sven-giesselbach-839.pdf,405,3127,484,0,0,0,0,False,0,False,False,False,False,0,NONE
foundation-models-for-natural-language-processing-gerhard-paa-and-sven-giesselbach-839.pdf,406,3568,517,0,0,0,0,False,0,False,False,False,False,0,NONE
foundation-models-for-natural-language-processing-gerhard-paa-and-sven-giesselbach-839.pdf,407,3157,481,0,0,0,0,False,0,False,False,False,False,0,NONE
foundation-models-for-natural-language-processing-gerhard-paa-and-sven-giesselbach-839.pdf,408,2914,459,0,0,0,0,False,1,False,False,False,False,0,NONE
foundation-models-for-natural-language-processing-gerhard-paa-and-sven-giesselbach-839.pdf,409,2972,420,0,0,0,0,False,1,False,False,False,False,0,NONE
foundation-models-for-natural-language-processing-gerhard-paa-and-sven-giesselbach-839.pdf,410,3132,482,0,0,0,0,False,0,False,False,False,False,0,NONE
foundation-models-for-natural-language-processing-gerhard-paa-and-sven-giesselbach-839.pdf,411,3211,486,0,0,0,0,False,0,False,False,False,False,0,NONE
foundation-models-for-natural-language-processing-gerhard-paa-and-sven-giesselbach-839.pdf,412,3287,501,0,0,0,0,False,2,False,False,False,False,0,NONE
foundation-models-for-natural-language-processing-gerhard-paa-and-sven-giesselbach-839.pdf,413,3296,470,0,0,0,0,False,1,False,False,False,False,1,NONE
foundation-models-for-natural-language-processing-gerhard-paa-and-sven-giesselbach-839.pdf,414,2271,368,1,0,0,0,False,2,False,False,False,False,0,NONE
foundation-models-for-natural-language-processing-gerhard-paa-and-sven-giesselbach-839.pdf,415,3020,480,0,0,0,0,False,0,False,False,False,False,0,NONE
foundation-models-for-natural-language-processing-gerhard-paa-and-sven-giesselbach-839.pdf,416,3071,466,0,0,0,0,False,0,False,False,False,False,0,NONE
foundation-models-for-natural-language-processing-gerhard-paa-and-sven-giesselbach-839.pdf,417,1992,313,1,0,1,0,False,2,False,False,False,False,0,NONE
foundation-models-for-natural-language-processing-gerhard-paa-and-sven-giesselbach-839.pdf,418,2955,454,0,0,0,0,False,0,False,False,False,False,0,NONE
foundation-models-for-natural-language-processing-gerhard-paa-and-sven-giesselbach-839.pdf,419,1984,313,1,0,0,0,False,2,False,False,False,False,0,NONE
foundation-models-for-natural-language-processing-gerhard-paa-and-sven-giesselbach-839.pdf,420,3366,494,0,0,0,0,False,0,False,False,False,False,0,NONE
foundation-models-for-natural-language-processing-gerhard-paa-and-sven-giesselbach-839.pdf,421,3325,498,0,0,0,0,False,0,False,False,False,False,0,NONE
foundation-models-for-natural-language-processing-gerhard-paa-and-sven-giesselbach-839.pdf,422,2839,438,0,0,0,0,False,0,False,False,False,False,0,NONE
foundation-models-for-natural-language-processing-gerhard-paa-and-sven-giesselbach-839.pdf,423,3342,537,0,0,0,0,False,4,False,False,False,False,0,NONE
foundation-models-for-natural-language-processing-gerhard-paa-and-sven-giesselbach-839.pdf,424,2993,270,1,0,10,0,False,2,False,False,False,False,1,NONE
foundation-models-for-natural-language-processing-gerhard-paa-and-sven-giesselbach-839.pdf,425,2703,417,0,0,3,0,False,2,False,False,False,False,0,NONE
foundation-models-for-natural-language-processing-gerhard-paa-and-sven-giesselbach-839.pdf,426,2162,347,1,0,0,0,False,2,False,False,False,False,0,NONE
foundation-models-for-natural-language-processing-gerhard-paa-and-sven-giesselbach-839.pdf,427,3206,506,0,0,0,0,False,0,False,False,False,False,0,NONE
foundation-models-for-natural-language-processing-gerhard-paa-and-sven-giesselbach-839.pdf,428,2994,478,0,0,0,0,False,0,False,False,False,False,0,NONE
foundation-models-for-natural-language-processing-gerhard-paa-and-sven-giesselbach-839.pdf,429,3946,547,0,0,0,0,False,0,False,False,False,False,0,NONE
foundation-models-for-natural-language-processing-gerhard-paa-and-sven-giesselbach-839.pdf,430,3919,505,0,0,0,0,False,0,False,False,False,False,0,NONE
foundation-models-for-natural-language-processing-gerhard-paa-and-sven-giesselbach-839.pdf,431,3944,547,0,0,0,0,False,0,False,False,False,False,0,NONE
foundation-models-for-natural-language-processing-gerhard-paa-and-sven-giesselbach-839.pdf,432,3804,468,0,0,0,0,False,0,False,False,False,False,0,NONE
foundation-models-for-natural-language-processing-gerhard-paa-and-sven-giesselbach-839.pdf,433,3107,434,0,0,0,0,False,0,False,False,False,False,0,NONE
foundation-models-for-natural-language-processing-gerhard-paa-and-sven-giesselbach-839.pdf,434,1860,282,0,0,0,0,False,0,False,False,False,False,0,NONE
foundation-models-for-natural-language-processing-gerhard-paa-and-sven-giesselbach-839.pdf,435,2992,189,0,0,0,0,False,22,False,False,False,False,1,NONE
foundation-models-for-natural-language-processing-gerhard-paa-and-sven-giesselbach-839.pdf,436,2459,128,0,0,0,0,False,2,False,False,False,False,1,NONE
foundation-models-for-natural-language-processing-gerhard-paa-and-sven-giesselbach-839.pdf,437,2805,195,0,0,0,0,False,14,False,False,False,False,2,NONE
foundation-models-for-natural-language-processing-gerhard-paa-and-sven-giesselbach-839.pdf,438,2670,222,0,0,0,0,False,15,False,False,False,False,2,NONE
foundation-models-for-natural-language-processing-gerhard-paa-and-sven-giesselbach-839.pdf,439,1599,222,0,0,0,0,False,0,False,False,False,False,0,NONE
foundation-models-for-natural-language-processing-gerhard-paa-and-sven-giesselbach-839.pdf,440,2247,320,0,0,0,0,False,0,False,False,False,False,0,NONE
foundation-models-for-natural-language-processing-gerhard-paa-and-sven-giesselbach-839.pdf,441,2291,322,0,0,0,0,False,0,False,False,False,False,0,NONE
foundation-models-for-natural-language-processing-gerhard-paa-and-sven-giesselbach-839.pdf,442,2162,306,0,0,0,0,False,0,False,False,False,False,0,NONE
foundation-models-for-natural-language-processing-gerhard-paa-and-sven-giesselbach-839.pdf,443,2174,309,0,0,0,0,False,0,False,False,False,False,0,NONE
foundation-models-for-natural-language-processing-gerhard-paa-and-sven-giesselbach-839.pdf,444,2295,319,0,0,0,0,False,0,False,False,False,False,0,NONE
foundation-models-for-natural-language-processing-gerhard-paa-and-sven-giesselbach-839.pdf,445,2252,323,0,0,0,0,False,0,False,False,False,False,0,NONE
foundation-models-for-natural-language-processing-gerhard-paa-and-sven-giesselbach-839.pdf,446,2363,328,0,0,0,0,False,0,False,False,False,False,0,NONE
foundation-models-for-natural-language-processing-gerhard-paa-and-sven-giesselbach-839.pdf,447,2077,288,0,0,0,0,False,0,False,False,False,False,0,NONE
foundation-models-for-natural-language-processing-gerhard-paa-and-sven-giesselbach-839.pdf,448,1047,156,0,0,0,0,False,0,False,False,False,False,0,NONE
natural-language-processing-jacob-eisenstein-838.pdf,1,64,8,0,0,0,0,True,0,False,False,False,True,0,"Sparse text (64 chars, cover/blank page)"
natural-language-processing-jacob-eisenstein-838.pdf,2,0,0,0,0,0,0,True,0,False,False,False,True,0,"Sparse text (0 chars, cover/blank page)"
natural-language-processing-jacob-eisenstein-838.pdf,3,1917,688,0,0,0,0,False,0,False,False,False,False,0,NONE
natural-language-processing-jacob-eisenstein-838.pdf,4,3341,1191,0,0,0,0,False,0,False,False,False,False,0,NONE
natural-language-processing-jacob-eisenstein-838.pdf,5,3108,1089,0,0,0,0,False,0,False,False,False,False,0,NONE
natural-language-processing-jacob-eisenstein-838.pdf,6,3314,1138,0,0,0,0,False,0,False,False,False,False,0,NONE
natural-language-processing-jacob-eisenstein-838.pdf,7,3320,1075,0,0,0,0,False,0,False,False,False,False,0,NONE
natural-language-processing-jacob-eisenstein-838.pdf,8,3044,1045,0,0,0,0,False,0,False,False,False,False,0,NONE
natural-language-processing-jacob-eisenstein-838.pdf,9,3386,1138,0,0,0,0,False,0,False,False,False,False,0,NONE
natural-language-processing-jacob-eisenstein-838.pdf,10,3169,1090,0,0,0,0,False,0,False,False,False,False,0,NONE
natural-language-processing-jacob-eisenstein-838.pdf,11,2048,681,0,0,0,0,False,0,False,False,False,False,0,NONE
natural-language-processing-jacob-eisenstein-838.pdf,12,0,0,0,0,0,0,True,0,False,False,False,True,0,"Sparse text (0 chars, cover/blank page)"
natural-language-processing-jacob-eisenstein-838.pdf,13,1760,250,0,0,0,0,False,0,False,False,False,False,0,NONE
natural-language-processing-jacob-eisenstein-838.pdf,14,2706,408,0,0,0,0,False,0,False,False,False,False,0,NONE
natural-language-processing-jacob-eisenstein-838.pdf,15,2861,430,0,0,0,0,False,0,False,False,False,False,0,NONE
natural-language-processing-jacob-eisenstein-838.pdf,16,1215,191,0,0,0,0,False,1,False,False,False,False,0,NONE
natural-language-processing-jacob-eisenstein-838.pdf,17,1070,211,0,0,0,0,False,0,False,False,False,False,0,NONE
natural-language-processing-jacob-eisenstein-838.pdf,18,1485,273,0,0,0,0,False,0,False,False,False,False,0,NONE
natural-language-processing-jacob-eisenstein-838.pdf,19,1901,285,0,0,0,0,False,0,False,False,False,False,0,NONE
natural-language-processing-jacob-eisenstein-838.pdf,20,3006,471,0,0,0,0,False,0,False,False,False,False,0,NONE
natural-language-processing-jacob-eisenstein-838.pdf,21,3403,507,0,0,0,0,False,0,False,False,False,False,0,NONE
natural-language-processing-jacob-eisenstein-838.pdf,22,3149,461,0,0,0,0,False,0,False,False,False,False,0,NONE
natural-language-processing-jacob-eisenstein-838.pdf,23,2744,411,0,0,0,0,False,0,False,False,False,False,0,NONE
natural-language-processing-jacob-eisenstein-838.pdf,24,3103,464,0,0,0,0,False,0,False,False,False,False,0,NONE
natural-language-processing-jacob-eisenstein-838.pdf,25,2740,429,0,0,0,0,False,0,False,False,False,False,0,NONE
natural-language-processing-jacob-eisenstein-838.pdf,26,2829,472,0,0,0,0,False,0,False,False,False,False,0,NONE
natural-language-processing-jacob-eisenstein-838.pdf,27,3003,471,0,0,0,0,False,0,False,False,False,False,0,NONE
natural-language-processing-jacob-eisenstein-838.pdf,28,2943,467,0,0,0,0,False,0,False,False,False,False,0,NONE
natural-language-processing-jacob-eisenstein-838.pdf,29,20,4,0,0,0,0,True,0,False,False,False,True,0,"Sparse text (20 chars, cover/blank page)"
natural-language-processing-jacob-eisenstein-838.pdf,30,0,0,0,0,0,0,True,0,False,False,False,True,0,"Sparse text (0 chars, cover/blank page)"
natural-language-processing-jacob-eisenstein-838.pdf,31,1946,337,0,0,0,0,False,0,False,False,False,False,0,NONE
natural-language-processing-jacob-eisenstein-838.pdf,32,2442,482,0,0,0,0,False,0,False,False,False,False,0,NONE
natural-language-processing-jacob-eisenstein-838.pdf,33,2577,471,0,0,0,0,False,1,False,False,False,False,0,NONE
natural-language-processing-jacob-eisenstein-838.pdf,34,1992,225,0,0,0,0,False,1,False,False,False,False,1,NONE
natural-language-processing-jacob-eisenstein-838.pdf,35,2629,431,0,0,0,0,False,0,False,False,False,False,0,NONE
natural-language-processing-jacob-eisenstein-838.pdf,36,2176,386,0,0,2,0,False,0,False,False,False,False,0,NONE
natural-language-processing-jacob-eisenstein-838.pdf,37,3173,536,0,0,0,0,False,0,False,False,False,False,0,NONE
natural-language-processing-jacob-eisenstein-838.pdf,38,1838,353,0,0,0,0,False,1,False,False,False,False,0,NONE
natural-language-processing-jacob-eisenstein-838.pdf,39,1722,296,0,0,0,0,False,0,False,False,False,False,0,NONE
natural-language-processing-jacob-eisenstein-838.pdf,40,2408,430,0,2,6,0,False,0,False,False,False,True,0,Contains 2 NUL (0x00) bytes
natural-language-processing-jacob-eisenstein-838.pdf,41,2969,497,0,0,0,0,False,0,False,False,False,False,0,NONE
natural-language-processing-jacob-eisenstein-838.pdf,42,2779,444,0,0,0,0,False,0,False,False,False,False,0,NONE
natural-language-processing-jacob-eisenstein-838.pdf,43,2745,461,0,0,0,0,False,0,False,False,False,False,0,NONE
natural-language-processing-jacob-eisenstein-838.pdf,44,2045,348,0,0,0,0,False,0,False,False,False,False,0,NONE
natural-language-processing-jacob-eisenstein-838.pdf,45,3010,497,0,0,0,0,False,0,False,False,False,False,0,NONE
natural-language-processing-jacob-eisenstein-838.pdf,46,1422,247,0,0,0,0,False,0,False,False,False,False,0,NONE
natural-language-processing-jacob-eisenstein-838.pdf,47,3116,531,0,0,0,0,False,0,False,False,False,False,0,NONE
natural-language-processing-jacob-eisenstein-838.pdf,48,2573,432,0,0,0,0,False,0,False,False,False,False,0,NONE
natural-language-processing-jacob-eisenstein-838.pdf,49,1451,259,0,0,2,0,False,2,False,False,False,False,0,NONE
natural-language-processing-jacob-eisenstein-838.pdf,50,2601,443,0,0,0,0,False,1,False,False,False,False,0,NONE
natural-language-processing-jacob-eisenstein-838.pdf,51,1624,267,0,0,0,0,False,1,False,False,False,False,0,NONE
natural-language-processing-jacob-eisenstein-838.pdf,52,2290,403,0,0,0,0,False,0,False,False,False,False,0,NONE
natural-language-processing-jacob-eisenstein-838.pdf,53,2219,370,0,0,4,0,False,0,False,False,False,False,0,NONE
natural-language-processing-jacob-eisenstein-838.pdf,54,2630,456,0,0,2,0,False,1,False,False,False,False,0,NONE
natural-language-processing-jacob-eisenstein-838.pdf,55,1958,351,0,3,12,0,False,0,False,False,False,True,0,Contains 3 NUL (0x00) bytes
natural-language-processing-jacob-eisenstein-838.pdf,56,2237,361,0,0,2,0,False,0,False,False,False,False,0,NONE
natural-language-processing-jacob-eisenstein-838.pdf,57,2742,429,0,0,0,0,False,0,False,False,False,False,0,NONE
natural-language-processing-jacob-eisenstein-838.pdf,58,2159,378,0,0,0,0,False,0,False,False,False,False,0,NONE
natural-language-processing-jacob-eisenstein-838.pdf,59,2691,428,0,0,0,0,False,0,False,False,False,False,0,NONE
natural-language-processing-jacob-eisenstein-838.pdf,60,2420,405,0,0,0,0,False,0,False,False,False,False,0,NONE
natural-language-processing-jacob-eisenstein-838.pdf,61,2691,392,0,0,0,0,False,0,False,False,False,False,0,NONE
natural-language-processing-jacob-eisenstein-838.pdf,62,2007,377,0,0,0,0,False,0,False,False,False,False,0,NONE
natural-language-processing-jacob-eisenstein-838.pdf,63,1895,351,0,0,0,0,False,0,False,False,False,False,0,NONE
natural-language-processing-jacob-eisenstein-838.pdf,64,678,118,0,0,0,0,False,0,False,False,False,False,0,NONE
natural-language-processing-jacob-eisenstein-838.pdf,65,1965,297,0,0,0,0,False,0,False,False,False,False,0,NONE
natural-language-processing-jacob-eisenstein-838.pdf,66,2526,415,0,0,0,0,False,1,False,False,False,False,0,NONE
natural-language-processing-jacob-eisenstein-838.pdf,67,1643,303,0,0,0,0,False,2,False,False,False,False,0,NONE
natural-language-processing-jacob-eisenstein-838.pdf,68,1761,307,0,0,0,0,False,3,False,False,False,False,0,NONE
natural-language-processing-jacob-eisenstein-838.pdf,69,2589,444,0,0,0,0,False,0,False,False,False,False,0,NONE
natural-language-processing-jacob-eisenstein-838.pdf,70,2058,345,0,0,0,0,False,0,False,False,False,False,0,NONE
natural-language-processing-jacob-eisenstein-838.pdf,71,2431,434,0,0,4,0,False,1,False,False,False,False,0,NONE
natural-language-processing-jacob-eisenstein-838.pdf,72,1667,304,0,1,6,0,False,0,False,False,False,True,0,Contains 1 NUL (0x00) bytes
natural-language-processing-jacob-eisenstein-838.pdf,73,2477,436,0,0,0,0,False,3,False,False,False,False,0,NONE
natural-language-processing-jacob-eisenstein-838.pdf,74,2563,429,0,0,0,0,False,1,False,False,False,False,0,NONE
natural-language-processing-jacob-eisenstein-838.pdf,75,2112,333,0,0,0,0,False,2,False,False,False,False,0,NONE
natural-language-processing-jacob-eisenstein-838.pdf,76,3246,551,0,0,0,0,False,0,False,False,False,False,0,NONE
natural-language-processing-jacob-eisenstein-838.pdf,77,2833,432,0,0,0,0,False,0,False,False,False,False,0,NONE
natural-language-processing-jacob-eisenstein-838.pdf,78,2006,321,0,0,0,0,False,0,False,False,False,False,0,NONE
natural-language-processing-jacob-eisenstein-838.pdf,79,2016,334,0,0,0,0,False,0,False,False,False,False,0,NONE
natural-language-processing-jacob-eisenstein-838.pdf,80,2908,491,0,0,0,0,False,0,False,False,False,False,0,NONE
natural-language-processing-jacob-eisenstein-838.pdf,81,1751,280,0,0,0,0,False,1,False,False,False,False,2,NONE
natural-language-processing-jacob-eisenstein-838.pdf,82,1949,326,0,0,4,0,False,3,False,False,False,False,0,NONE
natural-language-processing-jacob-eisenstein-838.pdf,83,2405,368,0,0,0,0,False,1,False,False,False,False,0,NONE
natural-language-processing-jacob-eisenstein-838.pdf,84,2265,412,0,0,0,0,False,0,False,False,False,False,0,NONE
natural-language-processing-jacob-eisenstein-838.pdf,85,2089,388,0,0,4,0,False,0,False,False,False,False,0,NONE
natural-language-processing-jacob-eisenstein-838.pdf,86,0,0,0,0,0,0,True,0,False,False,False,True,0,"Sparse text (0 chars, cover/blank page)"
natural-language-processing-jacob-eisenstein-838.pdf,87,1629,245,0,0,0,0,False,0,False,False,False,False,0,NONE
natural-language-processing-jacob-eisenstein-838.pdf,88,2641,426,0,0,0,0,False,0,False,False,False,False,0,NONE
natural-language-processing-jacob-eisenstein-838.pdf,89,2943,455,0,0,0,0,False,0,False,False,False,False,0,NONE
natural-language-processing-jacob-eisenstein-838.pdf,90,2519,417,0,0,0,0,False,0,False,False,False,False,0,NONE
natural-language-processing-jacob-eisenstein-838.pdf,91,2740,433,0,0,0,0,False,0,False,False,False,False,0,NONE
natural-language-processing-jacob-eisenstein-838.pdf,92,2381,370,0,0,0,0,False,0,False,False,False,False,0,NONE
natural-language-processing-jacob-eisenstein-838.pdf,93,2512,405,0,0,0,0,False,0,False,False,False,False,0,NONE
natural-language-processing-jacob-eisenstein-838.pdf,94,2488,380,0,0,0,0,False,0,False,False,False,False,0,NONE
natural-language-processing-jacob-eisenstein-838.pdf,95,2701,416,0,0,0,0,False,2,False,False,False,False,0,NONE
natural-language-processing-jacob-eisenstein-838.pdf,96,2907,445,0,0,0,0,False,2,False,False,False,False,0,NONE
natural-language-processing-jacob-eisenstein-838.pdf,97,2705,394,0,0,0,0,False,3,False,False,False,False,1,NONE
natural-language-processing-jacob-eisenstein-838.pdf,98,2999,467,0,0,0,0,False,2,False,False,False,False,0,NONE
natural-language-processing-jacob-eisenstein-838.pdf,99,2412,390,0,0,0,0,False,0,False,False,False,False,0,NONE
natural-language-processing-jacob-eisenstein-838.pdf,100,2346,387,0,0,0,0,False,0,False,False,False,False,0,NONE
natural-language-processing-jacob-eisenstein-838.pdf,101,2248,353,0,0,0,0,False,2,False,False,False,False,0,NONE
natural-language-processing-jacob-eisenstein-838.pdf,102,3387,540,0,0,0,0,False,0,False,False,False,False,0,NONE
natural-language-processing-jacob-eisenstein-838.pdf,103,2451,424,0,1,4,0,False,1,False,False,False,True,0,Contains 1 NUL (0x00) bytes
natural-language-processing-jacob-eisenstein-838.pdf,104,3058,534,0,0,4,0,False,2,False,False,False,False,0,NONE
natural-language-processing-jacob-eisenstein-838.pdf,105,2279,388,0,0,0,0,False,0,False,False,False,False,0,NONE
natural-language-processing-jacob-eisenstein-838.pdf,106,2971,478,0,0,0,0,False,0,False,False,False,False,0,NONE
natural-language-processing-jacob-eisenstein-838.pdf,107,2856,434,0,0,0,0,False,0,False,False,False,False,0,NONE
natural-language-processing-jacob-eisenstein-838.pdf,108,2763,439,0,0,0,0,False,0,False,False,False,False,0,NONE
natural-language-processing-jacob-eisenstein-838.pdf,109,2469,413,0,0,0,0,False,0,False,False,False,False,0,NONE
natural-language-processing-jacob-eisenstein-838.pdf,110,2668,409,0,0,0,0,False,0,False,False,False,False,0,NONE
natural-language-processing-jacob-eisenstein-838.pdf,111,2477,378,0,0,0,0,False,0,False,False,False,False,0,NONE
natural-language-processing-jacob-eisenstein-838.pdf,112,235,33,0,0,0,0,False,0,False,False,False,False,0,NONE
natural-language-processing-jacob-eisenstein-838.pdf,113,1355,221,0,0,0,0,False,0,False,False,False,False,0,NONE
natural-language-processing-jacob-eisenstein-838.pdf,114,2169,354,0,0,0,0,False,2,False,False,False,False,0,NONE
natural-language-processing-jacob-eisenstein-838.pdf,115,1898,318,0,0,0,0,False,0,False,False,False,False,0,NONE
natural-language-processing-jacob-eisenstein-838.pdf,116,1721,295,0,0,2,0,False,0,False,False,False,False,0,NONE
natural-language-processing-jacob-eisenstein-838.pdf,117,1670,313,0,0,0,0,False,0,False,False,False,False,0,NONE
natural-language-processing-jacob-eisenstein-838.pdf,118,1702,318,0,0,2,0,False,0,False,False,False,False,0,NONE
natural-language-processing-jacob-eisenstein-838.pdf,119,1961,357,0,0,2,0,False,0,False,False,False,False,0,NONE
natural-language-processing-jacob-eisenstein-838.pdf,120,2531,388,0,0,0,0,False,2,False,False,False,False,0,NONE
natural-language-processing-jacob-eisenstein-838.pdf,121,2945,504,0,0,0,0,False,1,False,False,False,False,0,NONE
natural-language-processing-jacob-eisenstein-838.pdf,122,2246,365,0,0,0,0,False,1,False,False,False,False,0,NONE
natural-language-processing-jacob-eisenstein-838.pdf,123,2395,401,0,0,2,0,False,0,False,False,False,False,0,NONE
natural-language-processing-jacob-eisenstein-838.pdf,124,2850,448,0,0,0,0,False,0,False,False,False,False,0,NONE
natural-language-processing-jacob-eisenstein-838.pdf,125,2027,327,0,0,0,0,False,1,False,False,False,False,0,NONE
natural-language-processing-jacob-eisenstein-838.pdf,126,2834,448,0,0,0,0,False,1,False,False,False,False,0,NONE
natural-language-processing-jacob-eisenstein-838.pdf,127,2475,400,0,0,0,0,False,2,False,False,False,False,0,NONE
natural-language-processing-jacob-eisenstein-838.pdf,128,2502,437,0,0,0,0,False,0,False,False,False,False,0,NONE
natural-language-processing-jacob-eisenstein-838.pdf,129,2062,333,0,0,0,0,False,0,False,False,False,False,0,NONE
natural-language-processing-jacob-eisenstein-838.pdf,130,2414,377,0,0,0,0,False,0,False,True,False,True,0,Orphaned dates/timeline badges (2 in trailing lines)
natural-language-processing-jacob-eisenstein-838.pdf,131,2996,473,0,0,0,0,False,0,False,False,False,False,0,NONE
natural-language-processing-jacob-eisenstein-838.pdf,132,2120,335,0,0,0,0,False,2,False,False,False,False,0,NONE
natural-language-processing-jacob-eisenstein-838.pdf,133,2856,475,0,0,0,0,False,0,False,False,False,False,0,NONE
natural-language-processing-jacob-eisenstein-838.pdf,134,2549,412,0,0,0,0,False,0,False,False,False,False,0,NONE
natural-language-processing-jacob-eisenstein-838.pdf,135,1958,319,0,0,0,0,False,0,False,False,False,False,0,NONE
natural-language-processing-jacob-eisenstein-838.pdf,136,2288,345,0,0,0,0,False,0,False,False,False,False,0,NONE
natural-language-processing-jacob-eisenstein-838.pdf,137,2020,330,0,0,0,0,False,0,False,False,False,False,0,NONE
natural-language-processing-jacob-eisenstein-838.pdf,138,2210,364,0,0,0,0,False,0,False,False,False,False,0,NONE
natural-language-processing-jacob-eisenstein-838.pdf,139,1367,229,0,0,0,0,False,0,False,False,False,False,0,NONE
natural-language-processing-jacob-eisenstein-838.pdf,140,0,0,0,0,0,0,True,0,False,False,False,True,0,"Sparse text (0 chars, cover/blank page)"
natural-language-processing-jacob-eisenstein-838.pdf,141,33,6,0,0,0,0,True,0,False,False,False,True,0,"Sparse text (33 chars, cover/blank page)"
natural-language-processing-jacob-eisenstein-838.pdf,142,0,0,0,0,0,0,True,0,False,False,False,True,0,"Sparse text (0 chars, cover/blank page)"
natural-language-processing-jacob-eisenstein-838.pdf,143,1378,239,0,0,0,0,False,0,False,False,False,False,0,NONE
natural-language-processing-jacob-eisenstein-838.pdf,144,2187,348,0,0,0,0,False,0,False,False,False,False,0,NONE
natural-language-processing-jacob-eisenstein-838.pdf,145,2660,474,0,0,0,0,False,0,False,False,False,False,0,NONE
natural-language-processing-jacob-eisenstein-838.pdf,146,2077,365,0,0,0,0,False,0,False,False,False,False,0,NONE
natural-language-processing-jacob-eisenstein-838.pdf,147,2271,381,0,0,0,0,False,0,False,False,False,False,0,NONE
natural-language-processing-jacob-eisenstein-838.pdf,148,2263,381,0,0,0,0,False,2,False,False,False,False,0,NONE
natural-language-processing-jacob-eisenstein-838.pdf,149,2155,375,0,0,0,0,False,0,False,False,False,False,0,NONE
natural-language-processing-jacob-eisenstein-838.pdf,150,1252,251,0,0,0,0,False,0,False,False,False,False,0,NONE
natural-language-processing-jacob-eisenstein-838.pdf,151,2675,409,0,0,0,0,False,0,False,False,False,False,0,NONE
natural-language-processing-jacob-eisenstein-838.pdf,152,1953,329,0,0,0,0,False,1,False,False,False,False,0,NONE
natural-language-processing-jacob-eisenstein-838.pdf,153,2730,444,0,0,0,0,False,1,False,False,False,False,0,NONE
natural-language-processing-jacob-eisenstein-838.pdf,154,2186,371,0,0,0,0,False,0,False,False,False,False,0,NONE
natural-language-processing-jacob-eisenstein-838.pdf,155,2935,466,0,0,0,0,False,0,False,False,False,False,0,NONE
natural-language-processing-jacob-eisenstein-838.pdf,156,1766,267,0,0,0,0,False,2,False,False,False,False,1,NONE
natural-language-processing-jacob-eisenstein-838.pdf,157,2287,367,0,0,0,0,False,0,False,False,False,False,0,NONE
natural-language-processing-jacob-eisenstein-838.pdf,158,2012,344,0,0,0,0,False,0,False,True,False,True,0,Orphaned dates/timeline badges (2 in trailing lines)
natural-language-processing-jacob-eisenstein-838.pdf,159,2920,453,0,0,0,0,False,0,False,False,False,False,0,NONE
natural-language-processing-jacob-eisenstein-838.pdf,160,1879,324,0,0,0,0,False,0,False,False,False,False,0,NONE
natural-language-processing-jacob-eisenstein-838.pdf,161,2475,441,0,0,2,0,False,0,False,False,False,False,0,NONE
natural-language-processing-jacob-eisenstein-838.pdf,162,0,0,0,0,0,0,True,0,False,False,False,True,0,"Sparse text (0 chars, cover/blank page)"
natural-language-processing-jacob-eisenstein-838.pdf,163,1591,285,0,0,0,0,False,0,False,False,False,False,0,NONE
natural-language-processing-jacob-eisenstein-838.pdf,164,2666,499,0,0,0,0,False,0,False,False,False,False,0,NONE
natural-language-processing-jacob-eisenstein-838.pdf,165,2812,507,0,0,0,0,False,0,False,False,False,False,0,NONE
natural-language-processing-jacob-eisenstein-838.pdf,166,1638,305,0,0,0,0,False,0,False,False,False,False,0,NONE
natural-language-processing-jacob-eisenstein-838.pdf,167,1541,266,0,0,2,0,False,0,False,False,False,False,0,NONE
natural-language-processing-jacob-eisenstein-838.pdf,168,1610,302,0,0,0,0,False,0,False,False,False,False,0,NONE
natural-language-processing-jacob-eisenstein-838.pdf,169,2074,359,0,0,0,0,False,3,False,False,False,False,0,NONE
natural-language-processing-jacob-eisenstein-838.pdf,170,1877,355,0,0,0,0,False,4,False,False,False,False,0,NONE
natural-language-processing-jacob-eisenstein-838.pdf,171,2589,442,0,0,0,0,False,0,False,False,False,False,0,NONE
natural-language-processing-jacob-eisenstein-838.pdf,172,2309,383,0,0,0,0,False,1,False,False,False,False,0,NONE
natural-language-processing-jacob-eisenstein-838.pdf,173,1650,272,0,0,0,0,False,1,False,False,False,False,0,NONE
natural-language-processing-jacob-eisenstein-838.pdf,174,1328,241,0,0,0,0,False,0,False,False,False,False,0,NONE
natural-language-processing-jacob-eisenstein-838.pdf,175,1824,294,0,0,0,0,False,0,False,False,False,False,0,NONE
natural-language-processing-jacob-eisenstein-838.pdf,176,2013,353,0,0,0,0,False,0,False,False,False,False,0,NONE
natural-language-processing-jacob-eisenstein-838.pdf,177,2485,424,0,0,0,0,False,0,False,False,False,False,0,NONE
natural-language-processing-jacob-eisenstein-838.pdf,178,2023,323,0,0,0,0,False,0,False,False,False,False,0,NONE
natural-language-processing-jacob-eisenstein-838.pdf,179,2613,445,0,0,0,0,False,0,False,False,False,False,0,NONE
natural-language-processing-jacob-eisenstein-838.pdf,180,2885,476,0,0,2,0,False,0,False,False,False,False,0,NONE
natural-language-processing-jacob-eisenstein-838.pdf,181,1696,298,0,0,2,0,False,0,False,False,False,False,0,NONE
natural-language-processing-jacob-eisenstein-838.pdf,182,1760,295,0,0,0,0,False,0,False,True,False,True,0,Orphaned dates/timeline badges (2 in trailing lines)
natural-language-processing-jacob-eisenstein-838.pdf,183,2076,333,0,0,0,0,False,0,False,False,False,False,0,NONE
natural-language-processing-jacob-eisenstein-838.pdf,184,1334,244,0,0,0,0,False,1,False,False,False,False,0,NONE
natural-language-processing-jacob-eisenstein-838.pdf,185,2047,347,0,2,4,0,False,1,False,False,False,True,0,Contains 2 NUL (0x00) bytes
natural-language-processing-jacob-eisenstein-838.pdf,186,2970,489,0,0,0,0,False,1,False,False,False,False,0,NONE
natural-language-processing-jacob-eisenstein-838.pdf,187,2058,344,0,0,0,0,False,1,False,False,False,False,0,NONE
natural-language-processing-jacob-eisenstein-838.pdf,188,2598,421,0,0,0,0,False,0,False,False,False,False,0,NONE
natural-language-processing-jacob-eisenstein-838.pdf,189,1625,300,0,0,0,0,False,0,False,False,False,False,0,NONE
natural-language-processing-jacob-eisenstein-838.pdf,190,2760,424,0,0,0,0,False,0,False,False,False,False,0,NONE
natural-language-processing-jacob-eisenstein-838.pdf,191,2390,392,0,0,0,0,False,1,False,False,False,False,0,NONE
natural-language-processing-jacob-eisenstein-838.pdf,192,2128,363,0,0,0,0,False,2,False,False,False,False,0,NONE
natural-language-processing-jacob-eisenstein-838.pdf,193,1723,264,0,0,0,0,False,0,False,False,False,False,0,NONE
natural-language-processing-jacob-eisenstein-838.pdf,194,2417,381,0,0,0,0,False,0,False,False,False,False,0,NONE
natural-language-processing-jacob-eisenstein-838.pdf,195,1881,305,0,0,0,0,False,0,False,False,False,False,0,NONE
natural-language-processing-jacob-eisenstein-838.pdf,196,1813,308,0,0,0,0,False,0,False,False,False,False,0,NONE
natural-language-processing-jacob-eisenstein-838.pdf,197,1830,313,0,0,0,0,False,0,False,False,False,False,0,NONE
natural-language-processing-jacob-eisenstein-838.pdf,198,3066,494,0,0,0,0,False,0,False,False,False,False,0,NONE
natural-language-processing-jacob-eisenstein-838.pdf,199,2397,377,0,0,0,0,False,0,False,False,False,False,0,NONE
natural-language-processing-jacob-eisenstein-838.pdf,200,1811,284,0,0,0,0,False,2,False,False,False,False,0,NONE
natural-language-processing-jacob-eisenstein-838.pdf,201,3307,517,0,0,0,0,False,3,False,False,False,False,0,NONE
natural-language-processing-jacob-eisenstein-838.pdf,202,2784,449,0,0,0,0,False,3,False,False,False,False,0,NONE
natural-language-processing-jacob-eisenstein-838.pdf,203,2605,398,0,0,0,0,False,2,False,False,False,False,0,NONE
natural-language-processing-jacob-eisenstein-838.pdf,204,2635,396,0,0,0,0,False,0,False,True,False,True,0,Orphaned dates/timeline badges (2 in trailing lines)
natural-language-processing-jacob-eisenstein-838.pdf,205,2649,430,0,0,0,0,False,2,False,False,False,False,0,NONE
natural-language-processing-jacob-eisenstein-838.pdf,206,2555,378,0,0,0,0,False,0,False,False,False,False,0,NONE
natural-language-processing-jacob-eisenstein-838.pdf,207,2453,383,0,0,0,0,False,0,False,False,False,False,0,NONE
natural-language-processing-jacob-eisenstein-838.pdf,208,1663,264,0,0,0,0,False,0,False,False,False,False,0,NONE
natural-language-processing-jacob-eisenstein-838.pdf,209,1933,321,0,0,0,0,False,0,False,False,False,False,0,NONE
natural-language-processing-jacob-eisenstein-838.pdf,210,2273,403,0,0,0,0,False,0,False,False,False,False,0,NONE
natural-language-processing-jacob-eisenstein-838.pdf,211,1743,335,0,0,0,0,False,1,False,False,False,False,0,NONE
natural-language-processing-jacob-eisenstein-838.pdf,212,2976,512,0,0,0,0,False,1,False,False,False,False,0,NONE
natural-language-processing-jacob-eisenstein-838.pdf,213,2995,481,0,0,0,0,False,1,False,False,False,False,0,NONE
natural-language-processing-jacob-eisenstein-838.pdf,214,2150,366,0,0,0,0,False,3,False,False,False,False,0,NONE
natural-language-processing-jacob-eisenstein-838.pdf,215,1924,363,0,0,0,0,False,2,False,False,False,False,0,NONE
natural-language-processing-jacob-eisenstein-838.pdf,216,2117,404,0,0,0,0,False,0,False,False,False,False,0,NONE
natural-language-processing-jacob-eisenstein-838.pdf,217,2447,393,0,0,0,0,False,1,False,False,False,False,0,NONE
natural-language-processing-jacob-eisenstein-838.pdf,218,2140,386,0,4,8,0,False,1,False,False,False,True,0,Contains 4 NUL (0x00) bytes
natural-language-processing-jacob-eisenstein-838.pdf,219,2361,401,0,0,0,0,False,1,False,False,False,False,0,NONE
natural-language-processing-jacob-eisenstein-838.pdf,220,1981,326,0,0,0,0,False,4,False,False,False,False,0,NONE
natural-language-processing-jacob-eisenstein-838.pdf,221,1955,319,0,0,0,0,False,3,False,False,False,False,0,NONE
natural-language-processing-jacob-eisenstein-838.pdf,222,2727,426,0,0,0,0,False,1,False,False,False,False,0,NONE
natural-language-processing-jacob-eisenstein-838.pdf,223,2832,526,0,0,0,0,False,2,False,False,False,False,0,NONE
natural-language-processing-jacob-eisenstein-838.pdf,224,1746,293,0,0,0,0,False,2,False,False,False,False,0,NONE
natural-language-processing-jacob-eisenstein-838.pdf,225,3138,511,0,0,0,0,False,0,False,False,False,False,0,NONE
natural-language-processing-jacob-eisenstein-838.pdf,226,2132,338,0,0,0,0,False,1,False,False,False,False,0,NONE
natural-language-processing-jacob-eisenstein-838.pdf,227,2237,406,0,0,0,0,False,2,False,False,False,False,0,NONE
natural-language-processing-jacob-eisenstein-838.pdf,228,1894,338,0,0,0,0,False,5,False,False,False,False,0,NONE
natural-language-processing-jacob-eisenstein-838.pdf,229,2393,390,0,0,0,0,False,1,False,False,False,False,0,NONE
natural-language-processing-jacob-eisenstein-838.pdf,230,2167,342,0,0,0,0,False,0,False,False,False,False,0,NONE
natural-language-processing-jacob-eisenstein-838.pdf,231,3027,460,0,0,0,0,False,0,False,False,False,False,0,NONE
natural-language-processing-jacob-eisenstein-838.pdf,232,1945,347,0,0,0,0,False,0,False,False,False,False,0,NONE
natural-language-processing-jacob-eisenstein-838.pdf,233,2625,413,0,0,0,0,False,0,False,False,False,False,0,NONE
natural-language-processing-jacob-eisenstein-838.pdf,234,1864,316,0,0,0,0,False,0,False,False,False,False,0,NONE
natural-language-processing-jacob-eisenstein-838.pdf,235,1577,252,0,0,0,0,False,0,False,False,False,False,0,NONE
natural-language-processing-jacob-eisenstein-838.pdf,236,2119,322,0,0,0,0,False,1,False,False,False,False,0,NONE
natural-language-processing-jacob-eisenstein-838.pdf,237,2408,367,0,0,0,0,False,1,False,False,False,False,0,NONE
natural-language-processing-jacob-eisenstein-838.pdf,238,2602,420,0,0,0,0,False,1,False,False,False,False,0,NONE
natural-language-processing-jacob-eisenstein-838.pdf,239,2832,453,0,0,0,0,False,4,False,False,False,False,0,NONE
natural-language-processing-jacob-eisenstein-838.pdf,240,2014,324,0,0,0,0,False,1,False,False,False,False,0,NONE
natural-language-processing-jacob-eisenstein-838.pdf,241,2084,343,0,0,0,0,False,3,False,False,False,False,0,NONE
natural-language-processing-jacob-eisenstein-838.pdf,242,561,93,0,0,0,0,False,0,False,False,False,False,0,NONE
natural-language-processing-jacob-eisenstein-838.pdf,243,1686,280,0,0,0,0,False,0,False,False,False,False,0,NONE
natural-language-processing-jacob-eisenstein-838.pdf,244,2502,441,0,0,0,0,False,3,False,False,False,False,0,NONE
natural-language-processing-jacob-eisenstein-838.pdf,245,2844,496,0,0,0,0,False,2,False,False,False,False,0,NONE
natural-language-processing-jacob-eisenstein-838.pdf,246,2318,454,0,0,0,0,False,2,False,False,False,False,0,NONE
natural-language-processing-jacob-eisenstein-838.pdf,247,1924,326,0,0,0,0,False,1,False,False,False,False,0,NONE
natural-language-processing-jacob-eisenstein-838.pdf,248,2432,405,0,0,0,0,False,1,False,False,False,False,0,NONE
natural-language-processing-jacob-eisenstein-838.pdf,249,1671,289,0,0,0,0,False,2,False,False,False,False,0,NONE
natural-language-processing-jacob-eisenstein-838.pdf,250,2304,372,0,0,0,0,False,0,False,False,False,False,0,NONE
natural-language-processing-jacob-eisenstein-838.pdf,251,1585,306,0,0,0,0,False,3,False,False,False,False,0,NONE
natural-language-processing-jacob-eisenstein-838.pdf,252,2299,470,0,0,0,0,False,0,False,False,False,False,0,NONE
natural-language-processing-jacob-eisenstein-838.pdf,253,2568,475,0,0,0,0,False,1,False,False,False,False,0,NONE
natural-language-processing-jacob-eisenstein-838.pdf,254,1831,334,0,0,0,0,False,1,False,False,False,False,0,NONE
natural-language-processing-jacob-eisenstein-838.pdf,255,2584,433,0,0,0,0,False,0,False,False,False,False,0,NONE
natural-language-processing-jacob-eisenstein-838.pdf,256,2421,375,0,0,0,0,False,0,False,False,False,False,0,NONE
natural-language-processing-jacob-eisenstein-838.pdf,257,2270,375,0,0,0,0,False,0,False,False,False,False,0,NONE
natural-language-processing-jacob-eisenstein-838.pdf,258,1978,347,0,0,0,0,False,1,False,False,False,False,0,NONE
natural-language-processing-jacob-eisenstein-838.pdf,259,1907,373,0,0,0,0,False,1,False,False,False,False,0,NONE
natural-language-processing-jacob-eisenstein-838.pdf,260,2472,398,0,0,0,0,False,0,False,False,False,False,0,NONE
natural-language-processing-jacob-eisenstein-838.pdf,261,2187,360,0,0,0,0,False,2,False,False,False,False,0,NONE
natural-language-processing-jacob-eisenstein-838.pdf,262,2117,335,0,0,0,0,False,2,False,False,False,False,0,NONE
natural-language-processing-jacob-eisenstein-838.pdf,263,1387,194,0,0,0,0,False,1,False,False,False,False,0,NONE
natural-language-processing-jacob-eisenstein-838.pdf,264,2753,488,0,0,0,0,False,3,False,False,False,False,0,NONE
natural-language-processing-jacob-eisenstein-838.pdf,265,2841,498,0,0,0,0,False,0,False,False,False,False,0,NONE
natural-language-processing-jacob-eisenstein-838.pdf,266,2843,411,0,0,0,0,False,0,False,True,False,True,0,Orphaned dates/timeline badges (2 in trailing lines)
natural-language-processing-jacob-eisenstein-838.pdf,267,2757,436,0,0,0,0,False,1,False,False,False,False,0,NONE
natural-language-processing-jacob-eisenstein-838.pdf,268,1932,303,0,0,0,0,False,1,False,False,False,False,0,NONE
natural-language-processing-jacob-eisenstein-838.pdf,269,2321,382,0,0,4,0,False,0,False,False,False,False,0,NONE
natural-language-processing-jacob-eisenstein-838.pdf,270,2794,472,0,0,0,0,False,1,False,False,False,False,0,NONE
natural-language-processing-jacob-eisenstein-838.pdf,271,1399,231,0,0,0,0,False,0,False,False,False,False,0,NONE
natural-language-processing-jacob-eisenstein-838.pdf,272,1673,294,0,0,0,0,False,0,False,False,False,False,0,NONE
natural-language-processing-jacob-eisenstein-838.pdf,273,680,139,0,0,0,0,False,0,False,False,False,False,0,NONE
natural-language-processing-jacob-eisenstein-838.pdf,274,0,0,0,0,0,0,True,0,False,False,False,True,0,"Sparse text (0 chars, cover/blank page)"
natural-language-processing-jacob-eisenstein-838.pdf,275,1883,289,0,0,0,0,False,2,False,False,False,False,0,NONE
natural-language-processing-jacob-eisenstein-838.pdf,276,2387,393,0,0,0,0,False,2,False,False,False,False,0,NONE
natural-language-processing-jacob-eisenstein-838.pdf,277,2773,447,0,0,0,0,False,2,False,False,False,False,0,NONE
natural-language-processing-jacob-eisenstein-838.pdf,278,1597,264,0,0,0,0,False,5,False,False,False,False,1,NONE
natural-language-processing-jacob-eisenstein-838.pdf,279,2142,347,0,0,0,0,False,2,False,False,False,False,0,NONE
natural-language-processing-jacob-eisenstein-838.pdf,280,1769,296,0,0,0,0,False,4,False,False,False,False,0,NONE
natural-language-processing-jacob-eisenstein-838.pdf,281,1825,289,0,0,0,0,False,2,False,False,False,False,0,NONE
natural-language-processing-jacob-eisenstein-838.pdf,282,3042,469,0,0,0,0,False,1,False,False,False,False,0,NONE
natural-language-processing-jacob-eisenstein-838.pdf,283,2235,350,0,0,0,0,False,0,False,False,False,False,0,NONE
natural-language-processing-jacob-eisenstein-838.pdf,284,2127,350,0,0,0,0,False,0,False,False,False,False,0,NONE
natural-language-processing-jacob-eisenstein-838.pdf,285,2334,386,0,0,0,0,False,0,False,False,False,False,0,NONE
natural-language-processing-jacob-eisenstein-838.pdf,286,2936,446,0,0,0,0,False,0,False,False,False,False,0,NONE
natural-language-processing-jacob-eisenstein-838.pdf,287,2561,405,0,0,0,0,False,0,False,False,False,False,0,NONE
natural-language-processing-jacob-eisenstein-838.pdf,288,2681,492,0,0,0,0,False,2,False,False,False,False,0,NONE
natural-language-processing-jacob-eisenstein-838.pdf,289,1986,336,0,0,0,0,False,2,False,False,False,False,0,NONE
natural-language-processing-jacob-eisenstein-838.pdf,290,2231,362,0,0,0,0,False,2,False,False,False,False,0,NONE
natural-language-processing-jacob-eisenstein-838.pdf,291,2547,450,0,0,16,0,False,2,False,False,False,False,0,NONE
natural-language-processing-jacob-eisenstein-838.pdf,292,2387,408,0,0,0,0,False,0,False,False,False,False,0,NONE
natural-language-processing-jacob-eisenstein-838.pdf,293,2634,431,0,0,0,0,False,0,False,False,False,False,0,NONE
natural-language-processing-jacob-eisenstein-838.pdf,294,2385,411,0,0,0,0,False,1,False,False,False,False,0,NONE
natural-language-processing-jacob-eisenstein-838.pdf,295,2547,424,0,0,0,0,False,1,False,False,False,False,0,NONE
natural-language-processing-jacob-eisenstein-838.pdf,296,1620,258,1,0,0,0,False,1,False,False,False,False,0,NONE
natural-language-processing-jacob-eisenstein-838.pdf,297,2497,408,0,0,0,0,False,0,False,False,False,False,0,NONE
natural-language-processing-jacob-eisenstein-838.pdf,298,2536,429,0,2,4,0,False,1,False,False,False,True,0,Contains 2 NUL (0x00) bytes
natural-language-processing-jacob-eisenstein-838.pdf,299,1042,183,0,0,0,0,False,0,False,False,False,False,0,NONE
natural-language-processing-jacob-eisenstein-838.pdf,300,0,0,0,0,0,0,True,0,False,False,False,True,0,"Sparse text (0 chars, cover/blank page)"
natural-language-processing-jacob-eisenstein-838.pdf,301,22,4,0,0,0,0,True,0,False,False,False,True,0,"Sparse text (22 chars, cover/blank page)"
natural-language-processing-jacob-eisenstein-838.pdf,302,0,0,0,0,0,0,True,0,False,False,False,True,0,"Sparse text (0 chars, cover/blank page)"
natural-language-processing-jacob-eisenstein-838.pdf,303,1481,226,0,0,0,0,False,0,False,False,False,False,0,NONE
natural-language-processing-jacob-eisenstein-838.pdf,304,2620,443,0,0,0,0,False,0,False,False,False,False,0,NONE
natural-language-processing-jacob-eisenstein-838.pdf,305,2177,363,0,0,0,0,False,0,False,False,False,False,0,NONE
natural-language-processing-jacob-eisenstein-838.pdf,306,2495,402,0,0,0,0,False,0,False,False,False,False,0,NONE
natural-language-processing-jacob-eisenstein-838.pdf,307,2142,313,0,0,0,0,False,0,False,False,False,False,0,NONE
natural-language-processing-jacob-eisenstein-838.pdf,308,2354,394,0,0,0,0,False,0,False,False,False,False,0,NONE
natural-language-processing-jacob-eisenstein-838.pdf,309,2737,429,0,0,0,0,False,0,False,False,False,False,0,NONE
natural-language-processing-jacob-eisenstein-838.pdf,310,2444,390,0,0,0,0,False,2,False,False,False,False,0,NONE
natural-language-processing-jacob-eisenstein-838.pdf,311,2722,416,0,0,0,0,False,2,False,False,False,False,0,NONE
natural-language-processing-jacob-eisenstein-838.pdf,312,1973,310,0,0,0,0,False,3,False,False,False,False,0,NONE
natural-language-processing-jacob-eisenstein-838.pdf,313,2523,418,0,0,0,0,False,2,False,False,False,False,0,NONE
natural-language-processing-jacob-eisenstein-838.pdf,314,2030,303,0,0,0,0,False,2,False,False,False,False,0,NONE
natural-language-processing-jacob-eisenstein-838.pdf,315,1984,301,0,0,0,0,False,1,False,False,False,False,0,NONE
natural-language-processing-jacob-eisenstein-838.pdf,316,2702,416,0,0,0,0,False,4,False,False,False,False,0,NONE
natural-language-processing-jacob-eisenstein-838.pdf,317,1698,271,0,0,0,0,False,4,False,False,False,False,0,NONE
natural-language-processing-jacob-eisenstein-838.pdf,318,2177,381,0,0,0,0,False,0,False,False,False,False,0,NONE
natural-language-processing-jacob-eisenstein-838.pdf,319,2213,351,0,0,0,0,False,0,False,False,False,False,0,NONE
natural-language-processing-jacob-eisenstein-838.pdf,320,2381,366,0,0,0,0,False,0,False,False,False,False,0,NONE
natural-language-processing-jacob-eisenstein-838.pdf,321,2256,352,0,0,0,0,False,2,False,False,False,False,0,NONE
natural-language-processing-jacob-eisenstein-838.pdf,322,1022,153,0,0,0,0,False,0,False,False,False,False,0,NONE
natural-language-processing-jacob-eisenstein-838.pdf,323,1358,195,0,0,0,0,False,0,False,False,False,False,0,NONE
natural-language-processing-jacob-eisenstein-838.pdf,324,2535,414,0,0,0,0,False,0,False,False,False,False,0,NONE
natural-language-processing-jacob-eisenstein-838.pdf,325,2656,434,0,0,0,0,False,0,False,False,False,False,0,NONE
natural-language-processing-jacob-eisenstein-838.pdf,326,1901,280,0,0,0,0,False,2,False,False,False,False,0,NONE
natural-language-processing-jacob-eisenstein-838.pdf,327,2610,400,0,0,0,0,False,0,False,False,False,False,0,NONE
natural-language-processing-jacob-eisenstein-838.pdf,328,2689,434,0,0,0,0,False,2,False,False,False,False,0,NONE
natural-language-processing-jacob-eisenstein-838.pdf,329,2020,316,0,0,0,0,False,1,False,False,False,False,0,NONE
natural-language-processing-jacob-eisenstein-838.pdf,330,2198,372,0,0,0,0,False,1,False,False,False,False,0,NONE
natural-language-processing-jacob-eisenstein-838.pdf,331,2579,418,0,0,0,0,False,3,False,False,False,False,0,NONE
natural-language-processing-jacob-eisenstein-838.pdf,332,1800,302,0,0,0,0,False,1,False,False,False,False,0,NONE
natural-language-processing-jacob-eisenstein-838.pdf,333,2693,431,0,0,0,0,False,1,False,False,False,False,0,NONE
natural-language-processing-jacob-eisenstein-838.pdf,334,1883,346,0,0,0,0,False,0,False,False,False,False,0,NONE
natural-language-processing-jacob-eisenstein-838.pdf,335,2986,434,0,0,0,0,False,0,False,False,False,False,0,NONE
natural-language-processing-jacob-eisenstein-838.pdf,336,2412,391,0,0,0,0,False,0,False,False,False,False,0,NONE
natural-language-processing-jacob-eisenstein-838.pdf,337,2236,390,0,0,0,0,False,2,False,False,False,False,0,NONE
natural-language-processing-jacob-eisenstein-838.pdf,338,1873,323,0,0,0,0,False,0,False,False,False,False,0,NONE
natural-language-processing-jacob-eisenstein-838.pdf,339,3030,478,0,0,0,0,False,0,False,False,False,False,0,NONE
natural-language-processing-jacob-eisenstein-838.pdf,340,2065,327,0,0,0,0,False,0,False,False,False,False,0,NONE
natural-language-processing-jacob-eisenstein-838.pdf,341,2113,344,0,0,0,0,False,0,False,False,False,False,0,NONE
natural-language-processing-jacob-eisenstein-838.pdf,342,1783,282,0,0,0,0,False,0,False,False,False,False,0,NONE
natural-language-processing-jacob-eisenstein-838.pdf,343,1586,254,0,0,0,0,False,0,False,False,False,False,0,NONE
natural-language-processing-jacob-eisenstein-838.pdf,344,2450,317,0,0,0,0,False,3,False,False,False,False,3,NONE
natural-language-processing-jacob-eisenstein-838.pdf,345,2866,428,0,0,0,0,False,1,False,False,False,False,0,NONE
natural-language-processing-jacob-eisenstein-838.pdf,346,2706,424,0,0,0,0,False,2,False,False,False,False,0,NONE
natural-language-processing-jacob-eisenstein-838.pdf,347,2608,417,0,0,0,0,False,1,False,False,False,False,0,NONE
natural-language-processing-jacob-eisenstein-838.pdf,348,1980,338,0,0,0,0,False,0,False,False,False,False,0,NONE
natural-language-processing-jacob-eisenstein-838.pdf,349,1787,267,0,0,0,0,False,1,False,False,False,False,0,NONE
natural-language-processing-jacob-eisenstein-838.pdf,350,2592,388,0,0,0,0,False,3,False,False,False,False,0,NONE
natural-language-processing-jacob-eisenstein-838.pdf,351,2609,463,0,0,0,0,False,0,False,False,False,False,0,NONE
natural-language-processing-jacob-eisenstein-838.pdf,352,2060,337,0,0,0,0,False,1,False,False,False,False,0,NONE
natural-language-processing-jacob-eisenstein-838.pdf,353,2062,373,0,0,0,0,False,0,False,False,False,False,0,NONE
natural-language-processing-jacob-eisenstein-838.pdf,354,2167,374,0,0,0,0,False,2,False,False,False,False,0,NONE
natural-language-processing-jacob-eisenstein-838.pdf,355,2561,422,0,0,0,0,False,0,False,False,False,False,0,NONE
natural-language-processing-jacob-eisenstein-838.pdf,356,1959,318,0,0,2,0,False,1,False,False,False,False,0,NONE
natural-language-processing-jacob-eisenstein-838.pdf,357,2902,451,0,0,0,0,False,1,False,False,False,False,0,NONE
natural-language-processing-jacob-eisenstein-838.pdf,358,3261,490,0,0,0,0,False,1,False,False,False,False,0,NONE
natural-language-processing-jacob-eisenstein-838.pdf,359,2932,427,0,0,0,0,False,0,False,False,False,False,0,NONE
natural-language-processing-jacob-eisenstein-838.pdf,360,2315,350,0,0,0,0,False,2,False,False,False,False,2,NONE
natural-language-processing-jacob-eisenstein-838.pdf,361,2625,396,0,0,0,0,False,1,False,False,False,False,0,NONE
natural-language-processing-jacob-eisenstein-838.pdf,362,2864,437,0,0,0,0,False,0,False,False,False,False,0,NONE
natural-language-processing-jacob-eisenstein-838.pdf,363,2569,406,0,0,0,0,False,1,False,False,False,False,0,NONE
natural-language-processing-jacob-eisenstein-838.pdf,364,3049,460,0,0,0,0,False,1,False,False,False,False,0,NONE
natural-language-processing-jacob-eisenstein-838.pdf,365,3000,448,0,0,0,0,False,0,False,False,False,False,0,NONE
natural-language-processing-jacob-eisenstein-838.pdf,366,2343,367,0,0,0,0,False,0,False,False,False,False,0,NONE
natural-language-processing-jacob-eisenstein-838.pdf,367,1901,291,0,0,0,0,False,0,False,False,False,False,0,NONE
natural-language-processing-jacob-eisenstein-838.pdf,368,541,84,0,0,0,0,False,0,False,False,False,False,0,NONE
natural-language-processing-jacob-eisenstein-838.pdf,369,2396,379,0,0,0,0,False,1,False,False,False,False,0,NONE
natural-language-processing-jacob-eisenstein-838.pdf,370,1754,270,0,0,0,0,False,1,False,False,False,False,0,NONE
natural-language-processing-jacob-eisenstein-838.pdf,371,2542,410,0,0,0,0,False,3,False,False,False,False,0,NONE
natural-language-processing-jacob-eisenstein-838.pdf,372,2138,357,0,0,0,0,False,2,False,False,False,False,0,NONE
natural-language-processing-jacob-eisenstein-838.pdf,373,2188,352,0,0,0,0,False,2,False,False,False,False,0,NONE
natural-language-processing-jacob-eisenstein-838.pdf,374,2076,345,0,0,0,0,False,0,False,False,False,False,0,NONE
natural-language-processing-jacob-eisenstein-838.pdf,375,2593,416,0,0,0,0,False,2,False,False,False,False,0,NONE
natural-language-processing-jacob-eisenstein-838.pdf,376,2814,439,0,0,0,0,False,1,False,False,False,False,0,NONE
natural-language-processing-jacob-eisenstein-838.pdf,377,2976,515,0,0,0,0,False,1,False,False,False,False,0,NONE
natural-language-processing-jacob-eisenstein-838.pdf,378,2491,439,0,0,0,0,False,0,False,False,False,False,0,NONE
natural-language-processing-jacob-eisenstein-838.pdf,379,2236,364,0,0,0,0,False,0,False,False,False,False,0,NONE
natural-language-processing-jacob-eisenstein-838.pdf,380,2494,402,0,0,2,0,False,1,False,False,False,False,0,NONE
natural-language-processing-jacob-eisenstein-838.pdf,381,2377,363,0,0,0,0,False,2,False,False,False,False,0,NONE
natural-language-processing-jacob-eisenstein-838.pdf,382,2544,424,0,0,0,0,False,1,False,False,False,False,0,NONE
natural-language-processing-jacob-eisenstein-838.pdf,383,2639,441,0,0,0,0,False,0,False,False,False,False,0,NONE
natural-language-processing-jacob-eisenstein-838.pdf,384,2537,435,0,0,0,0,False,0,False,False,False,False,0,NONE
natural-language-processing-jacob-eisenstein-838.pdf,385,2311,358,0,0,0,0,False,0,False,False,False,False,0,NONE
natural-language-processing-jacob-eisenstein-838.pdf,386,2309,355,0,0,0,0,False,1,False,False,False,False,0,NONE
natural-language-processing-jacob-eisenstein-838.pdf,387,2638,400,0,0,0,0,False,0,False,False,False,False,0,NONE
natural-language-processing-jacob-eisenstein-838.pdf,388,2451,377,0,0,0,0,False,0,False,False,False,False,0,NONE
natural-language-processing-jacob-eisenstein-838.pdf,389,2083,372,0,0,0,0,False,2,False,False,False,False,0,NONE
natural-language-processing-jacob-eisenstein-838.pdf,390,2477,399,0,0,0,0,False,0,False,False,False,False,0,NONE
natural-language-processing-jacob-eisenstein-838.pdf,391,2623,390,0,0,0,0,False,0,False,False,False,False,0,NONE
natural-language-processing-jacob-eisenstein-838.pdf,392,2561,436,0,0,0,0,False,0,False,False,False,False,0,NONE
natural-language-processing-jacob-eisenstein-838.pdf,393,2174,346,0,0,0,0,False,1,False,False,False,False,0,NONE
natural-language-processing-jacob-eisenstein-838.pdf,394,2063,338,0,0,0,0,False,0,False,False,False,False,0,NONE
natural-language-processing-jacob-eisenstein-838.pdf,395,287,45,0,0,0,0,False,0,False,False,False,False,0,NONE
natural-language-processing-jacob-eisenstein-838.pdf,396,0,0,0,0,0,0,True,0,False,False,False,True,0,"Sparse text (0 chars, cover/blank page)"
natural-language-processing-jacob-eisenstein-838.pdf,397,1669,237,0,0,0,0,False,0,False,False,False,False,0,NONE
natural-language-processing-jacob-eisenstein-838.pdf,398,1821,302,0,0,0,0,False,2,False,False,False,False,0,NONE
natural-language-processing-jacob-eisenstein-838.pdf,399,2825,425,0,0,0,0,False,1,False,False,False,False,0,NONE
natural-language-processing-jacob-eisenstein-838.pdf,400,2432,411,0,0,0,0,False,1,False,False,False,False,0,NONE
natural-language-processing-jacob-eisenstein-838.pdf,401,1985,377,0,0,0,0,False,2,False,False,False,False,0,NONE
natural-language-processing-jacob-eisenstein-838.pdf,402,2472,385,0,0,0,0,False,0,False,False,False,False,0,NONE
natural-language-processing-jacob-eisenstein-838.pdf,403,2876,441,0,0,0,0,False,1,False,False,False,False,0,NONE
natural-language-processing-jacob-eisenstein-838.pdf,404,2152,307,0,0,0,0,False,2,False,False,False,False,0,NONE
natural-language-processing-jacob-eisenstein-838.pdf,405,2897,449,0,0,0,0,False,1,False,False,False,False,0,NONE
natural-language-processing-jacob-eisenstein-838.pdf,406,2514,402,0,0,0,0,False,0,False,False,False,False,0,NONE
natural-language-processing-jacob-eisenstein-838.pdf,407,2717,406,0,0,0,0,False,0,False,False,False,False,0,NONE
natural-language-processing-jacob-eisenstein-838.pdf,408,2194,335,0,0,0,0,False,2,False,False,False,False,0,NONE
natural-language-processing-jacob-eisenstein-838.pdf,409,3238,507,0,1,2,0,False,1,False,False,False,True,0,Contains 1 NUL (0x00) bytes
natural-language-processing-jacob-eisenstein-838.pdf,410,2789,433,0,0,0,0,False,0,False,False,False,False,0,NONE
natural-language-processing-jacob-eisenstein-838.pdf,411,2927,446,0,0,0,0,False,0,False,False,False,False,0,NONE
natural-language-processing-jacob-eisenstein-838.pdf,412,2299,397,0,0,0,0,False,0,False,False,False,False,0,NONE
natural-language-processing-jacob-eisenstein-838.pdf,413,2117,334,0,0,0,0,False,3,False,False,False,False,0,NONE
natural-language-processing-jacob-eisenstein-838.pdf,414,2627,394,0,0,0,0,False,0,False,False,False,False,0,NONE
natural-language-processing-jacob-eisenstein-838.pdf,415,2628,388,0,0,0,0,False,0,False,False,False,False,0,NONE
natural-language-processing-jacob-eisenstein-838.pdf,416,2474,409,0,0,0,0,False,1,False,False,False,False,0,NONE
natural-language-processing-jacob-eisenstein-838.pdf,417,2973,489,0,0,0,0,False,0,False,False,False,False,0,NONE
natural-language-processing-jacob-eisenstein-838.pdf,418,1395,214,0,0,0,0,False,0,False,False,False,False,0,NONE
natural-language-processing-jacob-eisenstein-838.pdf,419,26,4,0,0,0,0,True,0,False,False,False,True,0,"Sparse text (26 chars, cover/blank page)"
natural-language-processing-jacob-eisenstein-838.pdf,420,0,0,0,0,0,0,True,0,False,False,False,True,0,"Sparse text (0 chars, cover/blank page)"
natural-language-processing-jacob-eisenstein-838.pdf,421,1751,271,0,0,0,0,False,2,False,False,False,False,0,NONE
natural-language-processing-jacob-eisenstein-838.pdf,422,2273,351,1,0,0,0,False,2,False,False,False,False,0,NONE
natural-language-processing-jacob-eisenstein-838.pdf,423,2640,415,0,0,0,0,False,0,False,True,False,True,0,Orphaned dates/timeline badges (2 in trailing lines)
natural-language-processing-jacob-eisenstein-838.pdf,424,2577,438,0,0,2,0,False,0,False,False,False,False,0,NONE
natural-language-processing-jacob-eisenstein-838.pdf,425,2803,474,0,0,2,0,False,0,False,False,False,False,0,NONE
natural-language-processing-jacob-eisenstein-838.pdf,426,2171,352,0,0,0,0,False,0,False,False,False,False,0,NONE
natural-language-processing-jacob-eisenstein-838.pdf,427,2564,396,0,0,0,0,False,0,False,False,False,False,0,NONE
natural-language-processing-jacob-eisenstein-838.pdf,428,2008,364,0,0,4,0,False,0,False,False,False,False,0,NONE
natural-language-processing-jacob-eisenstein-838.pdf,429,2517,398,0,0,2,0,False,0,False,False,False,False,0,NONE
natural-language-processing-jacob-eisenstein-838.pdf,430,2487,364,0,0,0,0,False,2,False,False,False,False,0,NONE
natural-language-processing-jacob-eisenstein-838.pdf,431,2396,391,0,0,0,0,False,2,False,False,False,False,0,NONE
natural-language-processing-jacob-eisenstein-838.pdf,432,2668,428,0,0,0,0,False,1,False,False,False,False,0,NONE
natural-language-processing-jacob-eisenstein-838.pdf,433,2539,445,0,0,0,0,False,0,False,False,False,False,0,NONE
natural-language-processing-jacob-eisenstein-838.pdf,434,2931,491,0,0,2,0,False,1,False,False,False,False,0,NONE
natural-language-processing-jacob-eisenstein-838.pdf,435,2452,368,0,0,0,0,False,0,False,False,False,False,0,NONE
natural-language-processing-jacob-eisenstein-838.pdf,436,2922,457,0,0,0,0,False,2,False,False,False,False,0,NONE
natural-language-processing-jacob-eisenstein-838.pdf,437,2510,407,0,0,0,0,False,1,False,False,False,False,0,NONE
natural-language-processing-jacob-eisenstein-838.pdf,438,2383,354,0,0,0,0,False,1,False,False,False,False,0,NONE
natural-language-processing-jacob-eisenstein-838.pdf,439,3249,502,0,0,0,0,False,0,False,False,False,False,0,NONE
natural-language-processing-jacob-eisenstein-838.pdf,440,2299,348,0,0,0,0,False,1,False,False,False,False,0,NONE
natural-language-processing-jacob-eisenstein-838.pdf,441,2832,401,0,0,0,0,False,1,False,False,False,False,0,NONE
natural-language-processing-jacob-eisenstein-838.pdf,442,2849,442,0,0,0,0,False,0,False,False,False,False,0,NONE
natural-language-processing-jacob-eisenstein-838.pdf,443,2001,326,0,0,0,0,False,0,False,False,False,False,0,NONE
natural-language-processing-jacob-eisenstein-838.pdf,444,1968,311,0,0,0,0,False,0,False,False,False,False,0,NONE
natural-language-processing-jacob-eisenstein-838.pdf,445,2124,352,0,0,0,0,False,0,False,False,False,False,0,NONE
natural-language-processing-jacob-eisenstein-838.pdf,446,2115,354,0,0,0,0,False,0,False,False,False,False,0,NONE
natural-language-processing-jacob-eisenstein-838.pdf,447,1957,357,0,0,0,0,False,1,False,False,False,False,0,NONE
natural-language-processing-jacob-eisenstein-838.pdf,448,714,131,0,0,0,0,False,0,False,False,False,False,0,NONE
natural-language-processing-jacob-eisenstein-838.pdf,449,1753,270,0,0,0,0,False,0,False,False,False,False,0,NONE
natural-language-processing-jacob-eisenstein-838.pdf,450,2343,341,0,0,0,0,False,1,False,False,False,False,1,NONE
natural-language-processing-jacob-eisenstein-838.pdf,451,2361,383,0,0,0,0,False,3,False,False,False,False,0,NONE
natural-language-processing-jacob-eisenstein-838.pdf,452,2360,375,0,0,0,0,False,2,False,False,False,False,0,NONE
natural-language-processing-jacob-eisenstein-838.pdf,453,3098,471,0,0,0,0,False,0,False,False,False,False,0,NONE
natural-language-processing-jacob-eisenstein-838.pdf,454,2537,410,0,0,0,0,False,0,False,False,False,False,0,NONE
natural-language-processing-jacob-eisenstein-838.pdf,455,1731,291,0,0,0,0,False,2,False,False,False,False,0,NONE
natural-language-processing-jacob-eisenstein-838.pdf,456,1803,300,0,0,0,0,False,0,False,False,False,False,0,NONE
natural-language-processing-jacob-eisenstein-838.pdf,457,1910,313,0,0,0,0,False,0,False,False,False,False,0,NONE
natural-language-processing-jacob-eisenstein-838.pdf,458,1757,276,0,0,0,0,False,2,False,False,False,False,0,NONE
natural-language-processing-jacob-eisenstein-838.pdf,459,3027,456,0,0,0,0,False,1,False,False,False,False,0,NONE
natural-language-processing-jacob-eisenstein-838.pdf,460,2186,354,0,0,4,0,False,0,False,False,False,False,0,NONE
natural-language-processing-jacob-eisenstein-838.pdf,461,1651,280,0,0,0,0,False,2,False,False,False,False,3,NONE
natural-language-processing-jacob-eisenstein-838.pdf,462,2600,422,0,0,0,0,False,0,False,False,False,False,0,NONE
natural-language-processing-jacob-eisenstein-838.pdf,463,2371,399,0,0,0,0,False,3,False,False,False,False,1,NONE
natural-language-processing-jacob-eisenstein-838.pdf,464,1940,335,0,0,6,0,False,0,False,False,False,False,0,NONE
natural-language-processing-jacob-eisenstein-838.pdf,465,2215,379,0,0,0,0,False,2,False,False,False,False,1,NONE
natural-language-processing-jacob-eisenstein-838.pdf,466,2488,388,0,0,0,0,False,3,False,False,False,False,0,NONE
natural-language-processing-jacob-eisenstein-838.pdf,467,2769,449,0,0,0,0,False,0,False,False,False,False,0,NONE
natural-language-processing-jacob-eisenstein-838.pdf,468,2760,446,0,0,2,0,False,0,False,False,False,False,0,NONE
natural-language-processing-jacob-eisenstein-838.pdf,469,2878,462,0,0,0,0,False,0,False,False,False,False,0,NONE
natural-language-processing-jacob-eisenstein-838.pdf,470,2206,372,0,0,2,0,False,0,False,False,False,False,0,NONE
natural-language-processing-jacob-eisenstein-838.pdf,471,2063,336,0,0,0,0,False,0,False,False,False,False,0,NONE
natural-language-processing-jacob-eisenstein-838.pdf,472,2383,366,0,0,0,0,False,0,False,False,False,False,0,NONE
natural-language-processing-jacob-eisenstein-838.pdf,473,2325,381,0,0,0,0,False,0,False,False,False,False,0,NONE
natural-language-processing-jacob-eisenstein-838.pdf,474,1501,244,0,0,0,0,False,0,False,False,False,False,0,NONE
natural-language-processing-jacob-eisenstein-838.pdf,475,1739,258,0,0,0,0,False,1,False,False,False,False,0,NONE
natural-language-processing-jacob-eisenstein-838.pdf,476,2586,394,0,0,0,0,False,2,False,False,False,False,0,NONE
natural-language-processing-jacob-eisenstein-838.pdf,477,2338,387,0,0,0,0,False,3,False,False,False,False,0,NONE
natural-language-processing-jacob-eisenstein-838.pdf,478,2710,440,0,0,0,0,False,0,False,False,False,False,0,NONE
natural-language-processing-jacob-eisenstein-838.pdf,479,1647,274,12,0,2,0,False,3,False,False,False,False,0,NONE
natural-language-processing-jacob-eisenstein-838.pdf,480,2199,348,1,0,0,0,False,3,False,False,False,False,0,NONE
natural-language-processing-jacob-eisenstein-838.pdf,481,2857,453,0,0,2,0,False,0,False,False,False,False,0,NONE
natural-language-processing-jacob-eisenstein-838.pdf,482,1816,289,0,0,0,0,False,0,False,False,False,False,0,NONE
natural-language-processing-jacob-eisenstein-838.pdf,483,2854,463,0,0,2,0,False,0,False,False,False,False,0,NONE
natural-language-processing-jacob-eisenstein-838.pdf,484,2589,435,0,0,0,0,False,0,False,False,False,False,0,NONE
natural-language-processing-jacob-eisenstein-838.pdf,485,2178,343,0,0,0,0,False,3,False,False,False,False,0,NONE
natural-language-processing-jacob-eisenstein-838.pdf,486,2594,415,0,0,0,0,False,1,False,False,False,False,0,NONE
natural-language-processing-jacob-eisenstein-838.pdf,487,2373,408,0,0,0,0,False,0,False,False,False,False,0,NONE
natural-language-processing-jacob-eisenstein-838.pdf,488,2947,464,0,0,0,0,False,0,False,False,False,False,0,NONE
natural-language-processing-jacob-eisenstein-838.pdf,489,2912,478,0,0,0,0,False,0,False,False,False,False,0,NONE
natural-language-processing-jacob-eisenstein-838.pdf,490,2553,433,0,0,0,0,False,1,False,False,False,False,0,NONE
natural-language-processing-jacob-eisenstein-838.pdf,491,1903,327,0,0,0,0,False,0,False,False,False,False,0,NONE
natural-language-processing-jacob-eisenstein-838.pdf,492,0,0,0,0,0,0,True,0,False,False,False,True,0,"Sparse text (0 chars, cover/blank page)"
natural-language-processing-jacob-eisenstein-838.pdf,493,1776,303,0,0,0,0,False,0,False,False,False,False,0,NONE
natural-language-processing-jacob-eisenstein-838.pdf,494,1873,358,0,0,0,0,False,0,False,False,False,False,0,NONE
natural-language-processing-jacob-eisenstein-838.pdf,495,1245,229,0,0,0,0,False,0,False,False,False,False,0,NONE
natural-language-processing-jacob-eisenstein-838.pdf,496,1897,339,0,0,0,0,False,0,False,False,False,False,0,NONE
natural-language-processing-jacob-eisenstein-838.pdf,497,1796,334,0,0,0,0,False,0,False,False,False,False,0,NONE
natural-language-processing-jacob-eisenstein-838.pdf,498,2396,470,0,0,0,0,False,0,False,False,False,False,0,NONE
natural-language-processing-jacob-eisenstein-838.pdf,499,1659,288,0,0,0,0,False,0,False,False,False,False,0,NONE
natural-language-processing-jacob-eisenstein-838.pdf,500,1906,334,0,0,0,0,False,0,False,False,False,False,0,NONE
natural-language-processing-jacob-eisenstein-838.pdf,501,1633,289,0,0,0,0,False,0,False,False,False,False,0,NONE
natural-language-processing-jacob-eisenstein-838.pdf,502,0,0,0,0,0,0,True,0,False,False,False,True,0,"Sparse text (0 chars, cover/blank page)"
natural-language-processing-jacob-eisenstein-838.pdf,503,1086,205,0,0,0,0,False,0,False,False,False,False,0,NONE
natural-language-processing-jacob-eisenstein-838.pdf,504,1982,343,0,0,0,0,False,0,False,False,False,False,0,NONE
natural-language-processing-jacob-eisenstein-838.pdf,505,1840,322,0,0,0,0,False,0,False,False,False,False,0,NONE
natural-language-processing-jacob-eisenstein-838.pdf,506,1400,237,0,0,0,0,False,0,False,False,False,False,0,NONE
natural-language-processing-jacob-eisenstein-838.pdf,507,188,21,0,0,0,0,False,0,False,True,False,True,0,Orphaned dates/timeline badges (5 in trailing lines)
natural-language-processing-jacob-eisenstein-838.pdf,508,288,34,0,0,0,0,False,0,False,True,False,True,0,Orphaned dates/timeline badges (6 in trailing lines)
natural-language-processing-jacob-eisenstein-838.pdf,509,307,36,0,0,0,0,False,0,False,True,False,True,0,Orphaned dates/timeline badges (5 in trailing lines)
natural-language-processing-jacob-eisenstein-838.pdf,510,1820,285,0,0,0,0,False,0,False,False,False,False,0,NONE
natural-language-processing-jacob-eisenstein-838.pdf,511,2420,363,0,0,0,0,False,0,False,False,False,False,0,NONE
natural-language-processing-jacob-eisenstein-838.pdf,512,2243,329,0,0,0,0,False,0,False,False,False,False,0,NONE
natural-language-processing-jacob-eisenstein-838.pdf,513,2382,353,0,0,0,0,False,0,False,False,False,False,0,NONE
natural-language-processing-jacob-eisenstein-838.pdf,514,2383,334,0,0,0,0,False,0,False,False,False,False,0,NONE
natural-language-processing-jacob-eisenstein-838.pdf,515,2371,342,0,0,0,0,False,0,False,False,False,False,0,NONE
natural-language-processing-jacob-eisenstein-838.pdf,516,2428,357,0,0,0,0,False,0,False,False,False,False,0,NONE
natural-language-processing-jacob-eisenstein-838.pdf,517,2218,318,0,0,0,0,False,0,False,False,False,False,0,NONE
natural-language-processing-jacob-eisenstein-838.pdf,518,2396,332,0,0,0,0,False,0,False,False,False,False,0,NONE
natural-language-processing-jacob-eisenstein-838.pdf,519,2288,312,0,0,0,0,False,0,False,False,False,False,0,NONE
natural-language-processing-jacob-eisenstein-838.pdf,520,2302,353,0,0,0,0,False,0,False,False,False,False,0,NONE
natural-language-processing-jacob-eisenstein-838.pdf,521,2114,306,0,0,0,0,False,0,False,False,False,False,0,NONE
natural-language-processing-jacob-eisenstein-838.pdf,522,2174,309,0,0,0,0,False,0,False,False,False,False,0,NONE
natural-language-processing-jacob-eisenstein-838.pdf,523,2340,332,0,0,0,0,False,0,False,False,False,False,0,NONE
natural-language-processing-jacob-eisenstein-838.pdf,524,2196,320,0,0,0,0,False,0,False,False,False,False,0,NONE
natural-language-processing-jacob-eisenstein-838.pdf,525,2171,310,0,0,0,0,False,0,False,False,False,False,0,NONE
natural-language-processing-jacob-eisenstein-838.pdf,526,2441,355,0,0,0,0,False,0,False,True,False,True,0,Orphaned dates/timeline badges (2 in trailing lines)
natural-language-processing-jacob-eisenstein-838.pdf,527,2131,293,0,0,0,0,False,0,False,False,False,False,0,NONE
natural-language-processing-jacob-eisenstein-838.pdf,528,2355,351,0,0,0,0,False,0,False,False,False,False,0,NONE
natural-language-processing-jacob-eisenstein-838.pdf,529,2182,323,0,0,0,0,False,0,False,False,False,False,0,NONE
natural-language-processing-jacob-eisenstein-838.pdf,530,2052,300,0,0,0,0,False,0,False,True,False,True,0,Orphaned dates/timeline badges (2 in trailing lines)
natural-language-processing-jacob-eisenstein-838.pdf,531,2468,374,0,0,0,0,False,0,False,False,False,False,0,NONE
natural-language-processing-jacob-eisenstein-838.pdf,532,2289,317,0,0,0,0,False,0,False,False,False,False,0,NONE
natural-language-processing-jacob-eisenstein-838.pdf,533,2295,318,0,0,0,0,False,0,False,False,False,False,0,NONE
natural-language-processing-jacob-eisenstein-838.pdf,534,2284,333,0,0,0,0,False,0,False,True,False,True,0,Orphaned dates/timeline badges (2 in trailing lines)
natural-language-processing-jacob-eisenstein-838.pdf,535,2520,363,0,0,0,0,False,0,False,False,False,False,0,NONE
natural-language-processing-jacob-eisenstein-838.pdf,536,2319,339,0,0,0,0,False,0,False,False,False,False,0,NONE
natural-language-processing-jacob-eisenstein-838.pdf,537,2336,339,0,0,0,0,False,0,False,False,False,False,0,NONE
natural-language-processing-jacob-eisenstein-838.pdf,538,2271,332,0,0,0,0,False,0,False,False,False,False,0,NONE
natural-language-processing-jacob-eisenstein-838.pdf,539,2313,322,0,0,0,0,False,0,False,False,False,False,0,NONE
natural-language-processing-jacob-eisenstein-838.pdf,540,2166,307,0,0,0,0,False,0,False,False,False,False,0,NONE
natural-language-processing-jacob-eisenstein-838.pdf,541,2214,303,0,0,0,0,False,0,False,False,False,False,0,NONE
natural-language-processing-jacob-eisenstein-838.pdf,542,2277,312,0,0,0,0,False,0,False,False,False,False,0,NONE
natural-language-processing-jacob-eisenstein-838.pdf,543,2257,323,0,0,0,0,False,0,False,False,False,False,0,NONE
natural-language-processing-jacob-eisenstein-838.pdf,544,2227,313,0,0,0,0,False,0,False,True,False,True,0,Orphaned dates/timeline badges (2 in trailing lines)
natural-language-processing-jacob-eisenstein-838.pdf,545,2301,337,0,0,0,0,False,0,False,False,False,False,0,NONE
natural-language-processing-jacob-eisenstein-838.pdf,546,2285,329,0,0,0,0,False,0,False,False,False,False,0,NONE
natural-language-processing-jacob-eisenstein-838.pdf,547,2443,350,0,0,0,0,False,0,False,False,False,False,0,NONE
natural-language-processing-jacob-eisenstein-838.pdf,548,2273,330,0,0,0,0,False,0,False,False,False,False,0,NONE
natural-language-processing-jacob-eisenstein-838.pdf,549,2402,352,0,0,0,0,False,0,False,False,False,False,0,NONE
natural-language-processing-jacob-eisenstein-838.pdf,550,2320,343,0,0,0,0,False,0,False,False,False,False,0,NONE
natural-language-processing-jacob-eisenstein-838.pdf,551,2418,344,0,0,0,0,False,0,False,False,False,False,0,NONE
natural-language-processing-jacob-eisenstein-838.pdf,552,2334,353,0,0,0,0,False,0,False,False,False,False,0,NONE
natural-language-processing-jacob-eisenstein-838.pdf,553,2359,342,0,0,0,0,False,0,False,False,False,False,0,NONE
natural-language-processing-jacob-eisenstein-838.pdf,554,2403,359,0,0,0,0,False,0,False,False,False,False,0,NONE
natural-language-processing-jacob-eisenstein-838.pdf,555,2371,347,0,0,0,0,False,0,False,False,False,False,0,NONE
natural-language-processing-jacob-eisenstein-838.pdf,556,2384,347,0,0,0,0,False,0,False,False,False,False,0,NONE
natural-language-processing-jacob-eisenstein-838.pdf,557,2444,364,0,0,0,0,False,0,False,False,False,False,0,NONE
natural-language-processing-jacob-eisenstein-838.pdf,558,2348,339,0,0,0,0,False,0,False,False,False,False,0,NONE
natural-language-processing-jacob-eisenstein-838.pdf,559,2335,329,0,0,0,0,False,0,False,False,False,False,0,NONE
natural-language-processing-jacob-eisenstein-838.pdf,560,2271,329,0,0,0,0,False,0,False,False,False,False,0,NONE
natural-language-processing-jacob-eisenstein-838.pdf,561,2194,323,0,0,0,0,False,0,False,False,False,False,0,NONE
natural-language-processing-jacob-eisenstein-838.pdf,562,2066,313,0,0,0,0,False,0,False,False,False,False,0,NONE
natural-language-processing-jacob-eisenstein-838.pdf,563,2321,343,0,0,0,0,False,0,False,False,False,False,0,NONE
natural-language-processing-jacob-eisenstein-838.pdf,564,2339,342,0,0,0,0,False,0,False,False,False,False,0,NONE
natural-language-processing-jacob-eisenstein-838.pdf,565,2339,340,0,0,0,0,False,0,False,False,False,False,0,NONE
natural-language-processing-jacob-eisenstein-838.pdf,566,2282,318,0,0,0,0,False,0,False,False,False,False,0,NONE
natural-language-processing-jacob-eisenstein-838.pdf,567,2300,341,0,0,0,0,False,0,False,False,False,False,0,NONE
natural-language-processing-jacob-eisenstein-838.pdf,568,2476,363,0,0,0,0,False,0,False,False,False,False,0,NONE
natural-language-processing-jacob-eisenstein-838.pdf,569,2363,343,0,0,0,0,False,0,False,False,False,False,0,NONE
natural-language-processing-jacob-eisenstein-838.pdf,570,2360,341,0,0,0,0,False,0,False,False,False,False,0,NONE
natural-language-processing-jacob-eisenstein-838.pdf,571,2485,381,0,0,0,0,False,0,False,False,False,False,0,NONE
natural-language-processing-jacob-eisenstein-838.pdf,572,2108,296,0,0,0,0,False,0,False,False,False,False,0,NONE
natural-language-processing-jacob-eisenstein-838.pdf,573,2382,349,0,0,0,0,False,0,False,False,False,False,0,NONE
natural-language-processing-jacob-eisenstein-838.pdf,574,614,88,0,0,0,0,False,0,False,False,False,False,0,NONE
natural-language-processing-jacob-eisenstein-838.pdf,575,1204,168,0,0,0,0,False,0,False,False,False,False,0,NONE
natural-language-processing-jacob-eisenstein-838.pdf,576,1851,254,0,0,0,0,False,0,False,False,False,False,0,NONE
natural-language-processing-jacob-eisenstein-838.pdf,577,1903,244,0,0,0,0,False,0,False,False,False,False,0,NONE
natural-language-processing-jacob-eisenstein-838.pdf,578,1707,237,0,0,0,0,False,0,False,False,False,False,0,NONE
natural-language-processing-jacob-eisenstein-838.pdf,579,1615,230,0,0,0,0,False,0,False,False,False,False,0,NONE
natural-language-processing-jacob-eisenstein-838.pdf,580,1890,263,0,0,0,0,False,0,False,False,False,False,0,NONE
natural-language-processing-jacob-eisenstein-838.pdf,581,1745,241,0,0,0,0,False,0,False,False,False,False,0,NONE
natural-language-processing-jacob-eisenstein-838.pdf,582,1792,247,0,0,0,0,False,0,False,False,False,False,0,NONE
natural-language-processing-jacob-eisenstein-838.pdf,583,1724,243,0,0,0,0,False,0,False,False,False,False,0,NONE
natural-language-processing-jacob-eisenstein-838.pdf,584,1645,223,0,0,0,0,False,0,False,False,False,False,0,NONE
natural-language-processing-jacob-eisenstein-838.pdf,585,1887,255,0,0,0,0,False,0,False,False,False,False,0,NONE
natural-language-processing-jacob-eisenstein-838.pdf,586,1670,239,0,0,0,0,False,0,False,False,False,False,0,NONE
natural-language-processing-jacob-eisenstein-838.pdf,587,110,16,0,0,0,0,False,0,False,False,False,False,0,NONE
speech-and-language-processing-daniel-jurafsky-and-james-h-martin-837.pdf,1,354,47,0,0,0,0,False,0,False,False,False,False,0,NONE
speech-and-language-processing-daniel-jurafsky-and-james-h-martin-837.pdf,2,3043,1174,0,0,0,0,False,0,False,False,False,False,0,NONE
speech-and-language-processing-daniel-jurafsky-and-james-h-martin-837.pdf,3,3125,1070,0,0,0,0,False,0,False,False,False,False,0,NONE
speech-and-language-processing-daniel-jurafsky-and-james-h-martin-837.pdf,4,3391,1203,0,0,0,0,False,0,False,False,False,False,0,NONE
speech-and-language-processing-daniel-jurafsky-and-james-h-martin-837.pdf,5,3491,1176,0,0,0,0,False,0,False,False,False,False,0,NONE
speech-and-language-processing-daniel-jurafsky-and-james-h-martin-837.pdf,6,3503,1211,0,0,0,0,False,0,False,False,False,False,0,NONE
speech-and-language-processing-daniel-jurafsky-and-james-h-martin-837.pdf,7,3637,1252,0,0,0,0,False,0,False,False,False,False,0,NONE
speech-and-language-processing-daniel-jurafsky-and-james-h-martin-837.pdf,8,2216,751,0,0,0,0,False,0,False,False,False,False,0,NONE
speech-and-language-processing-daniel-jurafsky-and-james-h-martin-837.pdf,9,906,131,0,0,0,0,False,0,False,False,False,False,0,NONE
speech-and-language-processing-daniel-jurafsky-and-james-h-martin-837.pdf,10,0,0,0,0,0,0,True,0,False,False,False,True,0,"Sparse text (0 chars, cover/blank page)"
speech-and-language-processing-daniel-jurafsky-and-james-h-martin-837.pdf,11,210,38,0,0,0,0,False,0,False,False,False,False,0,NONE
speech-and-language-processing-daniel-jurafsky-and-james-h-martin-837.pdf,12,3181,524,0,0,0,0,False,0,False,False,False,False,0,NONE
speech-and-language-processing-daniel-jurafsky-and-james-h-martin-837.pdf,13,3305,558,0,0,0,0,False,0,False,False,False,False,0,NONE
speech-and-language-processing-daniel-jurafsky-and-james-h-martin-837.pdf,14,3134,492,0,0,0,0,False,3,False,False,False,False,1,NONE
speech-and-language-processing-daniel-jurafsky-and-james-h-martin-837.pdf,15,3001,524,0,0,0,0,False,3,False,False,False,False,1,NONE
speech-and-language-processing-daniel-jurafsky-and-james-h-martin-837.pdf,16,3347,559,0,0,0,0,False,0,False,False,False,False,0,NONE
speech-and-language-processing-daniel-jurafsky-and-james-h-martin-837.pdf,17,2992,476,0,0,0,0,False,2,False,False,False,False,1,NONE
speech-and-language-processing-daniel-jurafsky-and-james-h-martin-837.pdf,18,3680,547,2,0,0,0,False,2,False,False,False,False,1,NONE
speech-and-language-processing-daniel-jurafsky-and-james-h-martin-837.pdf,19,2582,407,2,0,0,0,False,0,False,False,False,False,1,NONE
speech-and-language-processing-daniel-jurafsky-and-james-h-martin-837.pdf,20,3900,616,0,0,0,0,False,2,False,False,False,False,1,NONE
speech-and-language-processing-daniel-jurafsky-and-james-h-martin-837.pdf,21,3567,597,0,0,0,0,False,0,False,False,False,False,0,NONE
speech-and-language-processing-daniel-jurafsky-and-james-h-martin-837.pdf,22,3155,552,0,0,0,0,False,1,False,False,False,False,0,NONE
speech-and-language-processing-daniel-jurafsky-and-james-h-martin-837.pdf,23,1952,415,0,0,0,0,False,2,False,False,False,False,1,NONE
speech-and-language-processing-daniel-jurafsky-and-james-h-martin-837.pdf,24,3545,609,2,0,0,0,False,0,False,False,False,False,0,NONE
speech-and-language-processing-daniel-jurafsky-and-james-h-martin-837.pdf,25,2795,455,4,0,0,0,False,3,False,False,False,False,1,NONE
speech-and-language-processing-daniel-jurafsky-and-james-h-martin-837.pdf,26,3840,603,0,0,0,0,False,0,False,False,False,False,0,NONE
speech-and-language-processing-daniel-jurafsky-and-james-h-martin-837.pdf,27,3510,543,0,0,0,0,False,3,False,False,False,False,1,NONE
speech-and-language-processing-daniel-jurafsky-and-james-h-martin-837.pdf,28,4225,686,0,0,0,0,False,6,False,False,False,False,2,NONE
speech-and-language-processing-daniel-jurafsky-and-james-h-martin-837.pdf,29,3462,585,0,0,0,0,False,3,False,False,False,False,1,NONE
speech-and-language-processing-daniel-jurafsky-and-james-h-martin-837.pdf,30,3645,601,0,0,0,0,False,1,False,False,False,False,1,NONE
speech-and-language-processing-daniel-jurafsky-and-james-h-martin-837.pdf,31,2576,413,0,0,0,0,False,2,False,False,False,False,1,NONE
speech-and-language-processing-daniel-jurafsky-and-james-h-martin-837.pdf,32,3276,466,0,0,0,0,False,4,False,False,False,False,2,NONE
speech-and-language-processing-daniel-jurafsky-and-james-h-martin-837.pdf,33,3103,506,0,0,0,0,False,0,False,False,False,False,1,NONE
speech-and-language-processing-daniel-jurafsky-and-james-h-martin-837.pdf,34,2659,412,0,0,0,0,False,2,False,False,False,False,1,NONE
speech-and-language-processing-daniel-jurafsky-and-james-h-martin-837.pdf,35,2418,397,0,0,0,0,False,1,False,False,False,False,0,NONE
speech-and-language-processing-daniel-jurafsky-and-james-h-martin-837.pdf,36,1482,269,0,0,0,0,False,0,False,False,False,False,0,NONE
speech-and-language-processing-daniel-jurafsky-and-james-h-martin-837.pdf,37,3529,544,0,0,0,0,False,1,False,False,False,False,0,NONE
speech-and-language-processing-daniel-jurafsky-and-james-h-martin-837.pdf,38,3154,470,0,0,0,0,False,2,False,False,False,False,1,NONE
speech-and-language-processing-daniel-jurafsky-and-james-h-martin-837.pdf,39,3053,534,0,0,0,0,False,3,False,False,False,False,3,NONE
speech-and-language-processing-daniel-jurafsky-and-james-h-martin-837.pdf,40,3146,541,0,0,0,0,False,2,False,False,False,False,1,NONE
speech-and-language-processing-daniel-jurafsky-and-james-h-martin-837.pdf,41,2616,406,0,0,1,0,False,5,False,False,False,False,1,NONE
speech-and-language-processing-daniel-jurafsky-and-james-h-martin-837.pdf,42,3820,471,0,0,0,0,False,7,False,False,False,False,2,NONE
speech-and-language-processing-daniel-jurafsky-and-james-h-martin-837.pdf,43,2779,444,0,0,0,0,False,0,False,False,False,False,0,NONE
speech-and-language-processing-daniel-jurafsky-and-james-h-martin-837.pdf,44,2991,475,0,0,0,0,False,0,False,False,False,False,0,NONE
speech-and-language-processing-daniel-jurafsky-and-james-h-martin-837.pdf,45,1134,198,0,0,0,0,False,0,False,False,False,False,0,NONE
speech-and-language-processing-daniel-jurafsky-and-james-h-martin-837.pdf,46,2660,458,0,0,0,0,False,0,False,False,False,False,0,NONE
speech-and-language-processing-daniel-jurafsky-and-james-h-martin-837.pdf,47,3151,554,0,0,0,0,False,0,False,False,False,False,0,NONE
speech-and-language-processing-daniel-jurafsky-and-james-h-martin-837.pdf,48,2353,377,0,0,0,0,False,0,False,False,False,False,0,NONE
speech-and-language-processing-daniel-jurafsky-and-james-h-martin-837.pdf,49,2533,442,0,0,0,0,False,0,False,False,False,False,0,NONE
speech-and-language-processing-daniel-jurafsky-and-james-h-martin-837.pdf,50,3336,418,0,0,0,0,False,4,False,False,False,False,2,NONE
speech-and-language-processing-daniel-jurafsky-and-james-h-martin-837.pdf,51,3371,374,0,0,0,0,False,1,False,False,False,False,1,NONE
speech-and-language-processing-daniel-jurafsky-and-james-h-martin-837.pdf,52,3772,594,0,0,0,0,False,0,False,False,False,False,0,NONE
speech-and-language-processing-daniel-jurafsky-and-james-h-martin-837.pdf,53,4028,730,0,0,0,0,False,0,False,False,False,False,0,NONE
speech-and-language-processing-daniel-jurafsky-and-james-h-martin-837.pdf,54,2950,522,0,0,0,0,False,0,False,False,False,False,0,NONE
speech-and-language-processing-daniel-jurafsky-and-james-h-martin-837.pdf,55,3357,551,0,0,0,0,False,0,False,False,False,False,1,NONE
speech-and-language-processing-daniel-jurafsky-and-james-h-martin-837.pdf,56,2449,428,0,0,4,0,False,0,False,False,False,False,0,NONE
speech-and-language-processing-daniel-jurafsky-and-james-h-martin-837.pdf,57,3414,554,0,0,0,0,False,4,False,False,False,False,2,NONE
speech-and-language-processing-daniel-jurafsky-and-james-h-martin-837.pdf,58,3092,486,0,0,0,0,False,4,False,False,False,False,2,NONE
speech-and-language-processing-daniel-jurafsky-and-james-h-martin-837.pdf,59,3387,566,0,0,0,0,False,0,False,False,False,False,0,NONE
speech-and-language-processing-daniel-jurafsky-and-james-h-martin-837.pdf,60,3091,393,0,0,0,0,False,6,False,False,False,False,1,NONE
speech-and-language-processing-daniel-jurafsky-and-james-h-martin-837.pdf,61,4303,301,0,0,0,0,False,5,False,False,False,False,2,NONE
speech-and-language-processing-daniel-jurafsky-and-james-h-martin-837.pdf,62,2994,465,0,0,0,0,False,0,False,False,False,False,0,NONE
speech-and-language-processing-daniel-jurafsky-and-james-h-martin-837.pdf,63,3160,546,0,0,0,0,False,0,False,False,False,False,0,NONE
speech-and-language-processing-daniel-jurafsky-and-james-h-martin-837.pdf,64,2224,417,0,0,0,0,False,0,False,False,False,False,1,NONE
speech-and-language-processing-daniel-jurafsky-and-james-h-martin-837.pdf,65,3019,508,0,0,0,0,False,0,False,False,False,False,0,NONE
speech-and-language-processing-daniel-jurafsky-and-james-h-martin-837.pdf,66,2407,407,0,0,0,0,False,0,False,False,False,False,0,NONE
speech-and-language-processing-daniel-jurafsky-and-james-h-martin-837.pdf,67,3726,566,0,0,0,0,False,0,False,False,False,False,0,NONE
speech-and-language-processing-daniel-jurafsky-and-james-h-martin-837.pdf,68,2368,424,0,0,0,0,False,2,False,False,False,False,0,NONE
speech-and-language-processing-daniel-jurafsky-and-james-h-martin-837.pdf,69,635,119,0,0,0,0,False,0,False,False,False,False,0,NONE
speech-and-language-processing-daniel-jurafsky-and-james-h-martin-837.pdf,70,2815,447,0,0,0,0,False,0,False,False,False,False,0,NONE
speech-and-language-processing-daniel-jurafsky-and-james-h-martin-837.pdf,71,3138,531,0,0,0,0,False,0,False,False,False,False,0,NONE
speech-and-language-processing-daniel-jurafsky-and-james-h-martin-837.pdf,72,3428,550,0,0,0,0,False,0,False,False,False,False,0,NONE
speech-and-language-processing-daniel-jurafsky-and-james-h-martin-837.pdf,73,3109,547,0,0,0,0,False,1,False,False,False,False,0,NONE
speech-and-language-processing-daniel-jurafsky-and-james-h-martin-837.pdf,74,2076,389,2,0,0,0,False,1,False,False,False,False,1,NONE
speech-and-language-processing-daniel-jurafsky-and-james-h-martin-837.pdf,75,2117,374,0,0,3,0,False,3,False,False,False,False,1,NONE
speech-and-language-processing-daniel-jurafsky-and-james-h-martin-837.pdf,76,2963,502,0,0,3,0,False,0,False,False,False,False,0,NONE
speech-and-language-processing-daniel-jurafsky-and-james-h-martin-837.pdf,77,2660,474,0,0,2,0,False,0,False,False,False,False,0,NONE
speech-and-language-processing-daniel-jurafsky-and-james-h-martin-837.pdf,78,2626,494,0,0,2,0,False,0,False,False,False,False,0,NONE
speech-and-language-processing-daniel-jurafsky-and-james-h-martin-837.pdf,79,3011,532,0,0,2,0,False,0,False,False,False,False,0,NONE
speech-and-language-processing-daniel-jurafsky-and-james-h-martin-837.pdf,80,2976,546,0,0,0,0,False,3,False,False,False,False,0,NONE
speech-and-language-processing-daniel-jurafsky-and-james-h-martin-837.pdf,81,3356,593,0,0,0,0,False,4,False,False,False,False,0,NONE
speech-and-language-processing-daniel-jurafsky-and-james-h-martin-837.pdf,82,2111,382,2,0,0,0,False,4,False,False,False,False,1,NONE
speech-and-language-processing-daniel-jurafsky-and-james-h-martin-837.pdf,83,2024,334,0,0,0,0,False,0,False,False,False,False,0,NONE
speech-and-language-processing-daniel-jurafsky-and-james-h-martin-837.pdf,84,2976,523,0,0,0,0,False,4,False,False,False,False,1,NONE
speech-and-language-processing-daniel-jurafsky-and-james-h-martin-837.pdf,85,2736,483,0,0,0,0,False,0,False,False,False,False,0,NONE
speech-and-language-processing-daniel-jurafsky-and-james-h-martin-837.pdf,86,2006,345,0,0,2,0,False,0,False,False,False,False,0,NONE
speech-and-language-processing-daniel-jurafsky-and-james-h-martin-837.pdf,87,2513,453,0,0,0,0,False,0,False,False,False,False,0,NONE
speech-and-language-processing-daniel-jurafsky-and-james-h-martin-837.pdf,88,2957,513,0,0,2,0,False,1,False,False,False,False,0,NONE
speech-and-language-processing-daniel-jurafsky-and-james-h-martin-837.pdf,89,2122,340,0,0,0,0,False,2,False,False,False,False,1,NONE
speech-and-language-processing-daniel-jurafsky-and-james-h-martin-837.pdf,90,2719,502,0,0,0,0,False,0,False,False,False,False,0,NONE
speech-and-language-processing-daniel-jurafsky-and-james-h-martin-837.pdf,91,3457,550,0,0,0,0,False,4,False,False,False,False,2,NONE
speech-and-language-processing-daniel-jurafsky-and-james-h-martin-837.pdf,92,2582,447,0,0,2,0,False,1,False,False,False,False,0,NONE
speech-and-language-processing-daniel-jurafsky-and-james-h-martin-837.pdf,93,2648,400,0,0,0,0,False,4,False,False,False,False,6,NONE
speech-and-language-processing-daniel-jurafsky-and-james-h-martin-837.pdf,94,3549,460,0,0,0,0,False,3,False,False,False,False,2,NONE
speech-and-language-processing-daniel-jurafsky-and-james-h-martin-837.pdf,95,3431,657,0,0,0,0,False,0,False,False,False,False,0,NONE
speech-and-language-processing-daniel-jurafsky-and-james-h-martin-837.pdf,96,3828,685,0,0,3,0,False,2,False,False,False,False,0,NONE
speech-and-language-processing-daniel-jurafsky-and-james-h-martin-837.pdf,97,3863,600,0,11,31,0,False,4,False,False,False,True,1,Contains 11 NUL (0x00) bytes
speech-and-language-processing-daniel-jurafsky-and-james-h-martin-837.pdf,98,3373,543,0,0,0,0,False,2,False,False,False,False,1,NONE
speech-and-language-processing-daniel-jurafsky-and-james-h-martin-837.pdf,99,3060,490,0,0,0,0,False,0,False,False,False,False,0,NONE
speech-and-language-processing-daniel-jurafsky-and-james-h-martin-837.pdf,100,2610,449,0,0,0,0,False,0,False,False,False,False,0,NONE
speech-and-language-processing-daniel-jurafsky-and-james-h-martin-837.pdf,101,1869,341,0,0,0,0,False,0,False,False,False,False,0,NONE
speech-and-language-processing-daniel-jurafsky-and-james-h-martin-837.pdf,102,1922,318,0,0,8,0,False,0,False,False,False,False,0,NONE
speech-and-language-processing-daniel-jurafsky-and-james-h-martin-837.pdf,103,3104,482,0,0,0,0,False,0,False,False,False,False,0,NONE
speech-and-language-processing-daniel-jurafsky-and-james-h-martin-837.pdf,104,2816,442,1,0,0,0,False,0,False,False,False,False,0,NONE
speech-and-language-processing-daniel-jurafsky-and-james-h-martin-837.pdf,105,3295,564,0,0,0,0,False,0,False,False,False,False,0,NONE
speech-and-language-processing-daniel-jurafsky-and-james-h-martin-837.pdf,106,3579,573,0,0,0,0,False,0,False,False,False,False,1,NONE
speech-and-language-processing-daniel-jurafsky-and-james-h-martin-837.pdf,107,3186,478,0,0,0,0,False,0,False,False,False,False,1,NONE
speech-and-language-processing-daniel-jurafsky-and-james-h-martin-837.pdf,108,2581,404,1,0,0,0,False,3,False,False,False,False,1,NONE
speech-and-language-processing-daniel-jurafsky-and-james-h-martin-837.pdf,109,3437,565,0,0,0,0,False,1,False,False,False,False,0,NONE
speech-and-language-processing-daniel-jurafsky-and-james-h-martin-837.pdf,110,3430,547,0,0,0,0,False,9,False,False,False,False,1,NONE
speech-and-language-processing-daniel-jurafsky-and-james-h-martin-837.pdf,111,2637,347,0,0,0,0,False,4,False,False,False,False,2,NONE
speech-and-language-processing-daniel-jurafsky-and-james-h-martin-837.pdf,112,2385,422,0,0,0,0,False,1,False,False,False,False,0,NONE
speech-and-language-processing-daniel-jurafsky-and-james-h-martin-837.pdf,113,3007,481,0,0,0,0,False,1,False,False,False,False,0,NONE
speech-and-language-processing-daniel-jurafsky-and-james-h-martin-837.pdf,114,2954,493,0,0,0,0,False,0,False,False,False,False,0,NONE
speech-and-language-processing-daniel-jurafsky-and-james-h-martin-837.pdf,115,2716,473,0,0,0,0,False,1,False,False,False,False,0,NONE
speech-and-language-processing-daniel-jurafsky-and-james-h-martin-837.pdf,116,2572,421,0,0,0,0,False,2,False,False,False,False,1,NONE
speech-and-language-processing-daniel-jurafsky-and-james-h-martin-837.pdf,117,2172,381,0,1,2,0,False,1,False,False,False,True,0,Contains 1 NUL (0x00) bytes
speech-and-language-processing-daniel-jurafsky-and-james-h-martin-837.pdf,118,6314,408,0,0,0,0,False,2,False,False,False,False,2,NONE
speech-and-language-processing-daniel-jurafsky-and-james-h-martin-837.pdf,119,3089,499,0,0,0,0,False,0,False,False,False,False,0,NONE
speech-and-language-processing-daniel-jurafsky-and-james-h-martin-837.pdf,120,3625,593,0,0,0,0,False,3,False,False,False,False,0,NONE
speech-and-language-processing-daniel-jurafsky-and-james-h-martin-837.pdf,121,2125,316,4,0,0,0,False,5,False,False,False,False,2,NONE
speech-and-language-processing-daniel-jurafsky-and-james-h-martin-837.pdf,122,2969,463,2,0,0,0,False,3,False,False,False,False,1,NONE
speech-and-language-processing-daniel-jurafsky-and-james-h-martin-837.pdf,123,3756,566,0,0,0,0,False,0,False,False,False,False,0,NONE
speech-and-language-processing-daniel-jurafsky-and-james-h-martin-837.pdf,124,3461,543,0,0,0,0,False,0,False,False,False,False,0,NONE
speech-and-language-processing-daniel-jurafsky-and-james-h-martin-837.pdf,125,3396,540,0,0,0,0,False,0,False,False,False,False,0,NONE
speech-and-language-processing-daniel-jurafsky-and-james-h-martin-837.pdf,126,3751,589,0,0,0,0,False,0,False,False,False,False,0,NONE
speech-and-language-processing-daniel-jurafsky-and-james-h-martin-837.pdf,127,1647,272,0,0,0,0,False,0,False,False,False,False,0,NONE
speech-and-language-processing-daniel-jurafsky-and-james-h-martin-837.pdf,128,2768,435,0,0,0,0,False,0,False,False,False,False,0,NONE
speech-and-language-processing-daniel-jurafsky-and-james-h-martin-837.pdf,129,2200,419,2,0,0,0,False,3,False,False,False,False,1,NONE
speech-and-language-processing-daniel-jurafsky-and-james-h-martin-837.pdf,130,2222,403,2,0,0,0,False,5,False,False,False,False,1,NONE
speech-and-language-processing-daniel-jurafsky-and-james-h-martin-837.pdf,131,1946,374,3,0,1,0,False,1,False,False,False,False,2,NONE
speech-and-language-processing-daniel-jurafsky-and-james-h-martin-837.pdf,132,3329,619,0,0,0,0,False,5,False,False,False,False,1,NONE
speech-and-language-processing-daniel-jurafsky-and-james-h-martin-837.pdf,133,2224,407,0,0,0,0,False,6,False,False,False,False,2,NONE
speech-and-language-processing-daniel-jurafsky-and-james-h-martin-837.pdf,134,2916,495,0,0,0,0,False,5,False,False,False,False,1,NONE
speech-and-language-processing-daniel-jurafsky-and-james-h-martin-837.pdf,135,2850,484,0,1,2,0,False,2,False,False,False,True,1,Contains 1 NUL (0x00) bytes
speech-and-language-processing-daniel-jurafsky-and-james-h-martin-837.pdf,136,3056,518,0,0,0,0,False,0,False,False,False,False,0,NONE
speech-and-language-processing-daniel-jurafsky-and-james-h-martin-837.pdf,137,2376,415,0,0,0,0,False,0,False,False,False,False,0,NONE
speech-and-language-processing-daniel-jurafsky-and-james-h-martin-837.pdf,138,1762,332,0,0,0,0,False,2,False,False,False,False,1,NONE
speech-and-language-processing-daniel-jurafsky-and-james-h-martin-837.pdf,139,2465,394,0,0,0,0,False,4,False,False,False,False,1,NONE
speech-and-language-processing-daniel-jurafsky-and-james-h-martin-837.pdf,140,3305,594,0,0,0,0,False,0,False,False,False,False,0,NONE
speech-and-language-processing-daniel-jurafsky-and-james-h-martin-837.pdf,141,3879,769,0,0,0,0,False,8,False,False,False,False,5,NONE
speech-and-language-processing-daniel-jurafsky-and-james-h-martin-837.pdf,142,3010,513,0,0,0,0,False,1,False,False,False,False,0,NONE
speech-and-language-processing-daniel-jurafsky-and-james-h-martin-837.pdf,143,2455,390,0,0,0,0,False,2,False,False,False,False,3,NONE
speech-and-language-processing-daniel-jurafsky-and-james-h-martin-837.pdf,144,3009,523,0,0,0,0,False,3,False,False,False,False,2,NONE
speech-and-language-processing-daniel-jurafsky-and-james-h-martin-837.pdf,145,2784,470,0,0,0,0,False,0,False,False,False,False,0,NONE
speech-and-language-processing-daniel-jurafsky-and-james-h-martin-837.pdf,146,3036,565,0,0,0,0,False,0,False,False,False,False,0,NONE
speech-and-language-processing-daniel-jurafsky-and-james-h-martin-837.pdf,147,2583,450,0,0,0,0,False,1,False,False,False,False,0,NONE
speech-and-language-processing-daniel-jurafsky-and-james-h-martin-837.pdf,148,2364,408,0,0,0,0,False,3,False,False,False,False,1,NONE
speech-and-language-processing-daniel-jurafsky-and-james-h-martin-837.pdf,149,2572,371,0,0,0,0,False,5,False,False,False,False,2,NONE
speech-and-language-processing-daniel-jurafsky-and-james-h-martin-837.pdf,150,2032,352,0,0,0,0,False,3,False,False,False,False,1,NONE
speech-and-language-processing-daniel-jurafsky-and-james-h-martin-837.pdf,151,1524,283,0,0,9,0,False,0,False,False,False,False,0,NONE
speech-and-language-processing-daniel-jurafsky-and-james-h-martin-837.pdf,152,3113,501,0,0,0,0,False,0,False,False,False,False,0,NONE
speech-and-language-processing-daniel-jurafsky-and-james-h-martin-837.pdf,153,2328,362,0,0,0,0,False,0,False,False,False,False,0,NONE
speech-and-language-processing-daniel-jurafsky-and-james-h-martin-837.pdf,154,2769,446,2,0,0,0,False,0,False,False,False,False,0,NONE
speech-and-language-processing-daniel-jurafsky-and-james-h-martin-837.pdf,155,3855,653,0,0,0,0,False,1,False,False,False,False,0,NONE
speech-and-language-processing-daniel-jurafsky-and-james-h-martin-837.pdf,156,2318,357,12,0,0,0,False,6,False,False,False,False,2,NONE
speech-and-language-processing-daniel-jurafsky-and-james-h-martin-837.pdf,157,2857,451,0,0,0,0,False,3,False,False,False,False,1,NONE
speech-and-language-processing-daniel-jurafsky-and-james-h-martin-837.pdf,158,3700,610,0,0,0,0,False,0,False,False,False,False,0,NONE
speech-and-language-processing-daniel-jurafsky-and-james-h-martin-837.pdf,159,2488,403,4,0,0,0,False,4,False,False,False,False,1,NONE
speech-and-language-processing-daniel-jurafsky-and-james-h-martin-837.pdf,160,2863,441,4,0,0,0,False,3,False,False,False,False,1,NONE
speech-and-language-processing-daniel-jurafsky-and-james-h-martin-837.pdf,161,2868,477,0,0,0,0,False,1,False,False,False,False,0,NONE
speech-and-language-processing-daniel-jurafsky-and-james-h-martin-837.pdf,162,2401,372,0,0,0,0,False,0,False,False,False,False,0,NONE
speech-and-language-processing-daniel-jurafsky-and-james-h-martin-837.pdf,163,3007,502,4,0,0,0,False,3,False,False,False,False,1,NONE
speech-and-language-processing-daniel-jurafsky-and-james-h-martin-837.pdf,164,3065,495,4,0,0,0,False,1,False,False,False,False,1,NONE
speech-and-language-processing-daniel-jurafsky-and-james-h-martin-837.pdf,165,2611,409,5,0,0,0,False,2,False,False,False,False,1,NONE
speech-and-language-processing-daniel-jurafsky-and-james-h-martin-837.pdf,166,3319,507,4,0,0,0,False,7,False,False,False,False,1,NONE
speech-and-language-processing-daniel-jurafsky-and-james-h-martin-837.pdf,167,2645,423,0,0,0,0,False,2,False,False,False,False,1,NONE
speech-and-language-processing-daniel-jurafsky-and-james-h-martin-837.pdf,168,2992,459,18,0,0,0,False,2,False,False,False,False,1,NONE
speech-and-language-processing-daniel-jurafsky-and-james-h-martin-837.pdf,169,3546,464,0,0,0,0,False,4,False,False,False,False,1,NONE
speech-and-language-processing-daniel-jurafsky-and-james-h-martin-837.pdf,170,2809,443,1,0,0,0,False,3,False,False,False,False,1,NONE
speech-and-language-processing-daniel-jurafsky-and-james-h-martin-837.pdf,171,3307,539,0,0,0,0,False,1,False,False,False,False,0,NONE
speech-and-language-processing-daniel-jurafsky-and-james-h-martin-837.pdf,172,2515,421,38,0,0,0,False,2,False,False,False,False,3,NONE
speech-and-language-processing-daniel-jurafsky-and-james-h-martin-837.pdf,173,3105,499,0,0,0,0,False,0,False,False,False,False,0,NONE
speech-and-language-processing-daniel-jurafsky-and-james-h-martin-837.pdf,174,2407,418,0,0,0,0,False,2,False,False,False,False,0,NONE
speech-and-language-processing-daniel-jurafsky-and-james-h-martin-837.pdf,175,3115,498,2,0,0,0,False,0,False,False,False,False,0,NONE
speech-and-language-processing-daniel-jurafsky-and-james-h-martin-837.pdf,176,4014,627,0,0,0,0,False,0,False,False,False,False,0,NONE
speech-and-language-processing-daniel-jurafsky-and-james-h-martin-837.pdf,177,3483,549,0,0,0,0,False,0,False,False,False,False,0,NONE
speech-and-language-processing-daniel-jurafsky-and-james-h-martin-837.pdf,178,3117,490,0,0,0,0,False,0,False,False,False,False,0,NONE
speech-and-language-processing-daniel-jurafsky-and-james-h-martin-837.pdf,179,3772,603,0,0,0,0,False,0,False,False,False,False,0,NONE
speech-and-language-processing-daniel-jurafsky-and-james-h-martin-837.pdf,180,549,91,0,0,0,0,False,0,False,False,False,False,0,NONE
speech-and-language-processing-daniel-jurafsky-and-james-h-martin-837.pdf,181,1957,286,4,0,0,0,False,3,False,False,False,False,1,NONE
speech-and-language-processing-daniel-jurafsky-and-james-h-martin-837.pdf,182,3623,591,0,0,0,0,False,0,False,False,False,False,0,NONE
speech-and-language-processing-daniel-jurafsky-and-james-h-martin-837.pdf,183,2782,490,16,0,0,0,False,2,False,False,False,False,1,NONE
speech-and-language-processing-daniel-jurafsky-and-james-h-martin-837.pdf,184,3039,472,0,0,0,0,False,3,False,False,False,False,1,NONE
speech-and-language-processing-daniel-jurafsky-and-james-h-martin-837.pdf,185,3217,551,2,0,0,0,False,4,False,False,False,False,1,NONE
speech-and-language-processing-daniel-jurafsky-and-james-h-martin-837.pdf,186,3027,533,0,0,0,0,False,1,False,False,False,False,0,NONE
speech-and-language-processing-daniel-jurafsky-and-james-h-martin-837.pdf,187,3455,561,0,0,0,0,False,0,False,False,False,False,2,NONE
speech-and-language-processing-daniel-jurafsky-and-james-h-martin-837.pdf,188,2919,511,0,0,0,0,False,2,False,False,False,False,0,NONE
speech-and-language-processing-daniel-jurafsky-and-james-h-martin-837.pdf,189,2240,366,6,0,0,0,False,4,False,False,False,False,3,NONE
speech-and-language-processing-daniel-jurafsky-and-james-h-martin-837.pdf,190,2549,453,0,0,2,0,False,0,False,False,False,False,0,NONE
speech-and-language-processing-daniel-jurafsky-and-james-h-martin-837.pdf,191,2867,463,0,0,0,0,False,3,False,False,False,False,1,NONE
speech-and-language-processing-daniel-jurafsky-and-james-h-martin-837.pdf,192,3862,463,0,0,4,0,False,3,False,False,False,False,2,NONE
speech-and-language-processing-daniel-jurafsky-and-james-h-martin-837.pdf,193,5098,648,0,0,0,0,False,6,False,False,False,False,6,NONE
speech-and-language-processing-daniel-jurafsky-and-james-h-martin-837.pdf,194,2983,540,0,0,4,0,False,2,False,False,False,False,0,NONE
speech-and-language-processing-daniel-jurafsky-and-james-h-martin-837.pdf,195,3257,588,0,0,0,0,False,5,False,False,False,False,2,NONE
speech-and-language-processing-daniel-jurafsky-and-james-h-martin-837.pdf,196,3272,598,2,0,0,0,False,5,False,False,False,False,4,NONE
speech-and-language-processing-daniel-jurafsky-and-james-h-martin-837.pdf,197,3521,612,0,0,0,0,False,2,False,False,False,False,0,NONE
speech-and-language-processing-daniel-jurafsky-and-james-h-martin-837.pdf,198,2567,414,0,0,0,0,False,3,False,False,False,False,2,NONE
speech-and-language-processing-daniel-jurafsky-and-james-h-martin-837.pdf,199,1598,220,10,0,0,0,False,2,False,False,False,False,1,NONE
speech-and-language-processing-daniel-jurafsky-and-james-h-martin-837.pdf,200,3032,505,0,0,0,0,False,1,False,False,False,False,0,NONE
speech-and-language-processing-daniel-jurafsky-and-james-h-martin-837.pdf,201,2169,333,16,0,0,0,False,1,False,False,False,False,1,NONE
speech-and-language-processing-daniel-jurafsky-and-james-h-martin-837.pdf,202,2512,459,0,0,8,0,False,3,False,False,False,False,0,NONE
speech-and-language-processing-daniel-jurafsky-and-james-h-martin-837.pdf,203,3272,549,0,0,0,0,False,5,False,False,False,False,3,NONE
speech-and-language-processing-daniel-jurafsky-and-james-h-martin-837.pdf,204,2299,358,0,0,0,0,False,2,False,False,False,False,1,NONE
speech-and-language-processing-daniel-jurafsky-and-james-h-martin-837.pdf,205,3050,499,2,0,0,0,False,3,False,False,False,False,1,NONE
speech-and-language-processing-daniel-jurafsky-and-james-h-martin-837.pdf,206,2810,458,0,0,0,0,False,0,False,False,False,False,0,NONE
speech-and-language-processing-daniel-jurafsky-and-james-h-martin-837.pdf,207,2977,476,0,0,0,0,False,0,False,False,False,False,0,NONE
speech-and-language-processing-daniel-jurafsky-and-james-h-martin-837.pdf,208,3693,596,4,0,0,0,False,4,False,False,False,False,1,NONE
speech-and-language-processing-daniel-jurafsky-and-james-h-martin-837.pdf,209,5137,511,0,0,6,0,False,4,False,False,False,False,3,NONE
speech-and-language-processing-daniel-jurafsky-and-james-h-martin-837.pdf,210,3063,510,0,0,0,0,False,0,False,False,False,False,0,NONE
speech-and-language-processing-daniel-jurafsky-and-james-h-martin-837.pdf,211,2836,489,8,0,0,0,False,2,False,False,False,False,0,NONE
speech-and-language-processing-daniel-jurafsky-and-james-h-martin-837.pdf,212,3186,542,0,0,0,0,False,2,False,False,False,False,0,NONE
speech-and-language-processing-daniel-jurafsky-and-james-h-martin-837.pdf,213,3191,388,8,0,0,0,False,1,False,False,False,False,1,NONE
speech-and-language-processing-daniel-jurafsky-and-james-h-martin-837.pdf,214,3338,532,0,0,0,0,False,0,False,False,False,False,0,NONE
speech-and-language-processing-daniel-jurafsky-and-james-h-martin-837.pdf,215,2317,409,4,0,0,0,False,1,False,False,False,False,1,NONE
speech-and-language-processing-daniel-jurafsky-and-james-h-martin-837.pdf,216,2768,462,1,0,0,0,False,4,False,False,False,False,1,NONE
speech-and-language-processing-daniel-jurafsky-and-james-h-martin-837.pdf,217,2985,455,0,0,0,0,False,4,False,False,False,False,2,NONE
speech-and-language-processing-daniel-jurafsky-and-james-h-martin-837.pdf,218,2592,429,2,0,0,0,False,2,False,False,False,False,1,NONE
speech-and-language-processing-daniel-jurafsky-and-james-h-martin-837.pdf,219,3265,515,0,0,0,0,False,0,False,False,False,False,0,NONE
speech-and-language-processing-daniel-jurafsky-and-james-h-martin-837.pdf,220,2668,422,8,0,0,0,False,2,False,False,False,False,0,NONE
speech-and-language-processing-daniel-jurafsky-and-james-h-martin-837.pdf,221,2602,422,0,0,0,0,False,0,False,False,False,False,0,NONE
speech-and-language-processing-daniel-jurafsky-and-james-h-martin-837.pdf,222,3873,609,0,0,0,0,False,5,False,False,False,False,2,NONE
speech-and-language-processing-daniel-jurafsky-and-james-h-martin-837.pdf,223,2186,325,20,0,0,0,False,3,False,False,False,False,1,NONE
speech-and-language-processing-daniel-jurafsky-and-james-h-martin-837.pdf,224,2883,485,0,0,0,0,False,1,False,False,False,False,0,NONE
speech-and-language-processing-daniel-jurafsky-and-james-h-martin-837.pdf,225,1313,200,0,0,0,0,False,0,False,False,False,False,0,NONE
speech-and-language-processing-daniel-jurafsky-and-james-h-martin-837.pdf,226,2763,449,0,0,0,0,False,0,False,False,False,False,0,NONE
speech-and-language-processing-daniel-jurafsky-and-james-h-martin-837.pdf,227,3601,575,0,0,0,0,False,1,False,False,False,False,0,NONE
speech-and-language-processing-daniel-jurafsky-and-james-h-martin-837.pdf,228,2334,297,58,0,0,0,False,1,False,False,False,False,1,NONE
speech-and-language-processing-daniel-jurafsky-and-james-h-martin-837.pdf,229,3929,540,0,0,0,0,False,5,False,False,False,False,1,NONE
speech-and-language-processing-daniel-jurafsky-and-james-h-martin-837.pdf,230,2400,367,0,0,0,0,False,3,False,False,False,False,0,NONE
speech-and-language-processing-daniel-jurafsky-and-james-h-martin-837.pdf,231,3416,554,0,0,0,0,False,1,False,False,False,False,0,NONE
speech-and-language-processing-daniel-jurafsky-and-james-h-martin-837.pdf,232,2779,458,0,1,2,0,False,0,False,False,False,True,0,Contains 1 NUL (0x00) bytes
speech-and-language-processing-daniel-jurafsky-and-james-h-martin-837.pdf,233,1785,277,4,0,0,0,False,2,False,False,False,False,1,NONE
speech-and-language-processing-daniel-jurafsky-and-james-h-martin-837.pdf,234,2596,415,0,0,4,0,False,0,False,False,False,False,0,NONE
speech-and-language-processing-daniel-jurafsky-and-james-h-martin-837.pdf,235,2039,331,0,0,0,0,False,1,False,False,False,False,0,NONE
speech-and-language-processing-daniel-jurafsky-and-james-h-martin-837.pdf,236,2440,377,50,0,0,0,False,2,False,False,False,False,1,NONE
speech-and-language-processing-daniel-jurafsky-and-james-h-martin-837.pdf,237,2383,360,26,0,0,0,False,1,False,False,False,False,1,NONE
speech-and-language-processing-daniel-jurafsky-and-james-h-martin-837.pdf,238,2386,381,0,0,4,0,False,0,False,False,False,False,0,NONE
speech-and-language-processing-daniel-jurafsky-and-james-h-martin-837.pdf,239,2134,317,30,0,8,0,False,2,False,False,False,False,1,NONE
speech-and-language-processing-daniel-jurafsky-and-james-h-martin-837.pdf,240,2669,418,0,0,0,0,False,2,False,False,False,False,0,NONE
speech-and-language-processing-daniel-jurafsky-and-james-h-martin-837.pdf,241,3763,800,6,0,0,0,False,4,False,False,False,False,4,NONE
speech-and-language-processing-daniel-jurafsky-and-james-h-martin-837.pdf,242,102,13,0,0,0,0,False,0,False,False,False,False,0,NONE
speech-and-language-processing-daniel-jurafsky-and-james-h-martin-837.pdf,243,2731,439,0,0,0,0,False,0,False,False,False,False,0,NONE
speech-and-language-processing-daniel-jurafsky-and-james-h-martin-837.pdf,244,3936,639,0,0,0,0,False,0,False,False,False,False,0,NONE
speech-and-language-processing-daniel-jurafsky-and-james-h-martin-837.pdf,245,4019,522,28,0,0,0,False,3,False,False,False,False,3,NONE
speech-and-language-processing-daniel-jurafsky-and-james-h-martin-837.pdf,246,4753,541,0,0,0,0,False,7,False,False,False,False,1,NONE
speech-and-language-processing-daniel-jurafsky-and-james-h-martin-837.pdf,247,10396,1233,0,0,0,0,False,22,False,False,False,False,2,NONE
speech-and-language-processing-daniel-jurafsky-and-james-h-martin-837.pdf,248,2559,459,0,0,0,0,False,0,False,False,False,False,1,NONE
speech-and-language-processing-daniel-jurafsky-and-james-h-martin-837.pdf,249,2800,491,0,0,0,0,False,1,False,False,False,False,1,NONE
speech-and-language-processing-daniel-jurafsky-and-james-h-martin-837.pdf,250,2347,418,0,0,0,0,False,2,False,False,False,False,1,NONE
speech-and-language-processing-daniel-jurafsky-and-james-h-martin-837.pdf,251,3105,556,0,0,6,0,False,0,False,False,False,False,1,NONE
speech-and-language-processing-daniel-jurafsky-and-james-h-martin-837.pdf,252,3427,573,0,0,0,0,False,6,False,False,False,False,0,NONE
speech-and-language-processing-daniel-jurafsky-and-james-h-martin-837.pdf,253,2178,139,0,0,0,0,False,4,False,False,False,False,2,NONE
speech-and-language-processing-daniel-jurafsky-and-james-h-martin-837.pdf,254,1896,255,7,0,0,0,False,6,False,False,False,False,2,NONE
speech-and-language-processing-daniel-jurafsky-and-james-h-martin-837.pdf,255,3304,557,0,0,0,0,False,3,False,False,False,False,0,NONE
speech-and-language-processing-daniel-jurafsky-and-james-h-martin-837.pdf,256,2840,468,6,0,0,0,False,3,False,False,False,False,1,NONE
speech-and-language-processing-daniel-jurafsky-and-james-h-martin-837.pdf,257,2660,409,4,0,0,0,False,2,False,False,False,False,1,NONE
speech-and-language-processing-daniel-jurafsky-and-james-h-martin-837.pdf,258,3301,511,12,0,0,0,False,4,False,False,False,False,1,NONE
speech-and-language-processing-daniel-jurafsky-and-james-h-martin-837.pdf,259,2802,471,0,0,0,0,False,0,False,False,False,False,0,NONE
speech-and-language-processing-daniel-jurafsky-and-james-h-martin-837.pdf,260,3323,540,0,0,0,0,False,0,False,False,False,False,0,NONE
speech-and-language-processing-daniel-jurafsky-and-james-h-martin-837.pdf,261,2092,337,0,0,0,0,False,2,False,False,False,False,0,NONE
speech-and-language-processing-daniel-jurafsky-and-james-h-martin-837.pdf,262,2706,444,0,0,0,0,False,0,False,False,False,False,0,NONE
speech-and-language-processing-daniel-jurafsky-and-james-h-martin-837.pdf,263,2513,422,0,0,0,0,False,0,False,False,False,False,0,NONE
speech-and-language-processing-daniel-jurafsky-and-james-h-martin-837.pdf,264,3328,534,0,0,0,0,False,0,False,False,False,False,0,NONE
speech-and-language-processing-daniel-jurafsky-and-james-h-martin-837.pdf,265,1395,217,0,0,0,0,False,0,False,False,False,False,0,NONE
speech-and-language-processing-daniel-jurafsky-and-james-h-martin-837.pdf,266,2995,476,2,0,0,0,False,0,False,False,False,False,0,NONE
speech-and-language-processing-daniel-jurafsky-and-james-h-martin-837.pdf,267,3373,523,0,0,0,0,False,0,False,False,False,False,0,NONE
speech-and-language-processing-daniel-jurafsky-and-james-h-martin-837.pdf,268,2099,323,1,0,0,0,False,2,False,False,False,False,0,NONE
speech-and-language-processing-daniel-jurafsky-and-james-h-martin-837.pdf,269,2909,456,0,0,0,0,False,3,False,False,False,False,1,NONE
speech-and-language-processing-daniel-jurafsky-and-james-h-martin-837.pdf,270,3173,483,0,0,0,0,False,3,False,False,False,False,1,NONE
speech-and-language-processing-daniel-jurafsky-and-james-h-martin-837.pdf,271,3144,486,0,0,0,0,False,0,False,False,False,False,0,NONE
speech-and-language-processing-daniel-jurafsky-and-james-h-martin-837.pdf,272,2951,470,0,0,0,0,False,1,False,False,False,False,0,NONE
speech-and-language-processing-daniel-jurafsky-and-james-h-martin-837.pdf,273,3731,566,0,0,0,0,False,0,False,False,False,False,1,NONE
speech-and-language-processing-daniel-jurafsky-and-james-h-martin-837.pdf,274,8293,1216,0,0,0,0,False,3,False,False,False,False,2,NONE
speech-and-language-processing-daniel-jurafsky-and-james-h-martin-837.pdf,275,3028,471,0,0,0,0,False,3,False,False,False,False,1,NONE
speech-and-language-processing-daniel-jurafsky-and-james-h-martin-837.pdf,276,2353,373,0,0,2,0,False,2,False,False,False,False,1,NONE
speech-and-language-processing-daniel-jurafsky-and-james-h-martin-837.pdf,277,2611,432,0,0,0,0,False,3,False,False,False,False,1,NONE
speech-and-language-processing-daniel-jurafsky-and-james-h-martin-837.pdf,278,2603,440,0,0,0,0,False,2,False,False,False,False,1,NONE
speech-and-language-processing-daniel-jurafsky-and-james-h-martin-837.pdf,279,2896,480,0,0,0,0,False,6,False,False,False,False,1,NONE
speech-and-language-processing-daniel-jurafsky-and-james-h-martin-837.pdf,280,1910,227,0,0,0,0,False,1,False,False,False,False,1,NONE
speech-and-language-processing-daniel-jurafsky-and-james-h-martin-837.pdf,281,3045,483,0,0,0,0,False,0,False,False,False,False,0,NONE
speech-and-language-processing-daniel-jurafsky-and-james-h-martin-837.pdf,282,3385,540,0,0,0,0,False,0,False,False,False,False,0,NONE
speech-and-language-processing-daniel-jurafsky-and-james-h-martin-837.pdf,283,3137,492,0,0,0,0,False,0,False,False,False,False,0,NONE
speech-and-language-processing-daniel-jurafsky-and-james-h-martin-837.pdf,284,3551,564,0,0,0,0,False,0,False,False,False,False,0,NONE
speech-and-language-processing-daniel-jurafsky-and-james-h-martin-837.pdf,285,2302,402,0,0,0,0,False,0,False,False,False,False,1,NONE
speech-and-language-processing-daniel-jurafsky-and-james-h-martin-837.pdf,286,3507,562,0,0,0,0,False,0,False,False,False,False,0,NONE
speech-and-language-processing-daniel-jurafsky-and-james-h-martin-837.pdf,287,9611,536,6,0,0,0,False,4,False,False,False,False,1,NONE
speech-and-language-processing-daniel-jurafsky-and-james-h-martin-837.pdf,288,2988,444,0,0,0,0,False,2,False,False,False,False,1,NONE
speech-and-language-processing-daniel-jurafsky-and-james-h-martin-837.pdf,289,3527,549,0,0,0,0,False,1,False,False,False,False,0,NONE
speech-and-language-processing-daniel-jurafsky-and-james-h-martin-837.pdf,290,3331,509,0,0,0,0,False,1,False,False,False,False,1,NONE
speech-and-language-processing-daniel-jurafsky-and-james-h-martin-837.pdf,291,1897,295,0,0,0,0,False,0,False,False,False,False,0,NONE
speech-and-language-processing-daniel-jurafsky-and-james-h-martin-837.pdf,292,2807,455,0,0,0,0,False,1,False,False,False,False,0,NONE
speech-and-language-processing-daniel-jurafsky-and-james-h-martin-837.pdf,293,2717,448,0,0,0,0,False,5,False,False,False,False,2,NONE
speech-and-language-processing-daniel-jurafsky-and-james-h-martin-837.pdf,294,2707,471,0,0,0,0,False,6,False,False,False,False,1,NONE
speech-and-language-processing-daniel-jurafsky-and-james-h-martin-837.pdf,295,2255,351,0,0,0,0,False,3,False,False,False,False,1,NONE
speech-and-language-processing-daniel-jurafsky-and-james-h-martin-837.pdf,296,2363,390,0,0,0,0,False,3,False,False,False,False,1,NONE
speech-and-language-processing-daniel-jurafsky-and-james-h-martin-837.pdf,297,2678,486,0,0,0,0,False,0,False,False,False,False,0,NONE
speech-and-language-processing-daniel-jurafsky-and-james-h-martin-837.pdf,298,2968,457,2,0,0,0,False,2,False,False,False,False,1,NONE
speech-and-language-processing-daniel-jurafsky-and-james-h-martin-837.pdf,299,2966,492,0,0,0,0,False,1,False,False,False,False,0,NONE
speech-and-language-processing-daniel-jurafsky-and-james-h-martin-837.pdf,300,2161,336,4,0,0,0,False,5,False,False,False,False,2,NONE
speech-and-language-processing-daniel-jurafsky-and-james-h-martin-837.pdf,301,3489,599,0,0,0,0,False,1,False,False,False,False,0,NONE
speech-and-language-processing-daniel-jurafsky-and-james-h-martin-837.pdf,302,2256,343,2,0,0,0,False,2,False,False,False,False,1,NONE
speech-and-language-processing-daniel-jurafsky-and-james-h-martin-837.pdf,303,2219,390,4,0,0,0,False,2,False,False,False,False,1,NONE
speech-and-language-processing-daniel-jurafsky-and-james-h-martin-837.pdf,304,2686,402,4,0,0,0,False,5,False,False,False,False,3,NONE
speech-and-language-processing-daniel-jurafsky-and-james-h-martin-837.pdf,305,2775,422,4,0,0,0,False,2,False,False,False,False,2,NONE
speech-and-language-processing-daniel-jurafsky-and-james-h-martin-837.pdf,306,2887,506,0,0,0,0,False,1,False,False,False,False,0,NONE
speech-and-language-processing-daniel-jurafsky-and-james-h-martin-837.pdf,307,2205,343,0,0,0,0,False,5,False,False,False,False,2,NONE
speech-and-language-processing-daniel-jurafsky-and-james-h-martin-837.pdf,308,2171,347,0,0,0,0,False,3,False,False,False,False,1,NONE
speech-and-language-processing-daniel-jurafsky-and-james-h-martin-837.pdf,309,3086,485,0,0,0,0,False,3,False,False,False,False,1,NONE
speech-and-language-processing-daniel-jurafsky-and-james-h-martin-837.pdf,310,3205,540,0,0,0,0,False,2,False,False,False,False,0,NONE
speech-and-language-processing-daniel-jurafsky-and-james-h-martin-837.pdf,311,2684,426,0,0,0,0,False,5,False,False,False,False,5,NONE
speech-and-language-processing-daniel-jurafsky-and-james-h-martin-837.pdf,312,2818,479,0,0,0,0,False,4,False,False,False,False,0,NONE
speech-and-language-processing-daniel-jurafsky-and-james-h-martin-837.pdf,313,2594,424,0,0,0,0,False,5,False,False,False,False,2,NONE
speech-and-language-processing-daniel-jurafsky-and-james-h-martin-837.pdf,314,2715,469,0,0,0,0,False,3,False,False,False,False,1,NONE
speech-and-language-processing-daniel-jurafsky-and-james-h-martin-837.pdf,315,2422,402,0,0,0,0,False,3,False,False,False,False,1,NONE
speech-and-language-processing-daniel-jurafsky-and-james-h-martin-837.pdf,316,3333,487,0,0,0,0,False,0,False,False,False,False,0,NONE
speech-and-language-processing-daniel-jurafsky-and-james-h-martin-837.pdf,317,1239,197,0,0,0,0,False,0,False,False,False,False,0,NONE
speech-and-language-processing-daniel-jurafsky-and-james-h-martin-837.pdf,318,2982,467,0,0,0,0,False,1,False,False,False,False,0,NONE
speech-and-language-processing-daniel-jurafsky-and-james-h-martin-837.pdf,319,3162,559,0,0,0,0,False,1,False,False,False,False,1,NONE
speech-and-language-processing-daniel-jurafsky-and-james-h-martin-837.pdf,320,3906,578,0,0,0,0,False,6,False,False,False,False,2,NONE
speech-and-language-processing-daniel-jurafsky-and-james-h-martin-837.pdf,321,2151,365,1,0,0,0,False,3,False,False,False,False,1,NONE
speech-and-language-processing-daniel-jurafsky-and-james-h-martin-837.pdf,322,2955,492,6,0,0,0,False,1,False,False,False,False,1,NONE
speech-and-language-processing-daniel-jurafsky-and-james-h-martin-837.pdf,323,3351,583,18,0,0,0,False,3,False,False,False,False,1,NONE
speech-and-language-processing-daniel-jurafsky-and-james-h-martin-837.pdf,324,1944,312,1,0,0,0,False,3,False,False,False,False,2,NONE
speech-and-language-processing-daniel-jurafsky-and-james-h-martin-837.pdf,325,3328,553,0,0,0,0,False,0,False,False,False,False,0,NONE
speech-and-language-processing-daniel-jurafsky-and-james-h-martin-837.pdf,326,3139,514,0,0,0,0,False,0,False,False,False,False,0,NONE
speech-and-language-processing-daniel-jurafsky-and-james-h-martin-837.pdf,327,2333,316,0,0,0,0,False,5,False,False,False,False,2,NONE
speech-and-language-processing-daniel-jurafsky-and-james-h-martin-837.pdf,328,3169,544,0,0,0,0,False,9,False,False,False,False,1,NONE
speech-and-language-processing-daniel-jurafsky-and-james-h-martin-837.pdf,329,3244,519,0,0,0,0,False,4,False,False,False,False,1,NONE
speech-and-language-processing-daniel-jurafsky-and-james-h-martin-837.pdf,330,2840,495,0,0,0,0,False,6,False,False,False,False,2,NONE
speech-and-language-processing-daniel-jurafsky-and-james-h-martin-837.pdf,331,2304,377,0,0,0,0,False,3,False,False,False,False,2,NONE
speech-and-language-processing-daniel-jurafsky-and-james-h-martin-837.pdf,332,3284,530,0,0,0,0,False,8,False,False,False,False,2,NONE
speech-and-language-processing-daniel-jurafsky-and-james-h-martin-837.pdf,333,2388,413,0,0,0,0,False,10,False,False,False,False,1,NONE
speech-and-language-processing-daniel-jurafsky-and-james-h-martin-837.pdf,334,2090,327,0,0,0,0,False,14,False,False,False,False,3,NONE
speech-and-language-processing-daniel-jurafsky-and-james-h-martin-837.pdf,335,3175,527,1,0,0,0,False,5,False,False,False,False,1,NONE
speech-and-language-processing-daniel-jurafsky-and-james-h-martin-837.pdf,336,2754,427,1,0,0,0,False,12,False,False,False,False,3,NONE
speech-and-language-processing-daniel-jurafsky-and-james-h-martin-837.pdf,337,2695,431,18,0,0,0,False,3,False,False,False,False,4,NONE
speech-and-language-processing-daniel-jurafsky-and-james-h-martin-837.pdf,338,3464,562,0,0,0,0,False,6,False,False,False,False,1,NONE
speech-and-language-processing-daniel-jurafsky-and-james-h-martin-837.pdf,339,3554,571,0,0,0,0,False,1,False,False,False,False,0,NONE
speech-and-language-processing-daniel-jurafsky-and-james-h-martin-837.pdf,340,1154,159,2,0,2,0,False,3,False,False,False,False,2,NONE
speech-and-language-processing-daniel-jurafsky-and-james-h-martin-837.pdf,341,2654,420,0,0,0,0,False,3,False,False,False,False,1,NONE
speech-and-language-processing-daniel-jurafsky-and-james-h-martin-837.pdf,342,3200,451,0,0,0,0,False,3,False,False,False,False,4,NONE
speech-and-language-processing-daniel-jurafsky-and-james-h-martin-837.pdf,343,3586,604,0,0,0,0,False,6,False,False,False,False,1,NONE
speech-and-language-processing-daniel-jurafsky-and-james-h-martin-837.pdf,344,3028,514,0,0,0,0,False,0,False,False,False,False,0,NONE
speech-and-language-processing-daniel-jurafsky-and-james-h-martin-837.pdf,345,3566,560,0,0,0,0,False,0,False,False,False,False,0,NONE
speech-and-language-processing-daniel-jurafsky-and-james-h-martin-837.pdf,346,1903,319,0,0,0,0,False,0,False,False,False,False,0,NONE
speech-and-language-processing-daniel-jurafsky-and-james-h-martin-837.pdf,347,2169,353,1,0,0,0,False,0,False,False,False,False,0,NONE
speech-and-language-processing-daniel-jurafsky-and-james-h-martin-837.pdf,348,3789,606,0,0,0,0,False,0,False,False,False,False,0,NONE
speech-and-language-processing-daniel-jurafsky-and-james-h-martin-837.pdf,349,3978,605,0,0,0,0,False,1,False,False,False,False,0,NONE
speech-and-language-processing-daniel-jurafsky-and-james-h-martin-837.pdf,350,3517,460,0,0,0,0,False,1,False,False,False,False,1,NONE
speech-and-language-processing-daniel-jurafsky-and-james-h-martin-837.pdf,351,2719,487,0,0,0,0,False,3,False,False,False,False,1,NONE
speech-and-language-processing-daniel-jurafsky-and-james-h-martin-837.pdf,352,2506,462,0,0,0,0,False,3,False,False,False,False,1,NONE
speech-and-language-processing-daniel-jurafsky-and-james-h-martin-837.pdf,353,3777,449,0,0,0,0,False,3,False,False,False,False,2,NONE
speech-and-language-processing-daniel-jurafsky-and-james-h-martin-837.pdf,354,2518,398,0,0,0,0,False,3,False,False,False,False,1,NONE
speech-and-language-processing-daniel-jurafsky-and-james-h-martin-837.pdf,355,2439,338,7,0,0,0,False,1,False,False,False,False,3,NONE
speech-and-language-processing-daniel-jurafsky-and-james-h-martin-837.pdf,356,3737,626,0,0,0,0,False,0,False,False,False,False,0,NONE
speech-and-language-processing-daniel-jurafsky-and-james-h-martin-837.pdf,357,2207,341,0,0,2,0,False,2,False,False,False,False,1,NONE
speech-and-language-processing-daniel-jurafsky-and-james-h-martin-837.pdf,358,2917,478,0,0,0,0,False,0,False,False,False,False,0,NONE
speech-and-language-processing-daniel-jurafsky-and-james-h-martin-837.pdf,359,2278,366,0,0,0,0,False,2,False,False,False,False,1,NONE
speech-and-language-processing-daniel-jurafsky-and-james-h-martin-837.pdf,360,3282,551,0,0,0,0,False,2,False,False,False,False,0,NONE
speech-and-language-processing-daniel-jurafsky-and-james-h-martin-837.pdf,361,3341,347,0,0,0,0,False,5,False,False,False,False,3,NONE
speech-and-language-processing-daniel-jurafsky-and-james-h-martin-837.pdf,362,2629,456,0,0,0,0,False,2,False,False,False,False,1,NONE
speech-and-language-processing-daniel-jurafsky-and-james-h-martin-837.pdf,363,3043,514,0,0,0,0,False,2,False,False,False,False,0,NONE
speech-and-language-processing-daniel-jurafsky-and-james-h-martin-837.pdf,364,3376,415,0,0,0,0,False,7,False,False,False,False,6,NONE
speech-and-language-processing-daniel-jurafsky-and-james-h-martin-837.pdf,365,2350,406,0,0,0,0,False,4,False,False,False,False,1,NONE
speech-and-language-processing-daniel-jurafsky-and-james-h-martin-837.pdf,366,2333,375,0,0,0,0,False,1,False,False,False,False,0,NONE
speech-and-language-processing-daniel-jurafsky-and-james-h-martin-837.pdf,367,2413,391,0,0,0,0,False,2,False,False,False,False,1,NONE
speech-and-language-processing-daniel-jurafsky-and-james-h-martin-837.pdf,368,2755,417,0,0,0,0,False,2,False,False,False,False,1,NONE
speech-and-language-processing-daniel-jurafsky-and-james-h-martin-837.pdf,369,2755,497,0,0,0,0,False,0,False,False,False,False,0,NONE
speech-and-language-processing-daniel-jurafsky-and-james-h-martin-837.pdf,370,2948,473,0,0,0,0,False,0,False,False,False,False,0,NONE
speech-and-language-processing-daniel-jurafsky-and-james-h-martin-837.pdf,371,3959,593,0,0,0,0,False,0,False,False,False,False,0,NONE
speech-and-language-processing-daniel-jurafsky-and-james-h-martin-837.pdf,372,3178,513,0,0,0,0,False,0,False,False,False,False,0,NONE
speech-and-language-processing-daniel-jurafsky-and-james-h-martin-837.pdf,373,2353,398,2,0,0,0,False,0,False,False,False,False,0,NONE
speech-and-language-processing-daniel-jurafsky-and-james-h-martin-837.pdf,374,2450,420,1,0,0,0,False,2,False,False,False,False,1,NONE
speech-and-language-processing-daniel-jurafsky-and-james-h-martin-837.pdf,375,3334,498,0,0,0,0,False,3,False,False,False,False,1,NONE
speech-and-language-processing-daniel-jurafsky-and-james-h-martin-837.pdf,376,2850,448,0,0,0,0,False,3,False,False,False,False,2,NONE
speech-and-language-processing-daniel-jurafsky-and-james-h-martin-837.pdf,377,3708,628,0,0,0,0,False,1,False,False,False,False,0,NONE
speech-and-language-processing-daniel-jurafsky-and-james-h-martin-837.pdf,378,2779,461,0,0,0,0,False,3,False,False,False,False,1,NONE
speech-and-language-processing-daniel-jurafsky-and-james-h-martin-837.pdf,379,2696,469,1,0,0,0,False,4,False,False,False,False,1,NONE
speech-and-language-processing-daniel-jurafsky-and-james-h-martin-837.pdf,380,2883,475,0,0,0,0,False,3,False,False,False,False,1,NONE
speech-and-language-processing-daniel-jurafsky-and-james-h-martin-837.pdf,381,2438,363,0,0,0,0,False,2,False,False,False,False,4,NONE
speech-and-language-processing-daniel-jurafsky-and-james-h-martin-837.pdf,382,2391,399,1,0,0,0,False,4,False,False,False,False,1,NONE
speech-and-language-processing-daniel-jurafsky-and-james-h-martin-837.pdf,383,1683,289,1,0,0,0,False,4,False,False,False,False,1,NONE
speech-and-language-processing-daniel-jurafsky-and-james-h-martin-837.pdf,384,3222,524,0,0,0,0,False,0,False,False,False,False,0,NONE
speech-and-language-processing-daniel-jurafsky-and-james-h-martin-837.pdf,385,3074,489,0,0,0,0,False,0,False,False,False,False,0,NONE
speech-and-language-processing-daniel-jurafsky-and-james-h-martin-837.pdf,386,1661,265,0,0,0,0,False,0,False,False,False,False,0,NONE
speech-and-language-processing-daniel-jurafsky-and-james-h-martin-837.pdf,387,2340,356,0,0,0,0,False,0,False,False,False,False,0,NONE
speech-and-language-processing-daniel-jurafsky-and-james-h-martin-837.pdf,388,243,34,0,0,0,0,False,0,False,False,False,False,0,NONE
speech-and-language-processing-daniel-jurafsky-and-james-h-martin-837.pdf,389,0,0,0,0,0,0,True,0,False,False,False,True,0,"Sparse text (0 chars, cover/blank page)"
speech-and-language-processing-daniel-jurafsky-and-james-h-martin-837.pdf,390,3153,504,0,0,0,0,False,0,False,False,False,False,0,NONE
speech-and-language-processing-daniel-jurafsky-and-james-h-martin-837.pdf,391,5141,640,0,0,0,0,False,1,False,False,False,False,1,NONE
speech-and-language-processing-daniel-jurafsky-and-james-h-martin-837.pdf,392,4080,634,0,0,0,0,False,0,False,False,False,False,0,NONE
speech-and-language-processing-daniel-jurafsky-and-james-h-martin-837.pdf,393,4785,496,0,0,0,0,False,3,False,False,False,False,1,NONE
speech-and-language-processing-daniel-jurafsky-and-james-h-martin-837.pdf,394,2776,441,0,0,0,0,False,4,False,False,False,False,3,NONE
speech-and-language-processing-daniel-jurafsky-and-james-h-martin-837.pdf,395,3657,547,0,0,0,0,False,2,False,False,False,False,1,NONE
speech-and-language-processing-daniel-jurafsky-and-james-h-martin-837.pdf,396,3603,560,0,0,0,0,False,4,False,False,False,False,2,NONE
speech-and-language-processing-daniel-jurafsky-and-james-h-martin-837.pdf,397,10004,1349,10,0,0,0,False,10,False,False,False,False,1,NONE
speech-and-language-processing-daniel-jurafsky-and-james-h-martin-837.pdf,398,3027,495,0,0,0,0,False,2,False,False,False,False,2,NONE
speech-and-language-processing-daniel-jurafsky-and-james-h-martin-837.pdf,399,2902,379,10,0,0,0,False,2,False,False,False,False,2,NONE
speech-and-language-processing-daniel-jurafsky-and-james-h-martin-837.pdf,400,2125,357,0,0,0,0,False,1,False,False,False,False,0,NONE
speech-and-language-processing-daniel-jurafsky-and-james-h-martin-837.pdf,401,2899,443,0,0,0,0,False,4,False,False,False,False,1,NONE
speech-and-language-processing-daniel-jurafsky-and-james-h-martin-837.pdf,402,4514,295,12,0,0,0,False,5,False,False,False,False,2,NONE
speech-and-language-processing-daniel-jurafsky-and-james-h-martin-837.pdf,403,2688,428,82,0,0,0,False,6,False,False,False,False,3,NONE
speech-and-language-processing-daniel-jurafsky-and-james-h-martin-837.pdf,404,3064,543,0,0,0,0,False,2,False,False,False,False,0,NONE
speech-and-language-processing-daniel-jurafsky-and-james-h-martin-837.pdf,405,2577,456,0,0,0,0,False,0,False,False,False,False,0,NONE
speech-and-language-processing-daniel-jurafsky-and-james-h-martin-837.pdf,406,2978,517,0,0,0,0,False,0,False,False,False,False,0,NONE
speech-and-language-processing-daniel-jurafsky-and-james-h-martin-837.pdf,407,2538,399,0,0,0,0,False,2,False,False,False,False,1,NONE
speech-and-language-processing-daniel-jurafsky-and-james-h-martin-837.pdf,408,2370,281,0,0,0,0,False,2,False,False,False,False,1,NONE
speech-and-language-processing-daniel-jurafsky-and-james-h-martin-837.pdf,409,2815,478,0,0,0,0,False,1,False,False,False,False,0,NONE
speech-and-language-processing-daniel-jurafsky-and-james-h-martin-837.pdf,410,3527,533,0,0,0,0,False,0,False,False,False,False,0,NONE
speech-and-language-processing-daniel-jurafsky-and-james-h-martin-837.pdf,411,2738,429,0,0,0,0,False,0,False,False,False,False,0,NONE
speech-and-language-processing-daniel-jurafsky-and-james-h-martin-837.pdf,412,3885,601,0,0,0,0,False,0,False,False,False,False,0,NONE
speech-and-language-processing-daniel-jurafsky-and-james-h-martin-837.pdf,413,3127,511,0,0,0,0,False,0,False,False,False,False,0,NONE
speech-and-language-processing-daniel-jurafsky-and-james-h-martin-837.pdf,414,2636,460,0,0,0,0,False,0,False,False,False,False,0,NONE
speech-and-language-processing-daniel-jurafsky-and-james-h-martin-837.pdf,415,2974,472,0,0,0,0,False,0,False,False,False,False,0,NONE
speech-and-language-processing-daniel-jurafsky-and-james-h-martin-837.pdf,416,2428,404,0,0,0,0,False,0,False,False,False,False,2,NONE
speech-and-language-processing-daniel-jurafsky-and-james-h-martin-837.pdf,417,2442,423,0,0,0,0,False,3,False,False,False,False,1,NONE
speech-and-language-processing-daniel-jurafsky-and-james-h-martin-837.pdf,418,2517,432,0,0,0,0,False,3,False,False,False,False,2,NONE
speech-and-language-processing-daniel-jurafsky-and-james-h-martin-837.pdf,419,3428,460,0,0,0,0,False,4,False,False,False,False,2,NONE
speech-and-language-processing-daniel-jurafsky-and-james-h-martin-837.pdf,420,2177,364,0,0,0,0,False,0,False,False,False,False,2,NONE
speech-and-language-processing-daniel-jurafsky-and-james-h-martin-837.pdf,421,1767,268,0,0,0,0,False,6,False,False,False,False,2,NONE
speech-and-language-processing-daniel-jurafsky-and-james-h-martin-837.pdf,422,2838,491,0,0,0,0,False,6,False,False,False,False,1,NONE
speech-and-language-processing-daniel-jurafsky-and-james-h-martin-837.pdf,423,2010,327,0,0,0,0,False,2,False,False,False,False,1,NONE
speech-and-language-processing-daniel-jurafsky-and-james-h-martin-837.pdf,424,2907,481,0,0,0,0,False,3,False,False,False,False,1,NONE
speech-and-language-processing-daniel-jurafsky-and-james-h-martin-837.pdf,425,3469,568,0,0,0,0,False,0,False,False,False,False,0,NONE
speech-and-language-processing-daniel-jurafsky-and-james-h-martin-837.pdf,426,3066,533,0,0,0,0,False,2,False,False,False,False,0,NONE
speech-and-language-processing-daniel-jurafsky-and-james-h-martin-837.pdf,427,3100,533,0,0,0,0,False,6,False,False,False,False,1,NONE
speech-and-language-processing-daniel-jurafsky-and-james-h-martin-837.pdf,428,3356,401,120,0,0,0,False,6,False,False,False,False,3,NONE
speech-and-language-processing-daniel-jurafsky-and-james-h-martin-837.pdf,429,1867,265,2,0,0,0,False,1,False,False,False,False,3,NONE
speech-and-language-processing-daniel-jurafsky-and-james-h-martin-837.pdf,430,7666,275,28,0,0,0,False,0,False,False,False,False,6,NONE
speech-and-language-processing-daniel-jurafsky-and-james-h-martin-837.pdf,431,2104,323,30,0,0,0,False,3,False,False,False,False,2,NONE
speech-and-language-processing-daniel-jurafsky-and-james-h-martin-837.pdf,432,2821,500,0,0,0,0,False,0,False,False,False,False,0,NONE
speech-and-language-processing-daniel-jurafsky-and-james-h-martin-837.pdf,433,2664,458,0,0,0,0,False,0,False,False,False,False,0,NONE
speech-and-language-processing-daniel-jurafsky-and-james-h-martin-837.pdf,434,2348,375,0,0,0,0,False,2,False,False,False,False,1,NONE
speech-and-language-processing-daniel-jurafsky-and-james-h-martin-837.pdf,435,3085,541,0,0,0,0,False,4,False,False,False,False,1,NONE
speech-and-language-processing-daniel-jurafsky-and-james-h-martin-837.pdf,436,3121,457,0,0,0,0,False,0,False,False,False,False,0,NONE
speech-and-language-processing-daniel-jurafsky-and-james-h-martin-837.pdf,437,3473,536,0,0,0,0,False,0,False,False,False,False,0,NONE
speech-and-language-processing-daniel-jurafsky-and-james-h-martin-837.pdf,438,675,108,0,0,0,0,False,1,False,False,False,False,0,NONE
speech-and-language-processing-daniel-jurafsky-and-james-h-martin-837.pdf,439,2777,420,0,0,0,0,False,1,False,False,False,False,0,NONE
speech-and-language-processing-daniel-jurafsky-and-james-h-martin-837.pdf,440,2199,320,0,0,0,0,False,1,False,False,False,False,1,NONE
speech-and-language-processing-daniel-jurafsky-and-james-h-martin-837.pdf,441,3068,389,0,0,0,0,False,3,False,False,False,False,1,NONE
speech-and-language-processing-daniel-jurafsky-and-james-h-martin-837.pdf,442,3119,466,0,0,0,0,False,1,False,False,False,False,1,NONE
speech-and-language-processing-daniel-jurafsky-and-james-h-martin-837.pdf,443,2280,335,0,0,0,0,False,0,False,False,False,False,1,NONE
speech-and-language-processing-daniel-jurafsky-and-james-h-martin-837.pdf,444,2320,361,18,0,0,0,False,3,False,False,False,False,2,NONE
speech-and-language-processing-daniel-jurafsky-and-james-h-martin-837.pdf,445,3275,520,0,0,0,0,False,2,False,False,False,False,1,NONE
speech-and-language-processing-daniel-jurafsky-and-james-h-martin-837.pdf,446,2213,338,0,0,0,0,False,2,False,False,False,False,5,NONE
speech-and-language-processing-daniel-jurafsky-and-james-h-martin-837.pdf,447,3734,491,0,0,0,0,False,3,False,False,False,False,1,NONE
speech-and-language-processing-daniel-jurafsky-and-james-h-martin-837.pdf,448,2928,384,0,0,0,0,False,3,False,False,False,False,1,NONE
speech-and-language-processing-daniel-jurafsky-and-james-h-martin-837.pdf,449,3008,468,0,0,0,0,False,0,False,False,False,False,0,NONE
speech-and-language-processing-daniel-jurafsky-and-james-h-martin-837.pdf,450,2126,338,10,0,0,0,False,3,False,False,False,False,3,NONE
speech-and-language-processing-daniel-jurafsky-and-james-h-martin-837.pdf,451,3168,548,0,0,0,0,False,2,False,False,False,False,0,NONE
speech-and-language-processing-daniel-jurafsky-and-james-h-martin-837.pdf,452,4014,545,0,0,0,0,False,3,False,False,False,False,1,NONE
speech-and-language-processing-daniel-jurafsky-and-james-h-martin-837.pdf,453,2250,277,0,0,0,0,False,2,False,False,False,False,1,NONE
speech-and-language-processing-daniel-jurafsky-and-james-h-martin-837.pdf,454,2847,477,0,0,0,0,False,2,False,False,False,False,2,NONE
speech-and-language-processing-daniel-jurafsky-and-james-h-martin-837.pdf,455,3846,670,0,0,0,0,False,2,False,False,False,False,0,NONE
speech-and-language-processing-daniel-jurafsky-and-james-h-martin-837.pdf,456,1842,260,0,0,0,0,False,2,False,False,False,False,1,NONE
speech-and-language-processing-daniel-jurafsky-and-james-h-martin-837.pdf,457,2061,330,0,0,0,0,False,2,False,False,False,False,2,NONE
speech-and-language-processing-daniel-jurafsky-and-james-h-martin-837.pdf,458,2709,369,0,0,0,0,False,3,False,False,False,False,4,NONE
speech-and-language-processing-daniel-jurafsky-and-james-h-martin-837.pdf,459,3314,549,0,0,0,0,False,1,False,False,False,False,0,NONE
speech-and-language-processing-daniel-jurafsky-and-james-h-martin-837.pdf,460,2285,344,0,0,0,0,False,2,False,False,False,False,1,NONE
speech-and-language-processing-daniel-jurafsky-and-james-h-martin-837.pdf,461,3519,518,0,0,0,0,False,0,False,False,False,False,0,NONE
speech-and-language-processing-daniel-jurafsky-and-james-h-martin-837.pdf,462,1119,171,0,0,0,0,False,0,False,False,False,False,0,NONE
speech-and-language-processing-daniel-jurafsky-and-james-h-martin-837.pdf,463,3106,489,0,0,0,0,False,0,False,False,False,False,0,NONE
speech-and-language-processing-daniel-jurafsky-and-james-h-martin-837.pdf,464,2201,270,0,0,0,0,False,2,False,False,False,False,2,NONE
speech-and-language-processing-daniel-jurafsky-and-james-h-martin-837.pdf,465,3395,422,0,0,0,0,False,1,False,False,False,False,2,NONE
speech-and-language-processing-daniel-jurafsky-and-james-h-martin-837.pdf,466,2513,373,0,0,0,0,False,2,False,False,False,False,0,NONE
speech-and-language-processing-daniel-jurafsky-and-james-h-martin-837.pdf,467,3078,469,0,0,0,0,False,3,False,False,False,False,1,NONE
speech-and-language-processing-daniel-jurafsky-and-james-h-martin-837.pdf,468,2709,427,0,0,0,0,False,2,False,False,False,False,1,NONE
speech-and-language-processing-daniel-jurafsky-and-james-h-martin-837.pdf,469,2624,389,0,0,0,0,False,4,False,False,False,False,2,NONE
speech-and-language-processing-daniel-jurafsky-and-james-h-martin-837.pdf,470,2993,493,0,0,0,0,False,0,False,False,False,False,0,NONE
speech-and-language-processing-daniel-jurafsky-and-james-h-martin-837.pdf,471,2984,461,0,0,0,0,False,0,False,False,False,False,0,NONE
speech-and-language-processing-daniel-jurafsky-and-james-h-martin-837.pdf,472,3183,472,0,0,0,0,False,3,False,False,False,False,1,NONE
speech-and-language-processing-daniel-jurafsky-and-james-h-martin-837.pdf,473,2786,474,0,0,0,0,False,2,False,False,False,False,1,NONE
speech-and-language-processing-daniel-jurafsky-and-james-h-martin-837.pdf,474,3328,568,0,0,0,0,False,0,False,False,False,False,0,NONE
speech-and-language-processing-daniel-jurafsky-and-james-h-martin-837.pdf,475,3915,576,0,0,0,0,False,2,False,False,False,False,1,NONE
speech-and-language-processing-daniel-jurafsky-and-james-h-martin-837.pdf,476,2656,387,0,0,0,0,False,1,False,False,False,False,1,NONE
speech-and-language-processing-daniel-jurafsky-and-james-h-martin-837.pdf,477,2260,303,0,0,0,0,False,1,False,False,False,False,1,NONE
speech-and-language-processing-daniel-jurafsky-and-james-h-martin-837.pdf,478,3205,512,0,0,0,0,False,0,False,False,False,False,0,NONE
speech-and-language-processing-daniel-jurafsky-and-james-h-martin-837.pdf,479,2756,424,0,0,0,0,False,1,False,False,False,False,0,NONE
speech-and-language-processing-daniel-jurafsky-and-james-h-martin-837.pdf,480,2555,351,0,0,0,0,False,5,False,False,False,False,2,NONE
speech-and-language-processing-daniel-jurafsky-and-james-h-martin-837.pdf,481,3131,397,0,0,0,0,False,3,False,False,False,False,2,NONE
speech-and-language-processing-daniel-jurafsky-and-james-h-martin-837.pdf,482,3892,588,0,0,0,0,False,4,False,False,False,False,2,NONE
speech-and-language-processing-daniel-jurafsky-and-james-h-martin-837.pdf,483,3687,605,0,0,0,0,False,0,False,False,False,False,0,NONE
speech-and-language-processing-daniel-jurafsky-and-james-h-martin-837.pdf,484,3186,477,0,0,0,0,False,0,False,False,False,False,0,NONE
speech-and-language-processing-daniel-jurafsky-and-james-h-martin-837.pdf,485,3670,522,0,0,0,0,False,3,False,False,False,False,1,NONE
speech-and-language-processing-daniel-jurafsky-and-james-h-martin-837.pdf,486,3173,338,0,0,0,0,False,4,False,False,False,False,2,NONE
speech-and-language-processing-daniel-jurafsky-and-james-h-martin-837.pdf,487,3079,475,0,0,0,0,False,0,False,False,False,False,0,NONE
speech-and-language-processing-daniel-jurafsky-and-james-h-martin-837.pdf,488,1392,210,0,0,0,0,False,0,False,False,False,False,0,NONE
speech-and-language-processing-daniel-jurafsky-and-james-h-martin-837.pdf,489,2748,439,2,0,0,0,False,0,False,False,False,False,0,NONE
speech-and-language-processing-daniel-jurafsky-and-james-h-martin-837.pdf,490,3412,498,0,0,0,0,False,1,False,False,False,False,1,NONE
speech-and-language-processing-daniel-jurafsky-and-james-h-martin-837.pdf,491,3053,410,0,0,0,0,False,1,False,False,False,False,1,NONE
speech-and-language-processing-daniel-jurafsky-and-james-h-martin-837.pdf,492,3372,535,0,0,0,0,False,0,False,False,False,False,0,NONE
speech-and-language-processing-daniel-jurafsky-and-james-h-martin-837.pdf,493,2492,400,0,0,0,0,False,0,False,False,False,False,0,NONE
speech-and-language-processing-daniel-jurafsky-and-james-h-martin-837.pdf,494,2814,464,0,0,0,0,False,0,False,False,False,False,0,NONE
speech-and-language-processing-daniel-jurafsky-and-james-h-martin-837.pdf,495,3300,507,0,0,0,0,False,2,False,False,False,False,1,NONE
speech-and-language-processing-daniel-jurafsky-and-james-h-martin-837.pdf,496,2933,401,0,0,0,0,False,1,False,False,False,False,1,NONE
speech-and-language-processing-daniel-jurafsky-and-james-h-martin-837.pdf,497,2452,361,0,0,0,0,False,6,False,False,False,False,2,NONE
speech-and-language-processing-daniel-jurafsky-and-james-h-martin-837.pdf,498,3316,532,0,0,0,0,False,5,False,False,False,False,0,NONE
speech-and-language-processing-daniel-jurafsky-and-james-h-martin-837.pdf,499,2460,411,0,0,0,0,False,3,False,False,False,False,1,NONE
speech-and-language-processing-daniel-jurafsky-and-james-h-martin-837.pdf,500,3206,502,0,0,0,0,False,0,False,False,False,False,0,NONE
speech-and-language-processing-daniel-jurafsky-and-james-h-martin-837.pdf,501,3360,510,0,0,0,0,False,1,False,False,False,False,0,NONE
speech-and-language-processing-daniel-jurafsky-and-james-h-martin-837.pdf,502,2877,420,0,0,0,0,False,1,False,False,False,False,1,NONE
speech-and-language-processing-daniel-jurafsky-and-james-h-martin-837.pdf,503,2453,357,0,0,0,0,False,0,False,False,False,False,1,NONE
speech-and-language-processing-daniel-jurafsky-and-james-h-martin-837.pdf,504,3125,476,0,0,0,0,False,0,False,False,False,False,0,NONE
speech-and-language-processing-daniel-jurafsky-and-james-h-martin-837.pdf,505,3141,433,0,0,0,0,False,2,False,False,False,False,1,NONE
speech-and-language-processing-daniel-jurafsky-and-james-h-martin-837.pdf,506,3414,506,0,0,0,0,False,0,False,False,False,False,0,NONE
speech-and-language-processing-daniel-jurafsky-and-james-h-martin-837.pdf,507,3877,636,0,0,0,0,False,0,False,False,False,False,0,NONE
speech-and-language-processing-daniel-jurafsky-and-james-h-martin-837.pdf,508,822,127,0,0,0,0,False,0,False,False,False,False,0,NONE
speech-and-language-processing-daniel-jurafsky-and-james-h-martin-837.pdf,509,3919,508,0,0,0,0,False,3,False,False,False,False,1,NONE
speech-and-language-processing-daniel-jurafsky-and-james-h-martin-837.pdf,510,3694,571,0,0,0,0,False,0,False,False,False,False,0,NONE
speech-and-language-processing-daniel-jurafsky-and-james-h-martin-837.pdf,511,2024,320,16,0,0,0,False,2,False,False,False,False,1,NONE
speech-and-language-processing-daniel-jurafsky-and-james-h-martin-837.pdf,512,3608,429,0,0,0,0,False,4,False,False,False,False,2,NONE
speech-and-language-processing-daniel-jurafsky-and-james-h-martin-837.pdf,513,3326,318,0,0,0,0,False,4,False,False,False,False,2,NONE
speech-and-language-processing-daniel-jurafsky-and-james-h-martin-837.pdf,514,3955,409,0,0,0,0,False,2,False,False,False,False,1,NONE
speech-and-language-processing-daniel-jurafsky-and-james-h-martin-837.pdf,515,4025,533,0,0,0,0,False,0,False,False,False,False,1,NONE
speech-and-language-processing-daniel-jurafsky-and-james-h-martin-837.pdf,516,2444,430,0,1,4,0,False,0,False,False,False,True,0,Contains 1 NUL (0x00) bytes
speech-and-language-processing-daniel-jurafsky-and-james-h-martin-837.pdf,517,3304,430,48,0,0,0,False,3,False,False,False,False,2,NONE
speech-and-language-processing-daniel-jurafsky-and-james-h-martin-837.pdf,518,3603,499,0,0,0,0,False,2,False,False,False,False,1,NONE
speech-and-language-processing-daniel-jurafsky-and-james-h-martin-837.pdf,519,4837,781,0,0,0,0,False,3,False,False,False,False,1,NONE
speech-and-language-processing-daniel-jurafsky-and-james-h-martin-837.pdf,520,2771,441,11,0,0,0,False,5,False,False,False,False,1,NONE
speech-and-language-processing-daniel-jurafsky-and-james-h-martin-837.pdf,521,4012,576,11,0,0,0,False,0,False,False,False,False,4,NONE
speech-and-language-processing-daniel-jurafsky-and-james-h-martin-837.pdf,522,2838,515,0,0,14,0,False,1,False,False,False,False,0,NONE
speech-and-language-processing-daniel-jurafsky-and-james-h-martin-837.pdf,523,8351,834,0,0,0,0,False,2,False,False,False,False,1,NONE
speech-and-language-processing-daniel-jurafsky-and-james-h-martin-837.pdf,524,2693,459,0,0,1,0,False,0,False,False,False,False,0,NONE
speech-and-language-processing-daniel-jurafsky-and-james-h-martin-837.pdf,525,2721,451,0,0,0,0,False,1,False,False,False,False,0,NONE
speech-and-language-processing-daniel-jurafsky-and-james-h-martin-837.pdf,526,8141,805,4,0,0,0,False,9,False,False,False,False,2,NONE
speech-and-language-processing-daniel-jurafsky-and-james-h-martin-837.pdf,527,2322,345,0,0,0,0,False,2,False,False,False,False,1,NONE
speech-and-language-processing-daniel-jurafsky-and-james-h-martin-837.pdf,528,3191,504,0,0,0,0,False,0,False,False,False,False,0,NONE
speech-and-language-processing-daniel-jurafsky-and-james-h-martin-837.pdf,529,3173,513,0,0,0,0,False,1,False,False,False,False,0,NONE
speech-and-language-processing-daniel-jurafsky-and-james-h-martin-837.pdf,530,3289,503,2,0,0,0,False,2,False,False,False,False,1,NONE
speech-and-language-processing-daniel-jurafsky-and-james-h-martin-837.pdf,531,3419,566,0,0,0,0,False,0,False,False,False,False,0,NONE
speech-and-language-processing-daniel-jurafsky-and-james-h-martin-837.pdf,532,2955,486,0,0,0,0,False,0,False,False,False,False,0,NONE
speech-and-language-processing-daniel-jurafsky-and-james-h-martin-837.pdf,533,2795,445,0,0,0,0,False,0,False,False,False,False,0,NONE
speech-and-language-processing-daniel-jurafsky-and-james-h-martin-837.pdf,534,3379,548,0,0,0,0,False,0,False,False,False,False,0,NONE
speech-and-language-processing-daniel-jurafsky-and-james-h-martin-837.pdf,535,3131,491,0,0,0,0,False,0,False,False,False,False,0,NONE
speech-and-language-processing-daniel-jurafsky-and-james-h-martin-837.pdf,536,3390,553,0,0,0,0,False,0,False,False,False,False,0,NONE
speech-and-language-processing-daniel-jurafsky-and-james-h-martin-837.pdf,537,2843,461,0,0,0,0,False,0,False,False,False,False,0,NONE
speech-and-language-processing-daniel-jurafsky-and-james-h-martin-837.pdf,538,3663,553,0,0,0,0,False,0,False,False,False,False,0,NONE
speech-and-language-processing-daniel-jurafsky-and-james-h-martin-837.pdf,539,3248,469,0,0,0,0,False,0,False,False,False,False,2,NONE
speech-and-language-processing-daniel-jurafsky-and-james-h-martin-837.pdf,540,3880,598,0,0,0,0,False,0,False,False,False,False,1,NONE
speech-and-language-processing-daniel-jurafsky-and-james-h-martin-837.pdf,541,2579,356,0,0,0,0,False,1,False,False,False,False,1,NONE
speech-and-language-processing-daniel-jurafsky-and-james-h-martin-837.pdf,542,3203,519,0,0,0,0,False,1,False,False,False,False,0,NONE
speech-and-language-processing-daniel-jurafsky-and-james-h-martin-837.pdf,543,3345,511,0,0,0,0,False,1,False,False,False,False,0,NONE
speech-and-language-processing-daniel-jurafsky-and-james-h-martin-837.pdf,544,4955,584,0,0,0,0,False,2,False,False,False,False,1,NONE
speech-and-language-processing-daniel-jurafsky-and-james-h-martin-837.pdf,545,3052,521,0,0,0,0,False,0,False,False,False,False,0,NONE
speech-and-language-processing-daniel-jurafsky-and-james-h-martin-837.pdf,546,2616,371,0,0,0,0,False,3,False,False,False,False,1,NONE
speech-and-language-processing-daniel-jurafsky-and-james-h-martin-837.pdf,547,2188,364,4,0,0,0,False,7,False,False,False,False,1,NONE
speech-and-language-processing-daniel-jurafsky-and-james-h-martin-837.pdf,548,3090,500,0,0,0,0,False,0,False,False,False,False,0,NONE
speech-and-language-processing-daniel-jurafsky-and-james-h-martin-837.pdf,549,3499,575,0,0,0,0,False,0,False,False,False,False,0,NONE
speech-and-language-processing-daniel-jurafsky-and-james-h-martin-837.pdf,550,2461,420,0,0,0,0,False,1,False,False,False,False,0,NONE
speech-and-language-processing-daniel-jurafsky-and-james-h-martin-837.pdf,551,1803,296,2,0,0,0,False,2,False,False,False,False,1,NONE
speech-and-language-processing-daniel-jurafsky-and-james-h-martin-837.pdf,552,3196,551,0,1,2,0,False,0,False,False,False,True,0,Contains 1 NUL (0x00) bytes
speech-and-language-processing-daniel-jurafsky-and-james-h-martin-837.pdf,553,3246,528,0,0,0,0,False,0,False,False,False,False,0,NONE
speech-and-language-processing-daniel-jurafsky-and-james-h-martin-837.pdf,554,3137,486,0,0,0,0,False,0,False,False,False,False,0,NONE
speech-and-language-processing-daniel-jurafsky-and-james-h-martin-837.pdf,555,3114,472,0,0,0,0,False,0,False,False,False,False,0,NONE
speech-and-language-processing-daniel-jurafsky-and-james-h-martin-837.pdf,556,3239,507,0,0,0,0,False,0,False,False,False,False,0,NONE
speech-and-language-processing-daniel-jurafsky-and-james-h-martin-837.pdf,557,3835,603,0,0,0,0,False,0,False,False,False,False,0,NONE
speech-and-language-processing-daniel-jurafsky-and-james-h-martin-837.pdf,558,3342,518,0,0,0,0,False,0,False,False,False,False,0,NONE
speech-and-language-processing-daniel-jurafsky-and-james-h-martin-837.pdf,559,3029,485,0,0,0,0,False,0,False,False,False,False,0,NONE
speech-and-language-processing-daniel-jurafsky-and-james-h-martin-837.pdf,560,3663,584,0,0,0,0,False,0,False,False,False,False,0,NONE
speech-and-language-processing-daniel-jurafsky-and-james-h-martin-837.pdf,561,2878,457,0,0,0,0,False,0,False,False,False,False,0,NONE
speech-and-language-processing-daniel-jurafsky-and-james-h-martin-837.pdf,562,6130,579,0,0,0,0,False,4,False,False,False,False,1,NONE
speech-and-language-processing-daniel-jurafsky-and-james-h-martin-837.pdf,563,3484,543,0,0,0,0,False,3,False,False,False,False,0,NONE
speech-and-language-processing-daniel-jurafsky-and-james-h-martin-837.pdf,564,3143,392,0,0,0,0,False,2,False,False,False,False,2,NONE
speech-and-language-processing-daniel-jurafsky-and-james-h-martin-837.pdf,565,2322,383,0,0,0,0,False,4,False,False,False,False,1,NONE
speech-and-language-processing-daniel-jurafsky-and-james-h-martin-837.pdf,566,3065,405,0,0,0,0,False,5,False,False,False,False,2,NONE
speech-and-language-processing-daniel-jurafsky-and-james-h-martin-837.pdf,567,2950,483,0,0,0,0,False,1,False,False,False,False,0,NONE
speech-and-language-processing-daniel-jurafsky-and-james-h-martin-837.pdf,568,3093,505,0,0,0,0,False,0,False,False,False,False,0,NONE
speech-and-language-processing-daniel-jurafsky-and-james-h-martin-837.pdf,569,3628,579,0,0,0,0,False,2,False,False,False,False,2,NONE
speech-and-language-processing-daniel-jurafsky-and-james-h-martin-837.pdf,570,2946,490,0,0,0,0,False,2,False,False,False,False,0,NONE
speech-and-language-processing-daniel-jurafsky-and-james-h-martin-837.pdf,571,5313,785,0,0,0,0,False,13,False,False,False,False,3,NONE
speech-and-language-processing-daniel-jurafsky-and-james-h-martin-837.pdf,572,3416,552,0,0,0,0,False,0,False,False,False,False,0,NONE
speech-and-language-processing-daniel-jurafsky-and-james-h-martin-837.pdf,573,3279,524,0,0,0,0,False,1,False,False,False,False,0,NONE
speech-and-language-processing-daniel-jurafsky-and-james-h-martin-837.pdf,574,2287,381,1,0,0,0,False,3,False,False,False,False,1,NONE
speech-and-language-processing-daniel-jurafsky-and-james-h-martin-837.pdf,575,3642,559,0,0,0,0,False,1,False,False,False,False,0,NONE
speech-and-language-processing-daniel-jurafsky-and-james-h-martin-837.pdf,576,2574,369,0,0,0,0,False,2,False,False,False,False,1,NONE
speech-and-language-processing-daniel-jurafsky-and-james-h-martin-837.pdf,577,3536,507,0,0,0,0,False,2,False,False,False,False,1,NONE
speech-and-language-processing-daniel-jurafsky-and-james-h-martin-837.pdf,578,3346,529,0,0,0,0,False,0,False,False,False,False,0,NONE
speech-and-language-processing-daniel-jurafsky-and-james-h-martin-837.pdf,579,3715,575,0,0,0,0,False,0,False,False,False,False,0,NONE
speech-and-language-processing-daniel-jurafsky-and-james-h-martin-837.pdf,580,494,75,0,0,0,0,False,0,False,False,False,False,0,NONE
speech-and-language-processing-daniel-jurafsky-and-james-h-martin-837.pdf,581,2295,370,0,0,0,0,False,2,False,False,False,False,1,NONE
speech-and-language-processing-daniel-jurafsky-and-james-h-martin-837.pdf,582,3252,540,0,0,0,0,False,1,False,False,False,False,0,NONE
speech-and-language-processing-daniel-jurafsky-and-james-h-martin-837.pdf,583,3382,528,0,0,0,0,False,0,False,False,False,False,1,NONE
speech-and-language-processing-daniel-jurafsky-and-james-h-martin-837.pdf,584,3217,521,0,0,0,0,False,0,False,False,False,False,0,NONE
speech-and-language-processing-daniel-jurafsky-and-james-h-martin-837.pdf,585,3391,565,0,0,0,0,False,3,False,False,False,False,0,NONE
speech-and-language-processing-daniel-jurafsky-and-james-h-martin-837.pdf,586,3730,462,0,0,0,0,False,2,False,False,False,False,2,NONE
speech-and-language-processing-daniel-jurafsky-and-james-h-martin-837.pdf,587,3460,383,0,0,0,0,False,2,False,False,False,False,3,NONE
speech-and-language-processing-daniel-jurafsky-and-james-h-martin-837.pdf,588,1143,195,0,0,0,0,False,2,False,False,False,False,0,NONE
speech-and-language-processing-daniel-jurafsky-and-james-h-martin-837.pdf,589,5756,892,0,0,0,0,False,0,False,False,False,False,0,NONE
speech-and-language-processing-daniel-jurafsky-and-james-h-martin-837.pdf,590,6479,994,0,0,0,0,False,0,False,False,False,False,0,NONE
speech-and-language-processing-daniel-jurafsky-and-james-h-martin-837.pdf,591,6344,963,0,0,0,0,False,0,False,False,False,False,0,NONE
speech-and-language-processing-daniel-jurafsky-and-james-h-martin-837.pdf,592,6534,1040,0,0,0,0,False,0,False,False,False,False,0,NONE
speech-and-language-processing-daniel-jurafsky-and-james-h-martin-837.pdf,593,6042,919,0,0,0,0,False,0,False,False,False,False,0,NONE
speech-and-language-processing-daniel-jurafsky-and-james-h-martin-837.pdf,594,6392,994,0,0,0,0,False,0,False,False,False,False,0,NONE
speech-and-language-processing-daniel-jurafsky-and-james-h-martin-837.pdf,595,6356,957,0,0,0,0,False,0,False,False,False,False,0,NONE
speech-and-language-processing-daniel-jurafsky-and-james-h-martin-837.pdf,596,6167,941,0,0,0,0,False,0,False,False,False,False,0,NONE
speech-and-language-processing-daniel-jurafsky-and-james-h-martin-837.pdf,597,6302,990,0,0,0,0,False,0,False,False,False,False,0,NONE
speech-and-language-processing-daniel-jurafsky-and-james-h-martin-837.pdf,598,6168,917,0,0,0,0,False,0,False,False,False,False,0,NONE
speech-and-language-processing-daniel-jurafsky-and-james-h-martin-837.pdf,599,6288,924,0,0,0,0,False,0,False,False,False,False,0,NONE
speech-and-language-processing-daniel-jurafsky-and-james-h-martin-837.pdf,600,6278,940,0,0,0,0,False,0,False,False,False,False,0,NONE
speech-and-language-processing-daniel-jurafsky-and-james-h-martin-837.pdf,601,6432,982,0,0,0,0,False,0,False,False,False,False,0,NONE
speech-and-language-processing-daniel-jurafsky-and-james-h-martin-837.pdf,602,6301,925,0,0,0,0,False,0,False,False,False,False,0,NONE
speech-and-language-processing-daniel-jurafsky-and-james-h-martin-837.pdf,603,6304,974,0,0,0,0,False,0,False,False,False,False,0,NONE
speech-and-language-processing-daniel-jurafsky-and-james-h-martin-837.pdf,604,6279,950,0,0,0,0,False,0,False,False,False,False,0,NONE
speech-and-language-processing-daniel-jurafsky-and-james-h-martin-837.pdf,605,6497,1044,0,0,0,0,False,0,False,False,False,False,0,NONE
speech-and-language-processing-daniel-jurafsky-and-james-h-martin-837.pdf,606,6435,954,0,0,0,0,False,0,False,False,False,False,0,NONE
speech-and-language-processing-daniel-jurafsky-and-james-h-martin-837.pdf,607,6378,1010,0,0,0,0,False,0,False,False,False,False,0,NONE
speech-and-language-processing-daniel-jurafsky-and-james-h-martin-837.pdf,608,6180,915,0,0,0,0,False,0,False,False,False,False,0,NONE
speech-and-language-processing-daniel-jurafsky-and-james-h-martin-837.pdf,609,6482,1009,0,0,0,0,False,0,False,False,False,False,0,NONE
speech-and-language-processing-daniel-jurafsky-and-james-h-martin-837.pdf,610,6310,976,0,0,0,0,False,0,False,False,False,False,0,NONE
speech-and-language-processing-daniel-jurafsky-and-james-h-martin-837.pdf,611,6333,956,0,0,0,0,False,0,False,False,False,False,0,NONE
speech-and-language-processing-daniel-jurafsky-and-james-h-martin-837.pdf,612,6296,942,0,0,0,0,False,0,False,False,False,False,0,NONE
speech-and-language-processing-daniel-jurafsky-and-james-h-martin-837.pdf,613,6386,1000,0,0,0,0,False,0,False,False,False,False,0,NONE
speech-and-language-processing-daniel-jurafsky-and-james-h-martin-837.pdf,614,6376,961,0,0,0,0,False,0,False,False,False,False,0,NONE
speech-and-language-processing-daniel-jurafsky-and-james-h-martin-837.pdf,615,6188,912,0,0,0,0,False,0,False,False,False,False,0,NONE
speech-and-language-processing-daniel-jurafsky-and-james-h-martin-837.pdf,616,6185,959,0,0,0,0,False,0,False,False,False,False,0,NONE
speech-and-language-processing-daniel-jurafsky-and-james-h-martin-837.pdf,617,6225,952,0,0,0,0,False,0,False,False,False,False,0,NONE
speech-and-language-processing-daniel-jurafsky-and-james-h-martin-837.pdf,618,3084,483,0,0,0,0,False,0,False,False,False,False,0,NONE
speech-and-language-processing-daniel-jurafsky-and-james-h-martin-837.pdf,619,4175,612,0,0,0,0,False,0,False,False,False,False,0,NONE
speech-and-language-processing-daniel-jurafsky-and-james-h-martin-837.pdf,620,4862,688,0,0,0,0,False,0,False,False,False,False,0,NONE
speech-and-language-processing-daniel-jurafsky-and-james-h-martin-837.pdf,621,4661,676,0,0,0,0,False,0,False,False,False,False,0,NONE
speech-and-language-processing-daniel-jurafsky-and-james-h-martin-837.pdf,622,4639,669,0,0,0,0,False,0,False,False,False,False,0,NONE
speech-and-language-processing-daniel-jurafsky-and-james-h-martin-837.pdf,623,4541,675,0,0,0,0,False,0,False,False,False,False,0,NONE
speech-and-language-processing-daniel-jurafsky-and-james-h-martin-837.pdf,624,4543,630,0,0,0,0,False,0,False,False,False,False,0,NONE
speech-and-language-processing-daniel-jurafsky-and-james-h-martin-837.pdf,625,4482,645,0,0,0,0,False,0,False,False,False,False,0,NONE
speech-and-language-processing-daniel-jurafsky-and-james-h-martin-837.pdf,626,489,80,0,0,0,0,False,0,False,False,False,False,0,NONE
